ISO-10303-21;
HEADER;
FILE_DESCRIPTION(('KiCad electronic assembly'),'2;1');
FILE_NAME('videoOSD.step','2026-02-04T14:34:31',('Pcbnew'),('Kicad'),
  'Open CASCADE STEP processor 7.6','KiCad to STEP converter','Unknown'
  );
FILE_SCHEMA(('AUTOMOTIVE_DESIGN { 1 0 10303 214 1 1 1 1 }'));
ENDSEC;
DATA;
#1 = APPLICATION_PROTOCOL_DEFINITION('international standard',
  'automotive_design',2000,#2);
#2 = APPLICATION_CONTEXT(
  'core data for automotive mechanical design processes');
#3 = SHAPE_DEFINITION_REPRESENTATION(#4,#10);
#4 = PRODUCT_DEFINITION_SHAPE('','',#5);
#5 = PRODUCT_DEFINITION('design','',#6,#9);
#6 = PRODUCT_DEFINITION_FORMATION('','',#7);
#7 = PRODUCT('videoOSD 1','videoOSD 1','',(#8));
#8 = PRODUCT_CONTEXT('',#2,'mechanical');
#9 = PRODUCT_DEFINITION_CONTEXT('part definition',#2,'design');
#10 = SHAPE_REPRESENTATION('',(#11,#15,#19,#23,#27,#31,#35,#39,#43,#47,
    #51,#55,#59),#63);
#11 = AXIS2_PLACEMENT_3D('',#12,#13,#14);
#12 = CARTESIAN_POINT('',(0.,0.,0.));
#13 = DIRECTION('',(0.,0.,1.));
#14 = DIRECTION('',(1.,0.,-0.));
#15 = AXIS2_PLACEMENT_3D('',#16,#17,#18);
#16 = CARTESIAN_POINT('',(-2.5,-10.,1.595));
#17 = DIRECTION('',(0.,0.,1.));
#18 = DIRECTION('',(-1.,1.224646799147E-16,0.));
#19 = AXIS2_PLACEMENT_3D('',#20,#21,#22);
#20 = CARTESIAN_POINT('',(4.24,6.25,1.595));
#21 = DIRECTION('',(0.,0.,1.));
#22 = DIRECTION('',(-1.,1.224646799147E-16,0.));
#23 = AXIS2_PLACEMENT_3D('',#24,#25,#26);
#24 = CARTESIAN_POINT('',(-2.,-7.725,1.595));
#25 = DIRECTION('',(-0.,0.,1.));
#26 = DIRECTION('',(1.110223024625E-16,-1.,0.));
#27 = AXIS2_PLACEMENT_3D('',#28,#29,#30);
#28 = CARTESIAN_POINT('',(-5.,7.5,1.595));
#29 = DIRECTION('',(0.,-0.,1.));
#30 = DIRECTION('',(1.110223024625E-16,1.,0.));
#31 = AXIS2_PLACEMENT_3D('',#32,#33,#34);
#32 = CARTESIAN_POINT('',(-4.27,-1.25,1.595));
#33 = DIRECTION('',(0.,0.,1.));
#34 = DIRECTION('',(-1.,1.224646799147E-16,0.));
#35 = AXIS2_PLACEMENT_3D('',#36,#37,#38);
#36 = CARTESIAN_POINT('',(-4.23,-2.25,1.595));
#37 = DIRECTION('',(0.,0.,1.));
#38 = DIRECTION('',(-1.,1.224646799147E-16,0.));
#39 = AXIS2_PLACEMENT_3D('',#40,#41,#42);
#40 = CARTESIAN_POINT('',(-4.,7.5,1.595));
#41 = DIRECTION('',(-0.,0.,1.));
#42 = DIRECTION('',(1.110223024625E-16,-1.,0.));
#43 = AXIS2_PLACEMENT_3D('',#44,#45,#46);
#44 = CARTESIAN_POINT('',(0.6125,0.425,1.595));
#45 = DIRECTION('',(0.,0.,1.));
#46 = DIRECTION('',(-1.,1.224646799147E-16,0.));
#47 = AXIS2_PLACEMENT_3D('',#48,#49,#50);
#48 = CARTESIAN_POINT('',(3.,-7.75,1.595));
#49 = DIRECTION('',(0.,0.,1.));
#50 = DIRECTION('',(-1.,1.224646799147E-16,0.));
#51 = AXIS2_PLACEMENT_3D('',#52,#53,#54);
#52 = CARTESIAN_POINT('',(5.,-2.23,1.595));
#53 = DIRECTION('',(0.,-0.,1.));
#54 = DIRECTION('',(1.110223024625E-16,1.,0.));
#55 = AXIS2_PLACEMENT_3D('',#56,#57,#58);
#56 = CARTESIAN_POINT('',(-0.25,-7.725,1.595));
#57 = DIRECTION('',(-0.,0.,1.));
#58 = DIRECTION('',(1.110223024625E-16,-1.,0.));
#59 = AXIS2_PLACEMENT_3D('',#60,#61,#62);
#60 = CARTESIAN_POINT('',(0.,0.,0.));
#61 = DIRECTION('',(0.,0.,1.));
#62 = DIRECTION('',(1.,0.,-0.));
#63 = ( GEOMETRIC_REPRESENTATION_CONTEXT(3) 
GLOBAL_UNCERTAINTY_ASSIGNED_CONTEXT((#67)) GLOBAL_UNIT_ASSIGNED_CONTEXT(
(#64,#65,#66)) REPRESENTATION_CONTEXT('Context #1',
  '3D Context with UNIT and UNCERTAINTY') );
#64 = ( LENGTH_UNIT() NAMED_UNIT(*) SI_UNIT(.MILLI.,.METRE.) );
#65 = ( NAMED_UNIT(*) PLANE_ANGLE_UNIT() SI_UNIT($,.RADIAN.) );
#66 = ( NAMED_UNIT(*) SI_UNIT($,.STERADIAN.) SOLID_ANGLE_UNIT() );
#67 = UNCERTAINTY_MEASURE_WITH_UNIT(LENGTH_MEASURE(1.E-07),#64,
  'distance_accuracy_value','confusion accuracy');
#68 = PRODUCT_RELATED_PRODUCT_CATEGORY('part',$,(#7));
#69 = SHAPE_DEFINITION_REPRESENTATION(#70,#76);
#70 = PRODUCT_DEFINITION_SHAPE('','',#71);
#71 = PRODUCT_DEFINITION('design','',#72,#75);
#72 = PRODUCT_DEFINITION_FORMATION('','',#73);
#73 = PRODUCT('R_0402_1005Metric','R_0402_1005Metric','',(#74));
#74 = PRODUCT_CONTEXT('',#2,'mechanical');
#75 = PRODUCT_DEFINITION_CONTEXT('part definition',#2,'design');
#76 = ADVANCED_BREP_SHAPE_REPRESENTATION('',(#11,#77),#867);
#77 = MANIFOLD_SOLID_BREP('',#78);
#78 = CLOSED_SHELL('',(#79,#119,#202,#227,#252,#319,#336,#353,#402,#419,
    #436,#485,#502,#571,#602,#626,#695,#719,#736,#753,#770,#787,#804,
    #821,#838,#855));
#79 = ADVANCED_FACE('',(#80),#114,.F.);
#80 = FACE_BOUND('',#81,.F.);
#81 = EDGE_LOOP('',(#82,#92,#100,#108));
#82 = ORIENTED_EDGE('',*,*,#83,.F.);
#83 = EDGE_CURVE('',#84,#86,#88,.T.);
#84 = VERTEX_POINT('',#85);
#85 = CARTESIAN_POINT('',(-0.5,-0.25,3.5E-02));
#86 = VERTEX_POINT('',#87);
#87 = CARTESIAN_POINT('',(-0.5,-0.25,0.315));
#88 = LINE('',#89,#90);
#89 = CARTESIAN_POINT('',(-0.5,-0.25,0.));
#90 = VECTOR('',#91,1.);
#91 = DIRECTION('',(0.,0.,1.));
#92 = ORIENTED_EDGE('',*,*,#93,.T.);
#93 = EDGE_CURVE('',#84,#94,#96,.T.);
#94 = VERTEX_POINT('',#95);
#95 = CARTESIAN_POINT('',(-0.5,0.25,3.5E-02));
#96 = LINE('',#97,#98);
#97 = CARTESIAN_POINT('',(-0.5,-0.25,3.5E-02));
#98 = VECTOR('',#99,1.);
#99 = DIRECTION('',(0.,1.,0.));
#100 = ORIENTED_EDGE('',*,*,#101,.T.);
#101 = EDGE_CURVE('',#94,#102,#104,.T.);
#102 = VERTEX_POINT('',#103);
#103 = CARTESIAN_POINT('',(-0.5,0.25,0.315));
#104 = LINE('',#105,#106);
#105 = CARTESIAN_POINT('',(-0.5,0.25,0.));
#106 = VECTOR('',#107,1.);
#107 = DIRECTION('',(0.,0.,1.));
#108 = ORIENTED_EDGE('',*,*,#109,.F.);
#109 = EDGE_CURVE('',#86,#102,#110,.T.);
#110 = LINE('',#111,#112);
#111 = CARTESIAN_POINT('',(-0.5,-0.25,0.315));
#112 = VECTOR('',#113,1.);
#113 = DIRECTION('',(0.,1.,0.));
#114 = PLANE('',#115);
#115 = AXIS2_PLACEMENT_3D('',#116,#117,#118);
#116 = CARTESIAN_POINT('',(-0.5,-0.25,0.));
#117 = DIRECTION('',(1.,0.,0.));
#118 = DIRECTION('',(0.,0.,1.));
#119 = ADVANCED_FACE('',(#120),#197,.F.);
#120 = FACE_BOUND('',#121,.F.);
#121 = EDGE_LOOP('',(#122,#132,#139,#140,#149,#157,#166,#174,#182,#190)
  );
#122 = ORIENTED_EDGE('',*,*,#123,.F.);
#123 = EDGE_CURVE('',#124,#126,#128,.T.);
#124 = VERTEX_POINT('',#125);
#125 = CARTESIAN_POINT('',(-0.465,-0.25,-2.775557561563E-17));
#126 = VERTEX_POINT('',#127);
#127 = CARTESIAN_POINT('',(-0.335,-0.25,-2.775557561563E-17));
#128 = LINE('',#129,#130);
#129 = CARTESIAN_POINT('',(-0.5,-0.25,0.));
#130 = VECTOR('',#131,1.);
#131 = DIRECTION('',(1.,0.,0.));
#132 = ORIENTED_EDGE('',*,*,#133,.F.);
#133 = EDGE_CURVE('',#84,#124,#134,.T.);
#134 = CIRCLE('',#135,3.5E-02);
#135 = AXIS2_PLACEMENT_3D('',#136,#137,#138);
#136 = CARTESIAN_POINT('',(-0.465,-0.25,3.5E-02));
#137 = DIRECTION('',(0.,-1.,0.));
#138 = DIRECTION('',(0.,0.,1.));
#139 = ORIENTED_EDGE('',*,*,#83,.T.);
#140 = ORIENTED_EDGE('',*,*,#141,.T.);
#141 = EDGE_CURVE('',#86,#142,#144,.T.);
#142 = VERTEX_POINT('',#143);
#143 = CARTESIAN_POINT('',(-0.465,-0.25,0.35));
#144 = CIRCLE('',#145,3.5E-02);
#145 = AXIS2_PLACEMENT_3D('',#146,#147,#148);
#146 = CARTESIAN_POINT('',(-0.465,-0.25,0.315));
#147 = DIRECTION('',(0.,1.,0.));
#148 = DIRECTION('',(0.,-0.,1.));
#149 = ORIENTED_EDGE('',*,*,#150,.T.);
#150 = EDGE_CURVE('',#142,#151,#153,.T.);
#151 = VERTEX_POINT('',#152);
#152 = CARTESIAN_POINT('',(-0.335,-0.25,0.35));
#153 = LINE('',#154,#155);
#154 = CARTESIAN_POINT('',(-0.5,-0.25,0.35));
#155 = VECTOR('',#156,1.);
#156 = DIRECTION('',(1.,0.,0.));
#157 = ORIENTED_EDGE('',*,*,#158,.F.);
#158 = EDGE_CURVE('',#159,#151,#161,.T.);
#159 = VERTEX_POINT('',#160);
#160 = CARTESIAN_POINT('',(-0.3,-0.25,0.315));
#161 = CIRCLE('',#162,3.5E-02);
#162 = AXIS2_PLACEMENT_3D('',#163,#164,#165);
#163 = CARTESIAN_POINT('',(-0.335,-0.25,0.315));
#164 = DIRECTION('',(0.,-1.,0.));
#165 = DIRECTION('',(0.,0.,1.));
#166 = ORIENTED_EDGE('',*,*,#167,.F.);
#167 = EDGE_CURVE('',#168,#159,#170,.T.);
#168 = VERTEX_POINT('',#169);
#169 = CARTESIAN_POINT('',(-0.465,-0.25,0.315));
#170 = LINE('',#171,#172);
#171 = CARTESIAN_POINT('',(-0.465,-0.25,0.315));
#172 = VECTOR('',#173,1.);
#173 = DIRECTION('',(1.,0.,0.));
#174 = ORIENTED_EDGE('',*,*,#175,.F.);
#175 = EDGE_CURVE('',#176,#168,#178,.T.);
#176 = VERTEX_POINT('',#177);
#177 = CARTESIAN_POINT('',(-0.465,-0.25,3.5E-02));
#178 = LINE('',#179,#180);
#179 = CARTESIAN_POINT('',(-0.465,-0.25,3.5E-02));
#180 = VECTOR('',#181,1.);
#181 = DIRECTION('',(0.,0.,1.));
#182 = ORIENTED_EDGE('',*,*,#183,.T.);
#183 = EDGE_CURVE('',#176,#184,#186,.T.);
#184 = VERTEX_POINT('',#185);
#185 = CARTESIAN_POINT('',(-0.3,-0.25,3.5E-02));
#186 = LINE('',#187,#188);
#187 = CARTESIAN_POINT('',(-0.465,-0.25,3.5E-02));
#188 = VECTOR('',#189,1.);
#189 = DIRECTION('',(1.,0.,0.));
#190 = ORIENTED_EDGE('',*,*,#191,.T.);
#191 = EDGE_CURVE('',#184,#126,#192,.T.);
#192 = CIRCLE('',#193,3.5E-02);
#193 = AXIS2_PLACEMENT_3D('',#194,#195,#196);
#194 = CARTESIAN_POINT('',(-0.335,-0.25,3.5E-02));
#195 = DIRECTION('',(0.,1.,0.));
#196 = DIRECTION('',(0.,-0.,1.));
#197 = PLANE('',#198);
#198 = AXIS2_PLACEMENT_3D('',#199,#200,#201);
#199 = CARTESIAN_POINT('',(-0.5,-0.25,0.));
#200 = DIRECTION('',(0.,1.,0.));
#201 = DIRECTION('',(0.,-0.,1.));
#202 = ADVANCED_FACE('',(#203),#222,.T.);
#203 = FACE_BOUND('',#204,.T.);
#204 = EDGE_LOOP('',(#205,#206,#215,#221));
#205 = ORIENTED_EDGE('',*,*,#93,.T.);
#206 = ORIENTED_EDGE('',*,*,#207,.T.);
#207 = EDGE_CURVE('',#94,#208,#210,.T.);
#208 = VERTEX_POINT('',#209);
#209 = CARTESIAN_POINT('',(-0.465,0.25,-2.775557561563E-17));
#210 = CIRCLE('',#211,3.5E-02);
#211 = AXIS2_PLACEMENT_3D('',#212,#213,#214);
#212 = CARTESIAN_POINT('',(-0.465,0.25,3.5E-02));
#213 = DIRECTION('',(0.,-1.,0.));
#214 = DIRECTION('',(0.,0.,1.));
#215 = ORIENTED_EDGE('',*,*,#216,.F.);
#216 = EDGE_CURVE('',#124,#208,#217,.T.);
#217 = LINE('',#218,#219);
#218 = CARTESIAN_POINT('',(-0.465,-0.25,-2.775557561563E-17));
#219 = VECTOR('',#220,1.);
#220 = DIRECTION('',(0.,1.,0.));
#221 = ORIENTED_EDGE('',*,*,#133,.F.);
#222 = CYLINDRICAL_SURFACE('',#223,3.5E-02);
#223 = AXIS2_PLACEMENT_3D('',#224,#225,#226);
#224 = CARTESIAN_POINT('',(-0.465,-0.25,3.5E-02));
#225 = DIRECTION('',(0.,1.,0.));
#226 = DIRECTION('',(-1.,0.,0.));
#227 = ADVANCED_FACE('',(#228),#247,.T.);
#228 = FACE_BOUND('',#229,.T.);
#229 = EDGE_LOOP('',(#230,#231,#239,#246));
#230 = ORIENTED_EDGE('',*,*,#141,.T.);
#231 = ORIENTED_EDGE('',*,*,#232,.T.);
#232 = EDGE_CURVE('',#142,#233,#235,.T.);
#233 = VERTEX_POINT('',#234);
#234 = CARTESIAN_POINT('',(-0.465,0.25,0.35));
#235 = LINE('',#236,#237);
#236 = CARTESIAN_POINT('',(-0.465,-0.25,0.35));
#237 = VECTOR('',#238,1.);
#238 = DIRECTION('',(0.,1.,0.));
#239 = ORIENTED_EDGE('',*,*,#240,.F.);
#240 = EDGE_CURVE('',#102,#233,#241,.T.);
#241 = CIRCLE('',#242,3.5E-02);
#242 = AXIS2_PLACEMENT_3D('',#243,#244,#245);
#243 = CARTESIAN_POINT('',(-0.465,0.25,0.315));
#244 = DIRECTION('',(0.,1.,0.));
#245 = DIRECTION('',(0.,-0.,1.));
#246 = ORIENTED_EDGE('',*,*,#109,.F.);
#247 = CYLINDRICAL_SURFACE('',#248,3.5E-02);
#248 = AXIS2_PLACEMENT_3D('',#249,#250,#251);
#249 = CARTESIAN_POINT('',(-0.465,-0.25,0.315));
#250 = DIRECTION('',(0.,1.,0.));
#251 = DIRECTION('',(-1.,0.,0.));
#252 = ADVANCED_FACE('',(#253),#314,.T.);
#253 = FACE_BOUND('',#254,.T.);
#254 = EDGE_LOOP('',(#255,#263,#264,#265,#266,#274,#283,#291,#299,#307)
  );
#255 = ORIENTED_EDGE('',*,*,#256,.F.);
#256 = EDGE_CURVE('',#208,#257,#259,.T.);
#257 = VERTEX_POINT('',#258);
#258 = CARTESIAN_POINT('',(-0.335,0.25,-2.775557561563E-17));
#259 = LINE('',#260,#261);
#260 = CARTESIAN_POINT('',(-0.5,0.25,0.));
#261 = VECTOR('',#262,1.);
#262 = DIRECTION('',(1.,0.,0.));
#263 = ORIENTED_EDGE('',*,*,#207,.F.);
#264 = ORIENTED_EDGE('',*,*,#101,.T.);
#265 = ORIENTED_EDGE('',*,*,#240,.T.);
#266 = ORIENTED_EDGE('',*,*,#267,.T.);
#267 = EDGE_CURVE('',#233,#268,#270,.T.);
#268 = VERTEX_POINT('',#269);
#269 = CARTESIAN_POINT('',(-0.335,0.25,0.35));
#270 = LINE('',#271,#272);
#271 = CARTESIAN_POINT('',(-0.5,0.25,0.35));
#272 = VECTOR('',#273,1.);
#273 = DIRECTION('',(1.,0.,0.));
#274 = ORIENTED_EDGE('',*,*,#275,.F.);
#275 = EDGE_CURVE('',#276,#268,#278,.T.);
#276 = VERTEX_POINT('',#277);
#277 = CARTESIAN_POINT('',(-0.3,0.25,0.315));
#278 = CIRCLE('',#279,3.5E-02);
#279 = AXIS2_PLACEMENT_3D('',#280,#281,#282);
#280 = CARTESIAN_POINT('',(-0.335,0.25,0.315));
#281 = DIRECTION('',(0.,-1.,0.));
#282 = DIRECTION('',(0.,0.,1.));
#283 = ORIENTED_EDGE('',*,*,#284,.F.);
#284 = EDGE_CURVE('',#285,#276,#287,.T.);
#285 = VERTEX_POINT('',#286);
#286 = CARTESIAN_POINT('',(-0.465,0.25,0.315));
#287 = LINE('',#288,#289);
#288 = CARTESIAN_POINT('',(-0.465,0.25,0.315));
#289 = VECTOR('',#290,1.);
#290 = DIRECTION('',(1.,0.,0.));
#291 = ORIENTED_EDGE('',*,*,#292,.F.);
#292 = EDGE_CURVE('',#293,#285,#295,.T.);
#293 = VERTEX_POINT('',#294);
#294 = CARTESIAN_POINT('',(-0.465,0.25,3.5E-02));
#295 = LINE('',#296,#297);
#296 = CARTESIAN_POINT('',(-0.465,0.25,3.5E-02));
#297 = VECTOR('',#298,1.);
#298 = DIRECTION('',(0.,0.,1.));
#299 = ORIENTED_EDGE('',*,*,#300,.T.);
#300 = EDGE_CURVE('',#293,#301,#303,.T.);
#301 = VERTEX_POINT('',#302);
#302 = CARTESIAN_POINT('',(-0.3,0.25,3.5E-02));
#303 = LINE('',#304,#305);
#304 = CARTESIAN_POINT('',(-0.465,0.25,3.5E-02));
#305 = VECTOR('',#306,1.);
#306 = DIRECTION('',(1.,0.,0.));
#307 = ORIENTED_EDGE('',*,*,#308,.T.);
#308 = EDGE_CURVE('',#301,#257,#309,.T.);
#309 = CIRCLE('',#310,3.5E-02);
#310 = AXIS2_PLACEMENT_3D('',#311,#312,#313);
#311 = CARTESIAN_POINT('',(-0.335,0.25,3.5E-02));
#312 = DIRECTION('',(0.,1.,0.));
#313 = DIRECTION('',(0.,-0.,1.));
#314 = PLANE('',#315);
#315 = AXIS2_PLACEMENT_3D('',#316,#317,#318);
#316 = CARTESIAN_POINT('',(-0.5,0.25,0.));
#317 = DIRECTION('',(0.,1.,0.));
#318 = DIRECTION('',(0.,-0.,1.));
#319 = ADVANCED_FACE('',(#320),#331,.F.);
#320 = FACE_BOUND('',#321,.F.);
#321 = EDGE_LOOP('',(#322,#323,#324,#325));
#322 = ORIENTED_EDGE('',*,*,#256,.F.);
#323 = ORIENTED_EDGE('',*,*,#216,.F.);
#324 = ORIENTED_EDGE('',*,*,#123,.T.);
#325 = ORIENTED_EDGE('',*,*,#326,.T.);
#326 = EDGE_CURVE('',#126,#257,#327,.T.);
#327 = LINE('',#328,#329);
#328 = CARTESIAN_POINT('',(-0.335,-0.25,-2.775557561563E-17));
#329 = VECTOR('',#330,1.);
#330 = DIRECTION('',(0.,1.,0.));
#331 = PLANE('',#332);
#332 = AXIS2_PLACEMENT_3D('',#333,#334,#335);
#333 = CARTESIAN_POINT('',(-0.5,-0.25,0.));
#334 = DIRECTION('',(0.,0.,1.));
#335 = DIRECTION('',(1.,0.,-0.));
#336 = ADVANCED_FACE('',(#337),#348,.T.);
#337 = FACE_BOUND('',#338,.T.);
#338 = EDGE_LOOP('',(#339,#340,#341,#342));
#339 = ORIENTED_EDGE('',*,*,#191,.T.);
#340 = ORIENTED_EDGE('',*,*,#326,.T.);
#341 = ORIENTED_EDGE('',*,*,#308,.F.);
#342 = ORIENTED_EDGE('',*,*,#343,.F.);
#343 = EDGE_CURVE('',#184,#301,#344,.T.);
#344 = LINE('',#345,#346);
#345 = CARTESIAN_POINT('',(-0.3,-0.25,3.5E-02));
#346 = VECTOR('',#347,1.);
#347 = DIRECTION('',(0.,1.,0.));
#348 = CYLINDRICAL_SURFACE('',#349,3.5E-02);
#349 = AXIS2_PLACEMENT_3D('',#350,#351,#352);
#350 = CARTESIAN_POINT('',(-0.335,-0.25,3.5E-02));
#351 = DIRECTION('',(0.,1.,0.));
#352 = DIRECTION('',(1.,0.,0.));
#353 = ADVANCED_FACE('',(#354),#397,.F.);
#354 = FACE_BOUND('',#355,.F.);
#355 = EDGE_LOOP('',(#356,#357,#358,#359,#367,#375,#383,#391));
#356 = ORIENTED_EDGE('',*,*,#183,.F.);
#357 = ORIENTED_EDGE('',*,*,#175,.T.);
#358 = ORIENTED_EDGE('',*,*,#167,.T.);
#359 = ORIENTED_EDGE('',*,*,#360,.T.);
#360 = EDGE_CURVE('',#159,#361,#363,.T.);
#361 = VERTEX_POINT('',#362);
#362 = CARTESIAN_POINT('',(0.3,-0.25,0.315));
#363 = LINE('',#364,#365);
#364 = CARTESIAN_POINT('',(-0.3,-0.25,0.315));
#365 = VECTOR('',#366,1.);
#366 = DIRECTION('',(1.,0.,0.));
#367 = ORIENTED_EDGE('',*,*,#368,.T.);
#368 = EDGE_CURVE('',#361,#369,#371,.T.);
#369 = VERTEX_POINT('',#370);
#370 = CARTESIAN_POINT('',(0.465,-0.25,0.315));
#371 = LINE('',#372,#373);
#372 = CARTESIAN_POINT('',(-0.465,-0.25,0.315));
#373 = VECTOR('',#374,1.);
#374 = DIRECTION('',(1.,0.,0.));
#375 = ORIENTED_EDGE('',*,*,#376,.F.);
#376 = EDGE_CURVE('',#377,#369,#379,.T.);
#377 = VERTEX_POINT('',#378);
#378 = CARTESIAN_POINT('',(0.465,-0.25,3.5E-02));
#379 = LINE('',#380,#381);
#380 = CARTESIAN_POINT('',(0.465,-0.25,3.5E-02));
#381 = VECTOR('',#382,1.);
#382 = DIRECTION('',(0.,0.,1.));
#383 = ORIENTED_EDGE('',*,*,#384,.F.);
#384 = EDGE_CURVE('',#385,#377,#387,.T.);
#385 = VERTEX_POINT('',#386);
#386 = CARTESIAN_POINT('',(0.3,-0.25,3.5E-02));
#387 = LINE('',#388,#389);
#388 = CARTESIAN_POINT('',(-0.465,-0.25,3.5E-02));
#389 = VECTOR('',#390,1.);
#390 = DIRECTION('',(1.,0.,0.));
#391 = ORIENTED_EDGE('',*,*,#392,.F.);
#392 = EDGE_CURVE('',#184,#385,#393,.T.);
#393 = LINE('',#394,#395);
#394 = CARTESIAN_POINT('',(-0.465,-0.25,3.5E-02));
#395 = VECTOR('',#396,1.);
#396 = DIRECTION('',(1.,0.,0.));
#397 = PLANE('',#398);
#398 = AXIS2_PLACEMENT_3D('',#399,#400,#401);
#399 = CARTESIAN_POINT('',(-0.465,-0.25,3.5E-02));
#400 = DIRECTION('',(0.,1.,0.));
#401 = DIRECTION('',(0.,-0.,1.));
#402 = ADVANCED_FACE('',(#403),#414,.T.);
#403 = FACE_BOUND('',#404,.T.);
#404 = EDGE_LOOP('',(#405,#406,#407,#408));
#405 = ORIENTED_EDGE('',*,*,#267,.F.);
#406 = ORIENTED_EDGE('',*,*,#232,.F.);
#407 = ORIENTED_EDGE('',*,*,#150,.T.);
#408 = ORIENTED_EDGE('',*,*,#409,.T.);
#409 = EDGE_CURVE('',#151,#268,#410,.T.);
#410 = LINE('',#411,#412);
#411 = CARTESIAN_POINT('',(-0.335,-0.25,0.35));
#412 = VECTOR('',#413,1.);
#413 = DIRECTION('',(0.,1.,0.));
#414 = PLANE('',#415);
#415 = AXIS2_PLACEMENT_3D('',#416,#417,#418);
#416 = CARTESIAN_POINT('',(-0.5,-0.25,0.35));
#417 = DIRECTION('',(0.,0.,1.));
#418 = DIRECTION('',(1.,0.,-0.));
#419 = ADVANCED_FACE('',(#420),#431,.T.);
#420 = FACE_BOUND('',#421,.T.);
#421 = EDGE_LOOP('',(#422,#428,#429,#430));
#422 = ORIENTED_EDGE('',*,*,#423,.T.);
#423 = EDGE_CURVE('',#159,#276,#424,.T.);
#424 = LINE('',#425,#426);
#425 = CARTESIAN_POINT('',(-0.3,-0.25,0.315));
#426 = VECTOR('',#427,1.);
#427 = DIRECTION('',(0.,1.,0.));
#428 = ORIENTED_EDGE('',*,*,#275,.T.);
#429 = ORIENTED_EDGE('',*,*,#409,.F.);
#430 = ORIENTED_EDGE('',*,*,#158,.F.);
#431 = CYLINDRICAL_SURFACE('',#432,3.5E-02);
#432 = AXIS2_PLACEMENT_3D('',#433,#434,#435);
#433 = CARTESIAN_POINT('',(-0.335,-0.25,0.315));
#434 = DIRECTION('',(0.,1.,0.));
#435 = DIRECTION('',(1.,0.,0.));
#436 = ADVANCED_FACE('',(#437),#480,.T.);
#437 = FACE_BOUND('',#438,.T.);
#438 = EDGE_LOOP('',(#439,#440,#441,#442,#450,#458,#466,#474));
#439 = ORIENTED_EDGE('',*,*,#300,.F.);
#440 = ORIENTED_EDGE('',*,*,#292,.T.);
#441 = ORIENTED_EDGE('',*,*,#284,.T.);
#442 = ORIENTED_EDGE('',*,*,#443,.T.);
#443 = EDGE_CURVE('',#276,#444,#446,.T.);
#444 = VERTEX_POINT('',#445);
#445 = CARTESIAN_POINT('',(0.3,0.25,0.315));
#446 = LINE('',#447,#448);
#447 = CARTESIAN_POINT('',(-0.3,0.25,0.315));
#448 = VECTOR('',#449,1.);
#449 = DIRECTION('',(1.,0.,0.));
#450 = ORIENTED_EDGE('',*,*,#451,.T.);
#451 = EDGE_CURVE('',#444,#452,#454,.T.);
#452 = VERTEX_POINT('',#453);
#453 = CARTESIAN_POINT('',(0.465,0.25,0.315));
#454 = LINE('',#455,#456);
#455 = CARTESIAN_POINT('',(-0.465,0.25,0.315));
#456 = VECTOR('',#457,1.);
#457 = DIRECTION('',(1.,0.,0.));
#458 = ORIENTED_EDGE('',*,*,#459,.F.);
#459 = EDGE_CURVE('',#460,#452,#462,.T.);
#460 = VERTEX_POINT('',#461);
#461 = CARTESIAN_POINT('',(0.465,0.25,3.5E-02));
#462 = LINE('',#463,#464);
#463 = CARTESIAN_POINT('',(0.465,0.25,3.5E-02));
#464 = VECTOR('',#465,1.);
#465 = DIRECTION('',(0.,0.,1.));
#466 = ORIENTED_EDGE('',*,*,#467,.F.);
#467 = EDGE_CURVE('',#468,#460,#470,.T.);
#468 = VERTEX_POINT('',#469);
#469 = CARTESIAN_POINT('',(0.3,0.25,3.5E-02));
#470 = LINE('',#471,#472);
#471 = CARTESIAN_POINT('',(-0.465,0.25,3.5E-02));
#472 = VECTOR('',#473,1.);
#473 = DIRECTION('',(1.,0.,0.));
#474 = ORIENTED_EDGE('',*,*,#475,.F.);
#475 = EDGE_CURVE('',#301,#468,#476,.T.);
#476 = LINE('',#477,#478);
#477 = CARTESIAN_POINT('',(-0.465,0.25,3.5E-02));
#478 = VECTOR('',#479,1.);
#479 = DIRECTION('',(1.,0.,0.));
#480 = PLANE('',#481);
#481 = AXIS2_PLACEMENT_3D('',#482,#483,#484);
#482 = CARTESIAN_POINT('',(-0.465,0.25,3.5E-02));
#483 = DIRECTION('',(0.,1.,0.));
#484 = DIRECTION('',(0.,-0.,1.));
#485 = ADVANCED_FACE('',(#486),#497,.F.);
#486 = FACE_BOUND('',#487,.F.);
#487 = EDGE_LOOP('',(#488,#489,#490,#496));
#488 = ORIENTED_EDGE('',*,*,#343,.F.);
#489 = ORIENTED_EDGE('',*,*,#392,.T.);
#490 = ORIENTED_EDGE('',*,*,#491,.T.);
#491 = EDGE_CURVE('',#385,#468,#492,.T.);
#492 = LINE('',#493,#494);
#493 = CARTESIAN_POINT('',(0.3,-0.25,3.5E-02));
#494 = VECTOR('',#495,1.);
#495 = DIRECTION('',(0.,1.,0.));
#496 = ORIENTED_EDGE('',*,*,#475,.F.);
#497 = PLANE('',#498);
#498 = AXIS2_PLACEMENT_3D('',#499,#500,#501);
#499 = CARTESIAN_POINT('',(-0.465,-0.25,3.5E-02));
#500 = DIRECTION('',(0.,0.,1.));
#501 = DIRECTION('',(1.,0.,-0.));
#502 = ADVANCED_FACE('',(#503),#566,.F.);
#503 = FACE_BOUND('',#504,.F.);
#504 = EDGE_LOOP('',(#505,#515,#522,#523,#524,#525,#534,#542,#551,#559)
  );
#505 = ORIENTED_EDGE('',*,*,#506,.F.);
#506 = EDGE_CURVE('',#507,#509,#511,.T.);
#507 = VERTEX_POINT('',#508);
#508 = CARTESIAN_POINT('',(0.335,-0.25,-2.775557561563E-17));
#509 = VERTEX_POINT('',#510);
#510 = CARTESIAN_POINT('',(0.465,-0.25,-2.775557561563E-17));
#511 = LINE('',#512,#513);
#512 = CARTESIAN_POINT('',(0.3,-0.25,0.));
#513 = VECTOR('',#514,1.);
#514 = DIRECTION('',(1.,0.,0.));
#515 = ORIENTED_EDGE('',*,*,#516,.F.);
#516 = EDGE_CURVE('',#385,#507,#517,.T.);
#517 = CIRCLE('',#518,3.5E-02);
#518 = AXIS2_PLACEMENT_3D('',#519,#520,#521);
#519 = CARTESIAN_POINT('',(0.335,-0.25,3.5E-02));
#520 = DIRECTION('',(0.,-1.,0.));
#521 = DIRECTION('',(0.,0.,1.));
#522 = ORIENTED_EDGE('',*,*,#384,.T.);
#523 = ORIENTED_EDGE('',*,*,#376,.T.);
#524 = ORIENTED_EDGE('',*,*,#368,.F.);
#525 = ORIENTED_EDGE('',*,*,#526,.T.);
#526 = EDGE_CURVE('',#361,#527,#529,.T.);
#527 = VERTEX_POINT('',#528);
#528 = CARTESIAN_POINT('',(0.335,-0.25,0.35));
#529 = CIRCLE('',#530,3.5E-02);
#530 = AXIS2_PLACEMENT_3D('',#531,#532,#533);
#531 = CARTESIAN_POINT('',(0.335,-0.25,0.315));
#532 = DIRECTION('',(0.,1.,0.));
#533 = DIRECTION('',(0.,-0.,1.));
#534 = ORIENTED_EDGE('',*,*,#535,.T.);
#535 = EDGE_CURVE('',#527,#536,#538,.T.);
#536 = VERTEX_POINT('',#537);
#537 = CARTESIAN_POINT('',(0.465,-0.25,0.35));
#538 = LINE('',#539,#540);
#539 = CARTESIAN_POINT('',(0.3,-0.25,0.35));
#540 = VECTOR('',#541,1.);
#541 = DIRECTION('',(1.,0.,0.));
#542 = ORIENTED_EDGE('',*,*,#543,.F.);
#543 = EDGE_CURVE('',#544,#536,#546,.T.);
#544 = VERTEX_POINT('',#545);
#545 = CARTESIAN_POINT('',(0.5,-0.25,0.315));
#546 = CIRCLE('',#547,3.5E-02);
#547 = AXIS2_PLACEMENT_3D('',#548,#549,#550);
#548 = CARTESIAN_POINT('',(0.465,-0.25,0.315));
#549 = DIRECTION('',(0.,-1.,0.));
#550 = DIRECTION('',(0.,0.,1.));
#551 = ORIENTED_EDGE('',*,*,#552,.F.);
#552 = EDGE_CURVE('',#553,#544,#555,.T.);
#553 = VERTEX_POINT('',#554);
#554 = CARTESIAN_POINT('',(0.5,-0.25,3.5E-02));
#555 = LINE('',#556,#557);
#556 = CARTESIAN_POINT('',(0.5,-0.25,0.));
#557 = VECTOR('',#558,1.);
#558 = DIRECTION('',(0.,0.,1.));
#559 = ORIENTED_EDGE('',*,*,#560,.T.);
#560 = EDGE_CURVE('',#553,#509,#561,.T.);
#561 = CIRCLE('',#562,3.5E-02);
#562 = AXIS2_PLACEMENT_3D('',#563,#564,#565);
#563 = CARTESIAN_POINT('',(0.465,-0.25,3.5E-02));
#564 = DIRECTION('',(0.,1.,0.));
#565 = DIRECTION('',(0.,-0.,1.));
#566 = PLANE('',#567);
#567 = AXIS2_PLACEMENT_3D('',#568,#569,#570);
#568 = CARTESIAN_POINT('',(0.3,-0.25,0.));
#569 = DIRECTION('',(0.,1.,0.));
#570 = DIRECTION('',(0.,-0.,1.));
#571 = ADVANCED_FACE('',(#572),#597,.F.);
#572 = FACE_BOUND('',#573,.F.);
#573 = EDGE_LOOP('',(#574,#575,#583,#591));
#574 = ORIENTED_EDGE('',*,*,#360,.F.);
#575 = ORIENTED_EDGE('',*,*,#576,.T.);
#576 = EDGE_CURVE('',#159,#577,#579,.T.);
#577 = VERTEX_POINT('',#578);
#578 = CARTESIAN_POINT('',(-0.3,-0.25,0.35));
#579 = LINE('',#580,#581);
#580 = CARTESIAN_POINT('',(-0.3,-0.25,0.315));
#581 = VECTOR('',#582,1.);
#582 = DIRECTION('',(0.,0.,1.));
#583 = ORIENTED_EDGE('',*,*,#584,.T.);
#584 = EDGE_CURVE('',#577,#585,#587,.T.);
#585 = VERTEX_POINT('',#586);
#586 = CARTESIAN_POINT('',(0.3,-0.25,0.35));
#587 = LINE('',#588,#589);
#588 = CARTESIAN_POINT('',(-0.3,-0.25,0.35));
#589 = VECTOR('',#590,1.);
#590 = DIRECTION('',(1.,0.,0.));
#591 = ORIENTED_EDGE('',*,*,#592,.F.);
#592 = EDGE_CURVE('',#361,#585,#593,.T.);
#593 = LINE('',#594,#595);
#594 = CARTESIAN_POINT('',(0.3,-0.25,0.315));
#595 = VECTOR('',#596,1.);
#596 = DIRECTION('',(0.,0.,1.));
#597 = PLANE('',#598);
#598 = AXIS2_PLACEMENT_3D('',#599,#600,#601);
#599 = CARTESIAN_POINT('',(-0.3,-0.25,0.315));
#600 = DIRECTION('',(0.,1.,0.));
#601 = DIRECTION('',(0.,-0.,1.));
#602 = ADVANCED_FACE('',(#603),#621,.F.);
#603 = FACE_BOUND('',#604,.F.);
#604 = EDGE_LOOP('',(#605,#606,#607,#615));
#605 = ORIENTED_EDGE('',*,*,#576,.F.);
#606 = ORIENTED_EDGE('',*,*,#423,.T.);
#607 = ORIENTED_EDGE('',*,*,#608,.T.);
#608 = EDGE_CURVE('',#276,#609,#611,.T.);
#609 = VERTEX_POINT('',#610);
#610 = CARTESIAN_POINT('',(-0.3,0.25,0.35));
#611 = LINE('',#612,#613);
#612 = CARTESIAN_POINT('',(-0.3,0.25,0.315));
#613 = VECTOR('',#614,1.);
#614 = DIRECTION('',(0.,0.,1.));
#615 = ORIENTED_EDGE('',*,*,#616,.F.);
#616 = EDGE_CURVE('',#577,#609,#617,.T.);
#617 = LINE('',#618,#619);
#618 = CARTESIAN_POINT('',(-0.3,-0.25,0.35));
#619 = VECTOR('',#620,1.);
#620 = DIRECTION('',(0.,1.,0.));
#621 = PLANE('',#622);
#622 = AXIS2_PLACEMENT_3D('',#623,#624,#625);
#623 = CARTESIAN_POINT('',(-0.3,-0.25,0.315));
#624 = DIRECTION('',(1.,0.,0.));
#625 = DIRECTION('',(0.,0.,1.));
#626 = ADVANCED_FACE('',(#627),#690,.T.);
#627 = FACE_BOUND('',#628,.T.);
#628 = EDGE_LOOP('',(#629,#639,#646,#647,#648,#649,#658,#666,#675,#683)
  );
#629 = ORIENTED_EDGE('',*,*,#630,.F.);
#630 = EDGE_CURVE('',#631,#633,#635,.T.);
#631 = VERTEX_POINT('',#632);
#632 = CARTESIAN_POINT('',(0.335,0.25,-2.775557561563E-17));
#633 = VERTEX_POINT('',#634);
#634 = CARTESIAN_POINT('',(0.465,0.25,-2.775557561563E-17));
#635 = LINE('',#636,#637);
#636 = CARTESIAN_POINT('',(0.3,0.25,0.));
#637 = VECTOR('',#638,1.);
#638 = DIRECTION('',(1.,0.,0.));
#639 = ORIENTED_EDGE('',*,*,#640,.F.);
#640 = EDGE_CURVE('',#468,#631,#641,.T.);
#641 = CIRCLE('',#642,3.5E-02);
#642 = AXIS2_PLACEMENT_3D('',#643,#644,#645);
#643 = CARTESIAN_POINT('',(0.335,0.25,3.5E-02));
#644 = DIRECTION('',(0.,-1.,0.));
#645 = DIRECTION('',(0.,0.,1.));
#646 = ORIENTED_EDGE('',*,*,#467,.T.);
#647 = ORIENTED_EDGE('',*,*,#459,.T.);
#648 = ORIENTED_EDGE('',*,*,#451,.F.);
#649 = ORIENTED_EDGE('',*,*,#650,.T.);
#650 = EDGE_CURVE('',#444,#651,#653,.T.);
#651 = VERTEX_POINT('',#652);
#652 = CARTESIAN_POINT('',(0.335,0.25,0.35));
#653 = CIRCLE('',#654,3.5E-02);
#654 = AXIS2_PLACEMENT_3D('',#655,#656,#657);
#655 = CARTESIAN_POINT('',(0.335,0.25,0.315));
#656 = DIRECTION('',(0.,1.,0.));
#657 = DIRECTION('',(0.,-0.,1.));
#658 = ORIENTED_EDGE('',*,*,#659,.T.);
#659 = EDGE_CURVE('',#651,#660,#662,.T.);
#660 = VERTEX_POINT('',#661);
#661 = CARTESIAN_POINT('',(0.465,0.25,0.35));
#662 = LINE('',#663,#664);
#663 = CARTESIAN_POINT('',(0.3,0.25,0.35));
#664 = VECTOR('',#665,1.);
#665 = DIRECTION('',(1.,0.,0.));
#666 = ORIENTED_EDGE('',*,*,#667,.F.);
#667 = EDGE_CURVE('',#668,#660,#670,.T.);
#668 = VERTEX_POINT('',#669);
#669 = CARTESIAN_POINT('',(0.5,0.25,0.315));
#670 = CIRCLE('',#671,3.5E-02);
#671 = AXIS2_PLACEMENT_3D('',#672,#673,#674);
#672 = CARTESIAN_POINT('',(0.465,0.25,0.315));
#673 = DIRECTION('',(0.,-1.,0.));
#674 = DIRECTION('',(0.,0.,1.));
#675 = ORIENTED_EDGE('',*,*,#676,.F.);
#676 = EDGE_CURVE('',#677,#668,#679,.T.);
#677 = VERTEX_POINT('',#678);
#678 = CARTESIAN_POINT('',(0.5,0.25,3.5E-02));
#679 = LINE('',#680,#681);
#680 = CARTESIAN_POINT('',(0.5,0.25,0.));
#681 = VECTOR('',#682,1.);
#682 = DIRECTION('',(0.,0.,1.));
#683 = ORIENTED_EDGE('',*,*,#684,.T.);
#684 = EDGE_CURVE('',#677,#633,#685,.T.);
#685 = CIRCLE('',#686,3.5E-02);
#686 = AXIS2_PLACEMENT_3D('',#687,#688,#689);
#687 = CARTESIAN_POINT('',(0.465,0.25,3.5E-02));
#688 = DIRECTION('',(0.,1.,0.));
#689 = DIRECTION('',(0.,-0.,1.));
#690 = PLANE('',#691);
#691 = AXIS2_PLACEMENT_3D('',#692,#693,#694);
#692 = CARTESIAN_POINT('',(0.3,0.25,0.));
#693 = DIRECTION('',(0.,1.,0.));
#694 = DIRECTION('',(0.,-0.,1.));
#695 = ADVANCED_FACE('',(#696),#714,.T.);
#696 = FACE_BOUND('',#697,.T.);
#697 = EDGE_LOOP('',(#698,#699,#700,#708));
#698 = ORIENTED_EDGE('',*,*,#443,.F.);
#699 = ORIENTED_EDGE('',*,*,#608,.T.);
#700 = ORIENTED_EDGE('',*,*,#701,.T.);
#701 = EDGE_CURVE('',#609,#702,#704,.T.);
#702 = VERTEX_POINT('',#703);
#703 = CARTESIAN_POINT('',(0.3,0.25,0.35));
#704 = LINE('',#705,#706);
#705 = CARTESIAN_POINT('',(-0.3,0.25,0.35));
#706 = VECTOR('',#707,1.);
#707 = DIRECTION('',(1.,0.,0.));
#708 = ORIENTED_EDGE('',*,*,#709,.F.);
#709 = EDGE_CURVE('',#444,#702,#710,.T.);
#710 = LINE('',#711,#712);
#711 = CARTESIAN_POINT('',(0.3,0.25,0.315));
#712 = VECTOR('',#713,1.);
#713 = DIRECTION('',(0.,0.,1.));
#714 = PLANE('',#715);
#715 = AXIS2_PLACEMENT_3D('',#716,#717,#718);
#716 = CARTESIAN_POINT('',(-0.3,0.25,0.315));
#717 = DIRECTION('',(0.,1.,0.));
#718 = DIRECTION('',(0.,-0.,1.));
#719 = ADVANCED_FACE('',(#720),#731,.T.);
#720 = FACE_BOUND('',#721,.T.);
#721 = EDGE_LOOP('',(#722,#723,#724,#730));
#722 = ORIENTED_EDGE('',*,*,#491,.T.);
#723 = ORIENTED_EDGE('',*,*,#640,.T.);
#724 = ORIENTED_EDGE('',*,*,#725,.F.);
#725 = EDGE_CURVE('',#507,#631,#726,.T.);
#726 = LINE('',#727,#728);
#727 = CARTESIAN_POINT('',(0.335,-0.25,-2.775557561563E-17));
#728 = VECTOR('',#729,1.);
#729 = DIRECTION('',(0.,1.,0.));
#730 = ORIENTED_EDGE('',*,*,#516,.F.);
#731 = CYLINDRICAL_SURFACE('',#732,3.5E-02);
#732 = AXIS2_PLACEMENT_3D('',#733,#734,#735);
#733 = CARTESIAN_POINT('',(0.335,-0.25,3.5E-02));
#734 = DIRECTION('',(0.,1.,0.));
#735 = DIRECTION('',(-1.,0.,0.));
#736 = ADVANCED_FACE('',(#737),#748,.F.);
#737 = FACE_BOUND('',#738,.F.);
#738 = EDGE_LOOP('',(#739,#740,#741,#742));
#739 = ORIENTED_EDGE('',*,*,#630,.F.);
#740 = ORIENTED_EDGE('',*,*,#725,.F.);
#741 = ORIENTED_EDGE('',*,*,#506,.T.);
#742 = ORIENTED_EDGE('',*,*,#743,.T.);
#743 = EDGE_CURVE('',#509,#633,#744,.T.);
#744 = LINE('',#745,#746);
#745 = CARTESIAN_POINT('',(0.465,-0.25,-2.775557561563E-17));
#746 = VECTOR('',#747,1.);
#747 = DIRECTION('',(0.,1.,0.));
#748 = PLANE('',#749);
#749 = AXIS2_PLACEMENT_3D('',#750,#751,#752);
#750 = CARTESIAN_POINT('',(0.3,-0.25,0.));
#751 = DIRECTION('',(0.,0.,1.));
#752 = DIRECTION('',(1.,0.,-0.));
#753 = ADVANCED_FACE('',(#754),#765,.T.);
#754 = FACE_BOUND('',#755,.T.);
#755 = EDGE_LOOP('',(#756,#757,#758,#759));
#756 = ORIENTED_EDGE('',*,*,#560,.T.);
#757 = ORIENTED_EDGE('',*,*,#743,.T.);
#758 = ORIENTED_EDGE('',*,*,#684,.F.);
#759 = ORIENTED_EDGE('',*,*,#760,.F.);
#760 = EDGE_CURVE('',#553,#677,#761,.T.);
#761 = LINE('',#762,#763);
#762 = CARTESIAN_POINT('',(0.5,-0.25,3.5E-02));
#763 = VECTOR('',#764,1.);
#764 = DIRECTION('',(0.,1.,0.));
#765 = CYLINDRICAL_SURFACE('',#766,3.5E-02);
#766 = AXIS2_PLACEMENT_3D('',#767,#768,#769);
#767 = CARTESIAN_POINT('',(0.465,-0.25,3.5E-02));
#768 = DIRECTION('',(0.,1.,0.));
#769 = DIRECTION('',(1.,0.,0.));
#770 = ADVANCED_FACE('',(#771),#782,.T.);
#771 = FACE_BOUND('',#772,.T.);
#772 = EDGE_LOOP('',(#773,#774,#775,#776));
#773 = ORIENTED_EDGE('',*,*,#552,.F.);
#774 = ORIENTED_EDGE('',*,*,#760,.T.);
#775 = ORIENTED_EDGE('',*,*,#676,.T.);
#776 = ORIENTED_EDGE('',*,*,#777,.F.);
#777 = EDGE_CURVE('',#544,#668,#778,.T.);
#778 = LINE('',#779,#780);
#779 = CARTESIAN_POINT('',(0.5,-0.25,0.315));
#780 = VECTOR('',#781,1.);
#781 = DIRECTION('',(0.,1.,0.));
#782 = PLANE('',#783);
#783 = AXIS2_PLACEMENT_3D('',#784,#785,#786);
#784 = CARTESIAN_POINT('',(0.5,-0.25,0.));
#785 = DIRECTION('',(1.,0.,0.));
#786 = DIRECTION('',(0.,0.,1.));
#787 = ADVANCED_FACE('',(#788),#799,.T.);
#788 = FACE_BOUND('',#789,.T.);
#789 = EDGE_LOOP('',(#790,#791,#792,#798));
#790 = ORIENTED_EDGE('',*,*,#777,.T.);
#791 = ORIENTED_EDGE('',*,*,#667,.T.);
#792 = ORIENTED_EDGE('',*,*,#793,.F.);
#793 = EDGE_CURVE('',#536,#660,#794,.T.);
#794 = LINE('',#795,#796);
#795 = CARTESIAN_POINT('',(0.465,-0.25,0.35));
#796 = VECTOR('',#797,1.);
#797 = DIRECTION('',(0.,1.,0.));
#798 = ORIENTED_EDGE('',*,*,#543,.F.);
#799 = CYLINDRICAL_SURFACE('',#800,3.5E-02);
#800 = AXIS2_PLACEMENT_3D('',#801,#802,#803);
#801 = CARTESIAN_POINT('',(0.465,-0.25,0.315));
#802 = DIRECTION('',(0.,1.,0.));
#803 = DIRECTION('',(1.,0.,0.));
#804 = ADVANCED_FACE('',(#805),#816,.T.);
#805 = FACE_BOUND('',#806,.T.);
#806 = EDGE_LOOP('',(#807,#808,#814,#815));
#807 = ORIENTED_EDGE('',*,*,#659,.F.);
#808 = ORIENTED_EDGE('',*,*,#809,.F.);
#809 = EDGE_CURVE('',#527,#651,#810,.T.);
#810 = LINE('',#811,#812);
#811 = CARTESIAN_POINT('',(0.335,-0.25,0.35));
#812 = VECTOR('',#813,1.);
#813 = DIRECTION('',(0.,1.,0.));
#814 = ORIENTED_EDGE('',*,*,#535,.T.);
#815 = ORIENTED_EDGE('',*,*,#793,.T.);
#816 = PLANE('',#817);
#817 = AXIS2_PLACEMENT_3D('',#818,#819,#820);
#818 = CARTESIAN_POINT('',(0.3,-0.25,0.35));
#819 = DIRECTION('',(0.,0.,1.));
#820 = DIRECTION('',(1.,0.,-0.));
#821 = ADVANCED_FACE('',(#822),#833,.T.);
#822 = FACE_BOUND('',#823,.T.);
#823 = EDGE_LOOP('',(#824,#825,#826,#827));
#824 = ORIENTED_EDGE('',*,*,#526,.T.);
#825 = ORIENTED_EDGE('',*,*,#809,.T.);
#826 = ORIENTED_EDGE('',*,*,#650,.F.);
#827 = ORIENTED_EDGE('',*,*,#828,.F.);
#828 = EDGE_CURVE('',#361,#444,#829,.T.);
#829 = LINE('',#830,#831);
#830 = CARTESIAN_POINT('',(0.3,-0.25,0.315));
#831 = VECTOR('',#832,1.);
#832 = DIRECTION('',(0.,1.,0.));
#833 = CYLINDRICAL_SURFACE('',#834,3.5E-02);
#834 = AXIS2_PLACEMENT_3D('',#835,#836,#837);
#835 = CARTESIAN_POINT('',(0.335,-0.25,0.315));
#836 = DIRECTION('',(0.,1.,0.));
#837 = DIRECTION('',(-1.,0.,0.));
#838 = ADVANCED_FACE('',(#839),#850,.T.);
#839 = FACE_BOUND('',#840,.T.);
#840 = EDGE_LOOP('',(#841,#842,#843,#844));
#841 = ORIENTED_EDGE('',*,*,#592,.F.);
#842 = ORIENTED_EDGE('',*,*,#828,.T.);
#843 = ORIENTED_EDGE('',*,*,#709,.T.);
#844 = ORIENTED_EDGE('',*,*,#845,.F.);
#845 = EDGE_CURVE('',#585,#702,#846,.T.);
#846 = LINE('',#847,#848);
#847 = CARTESIAN_POINT('',(0.3,-0.25,0.35));
#848 = VECTOR('',#849,1.);
#849 = DIRECTION('',(0.,1.,0.));
#850 = PLANE('',#851);
#851 = AXIS2_PLACEMENT_3D('',#852,#853,#854);
#852 = CARTESIAN_POINT('',(0.3,-0.25,0.315));
#853 = DIRECTION('',(1.,0.,0.));
#854 = DIRECTION('',(0.,0.,1.));
#855 = ADVANCED_FACE('',(#856),#862,.T.);
#856 = FACE_BOUND('',#857,.T.);
#857 = EDGE_LOOP('',(#858,#859,#860,#861));
#858 = ORIENTED_EDGE('',*,*,#616,.F.);
#859 = ORIENTED_EDGE('',*,*,#584,.T.);
#860 = ORIENTED_EDGE('',*,*,#845,.T.);
#861 = ORIENTED_EDGE('',*,*,#701,.F.);
#862 = PLANE('',#863);
#863 = AXIS2_PLACEMENT_3D('',#864,#865,#866);
#864 = CARTESIAN_POINT('',(-0.3,-0.25,0.35));
#865 = DIRECTION('',(0.,0.,1.));
#866 = DIRECTION('',(1.,0.,-0.));
#867 = ( GEOMETRIC_REPRESENTATION_CONTEXT(3) 
GLOBAL_UNCERTAINTY_ASSIGNED_CONTEXT((#871)) GLOBAL_UNIT_ASSIGNED_CONTEXT
((#868,#869,#870)) REPRESENTATION_CONTEXT('Context #1',
  '3D Context with UNIT and UNCERTAINTY') );
#868 = ( LENGTH_UNIT() NAMED_UNIT(*) SI_UNIT(.MILLI.,.METRE.) );
#869 = ( NAMED_UNIT(*) PLANE_ANGLE_UNIT() SI_UNIT($,.RADIAN.) );
#870 = ( NAMED_UNIT(*) SI_UNIT($,.STERADIAN.) SOLID_ANGLE_UNIT() );
#871 = UNCERTAINTY_MEASURE_WITH_UNIT(LENGTH_MEASURE(1.E-07),#868,
  'distance_accuracy_value','confusion accuracy');
#872 = CONTEXT_DEPENDENT_SHAPE_REPRESENTATION(#873,#875);
#873 = ( REPRESENTATION_RELATIONSHIP('','',#76,#10) 
REPRESENTATION_RELATIONSHIP_WITH_TRANSFORMATION(#874) 
SHAPE_REPRESENTATION_RELATIONSHIP() );
#874 = ITEM_DEFINED_TRANSFORMATION('','',#11,#15);
#875 = PRODUCT_DEFINITION_SHAPE('Placement','Placement of an item',#876
  );
#876 = NEXT_ASSEMBLY_USAGE_OCCURRENCE('1','R2','',#5,#71,$);
#877 = PRODUCT_RELATED_PRODUCT_CATEGORY('part',$,(#73));
#878 = CONTEXT_DEPENDENT_SHAPE_REPRESENTATION(#879,#881);
#879 = ( REPRESENTATION_RELATIONSHIP('','',#76,#10) 
REPRESENTATION_RELATIONSHIP_WITH_TRANSFORMATION(#880) 
SHAPE_REPRESENTATION_RELATIONSHIP() );
#880 = ITEM_DEFINED_TRANSFORMATION('','',#11,#19);
#881 = PRODUCT_DEFINITION_SHAPE('Placement','Placement of an item',#882
  );
#882 = NEXT_ASSEMBLY_USAGE_OCCURRENCE('2','R3','',#5,#71,$);
#883 = SHAPE_DEFINITION_REPRESENTATION(#884,#890);
#884 = PRODUCT_DEFINITION_SHAPE('','',#885);
#885 = PRODUCT_DEFINITION('design','',#886,#889);
#886 = PRODUCT_DEFINITION_FORMATION('','',#887);
#887 = PRODUCT('C_0603_1608Metric','C_0603_1608Metric','',(#888));
#888 = PRODUCT_CONTEXT('',#2,'mechanical');
#889 = PRODUCT_DEFINITION_CONTEXT('part definition',#2,'design');
#890 = ADVANCED_BREP_SHAPE_REPRESENTATION('',(#11,#891),#1745);
#891 = MANIFOLD_SOLID_BREP('',#892);
#892 = CLOSED_SHELL('',(#893,#969,#1000,#1025,#1050,#1074,#1098,#1123,
    #1148,#1165,#1251,#1283,#1307,#1332,#1356,#1381,#1405,#1430,#1447,
    #1533,#1564,#1589,#1614,#1638,#1662,#1687,#1712,#1729));
#893 = ADVANCED_FACE('',(#894),#964,.F.);
#894 = FACE_BOUND('',#895,.F.);
#895 = EDGE_LOOP('',(#896,#906,#915,#923,#932,#940,#949,#957));
#896 = ORIENTED_EDGE('',*,*,#897,.F.);
#897 = EDGE_CURVE('',#898,#900,#902,.T.);
#898 = VERTEX_POINT('',#899);
#899 = CARTESIAN_POINT('',(-0.8,-0.4,3.E-02));
#900 = VERTEX_POINT('',#901);
#901 = CARTESIAN_POINT('',(-0.8,-0.4,0.77));
#902 = LINE('',#903,#904);
#903 = CARTESIAN_POINT('',(-0.8,-0.4,0.));
#904 = VECTOR('',#905,1.);
#905 = DIRECTION('',(0.,0.,1.));
#906 = ORIENTED_EDGE('',*,*,#907,.T.);
#907 = EDGE_CURVE('',#898,#908,#910,.T.);
#908 = VERTEX_POINT('',#909);
#909 = CARTESIAN_POINT('',(-0.8,-0.37,0.));
#910 = CIRCLE('',#911,3.E-02);
#911 = AXIS2_PLACEMENT_3D('',#912,#913,#914);
#912 = CARTESIAN_POINT('',(-0.8,-0.37,3.E-02));
#913 = DIRECTION('',(1.,0.,-0.));
#914 = DIRECTION('',(0.,0.,1.));
#915 = ORIENTED_EDGE('',*,*,#916,.T.);
#916 = EDGE_CURVE('',#908,#917,#919,.T.);
#917 = VERTEX_POINT('',#918);
#918 = CARTESIAN_POINT('',(-0.8,0.37,0.));
#919 = LINE('',#920,#921);
#920 = CARTESIAN_POINT('',(-0.8,-0.4,0.));
#921 = VECTOR('',#922,1.);
#922 = DIRECTION('',(0.,1.,0.));
#923 = ORIENTED_EDGE('',*,*,#924,.F.);
#924 = EDGE_CURVE('',#925,#917,#927,.T.);
#925 = VERTEX_POINT('',#926);
#926 = CARTESIAN_POINT('',(-0.8,0.4,3.E-02));
#927 = CIRCLE('',#928,3.E-02);
#928 = AXIS2_PLACEMENT_3D('',#929,#930,#931);
#929 = CARTESIAN_POINT('',(-0.8,0.37,3.E-02));
#930 = DIRECTION('',(-1.,0.,0.));
#931 = DIRECTION('',(0.,0.,1.));
#932 = ORIENTED_EDGE('',*,*,#933,.T.);
#933 = EDGE_CURVE('',#925,#934,#936,.T.);
#934 = VERTEX_POINT('',#935);
#935 = CARTESIAN_POINT('',(-0.8,0.4,0.77));
#936 = LINE('',#937,#938);
#937 = CARTESIAN_POINT('',(-0.8,0.4,0.));
#938 = VECTOR('',#939,1.);
#939 = DIRECTION('',(0.,0.,1.));
#940 = ORIENTED_EDGE('',*,*,#941,.T.);
#941 = EDGE_CURVE('',#934,#942,#944,.T.);
#942 = VERTEX_POINT('',#943);
#943 = CARTESIAN_POINT('',(-0.8,0.37,0.8));
#944 = CIRCLE('',#945,3.E-02);
#945 = AXIS2_PLACEMENT_3D('',#946,#947,#948);
#946 = CARTESIAN_POINT('',(-0.8,0.37,0.77));
#947 = DIRECTION('',(1.,0.,-0.));
#948 = DIRECTION('',(0.,0.,1.));
#949 = ORIENTED_EDGE('',*,*,#950,.F.);
#950 = EDGE_CURVE('',#951,#942,#953,.T.);
#951 = VERTEX_POINT('',#952);
#952 = CARTESIAN_POINT('',(-0.8,-0.37,0.8));
#953 = LINE('',#954,#955);
#954 = CARTESIAN_POINT('',(-0.8,-0.4,0.8));
#955 = VECTOR('',#956,1.);
#956 = DIRECTION('',(0.,1.,0.));
#957 = ORIENTED_EDGE('',*,*,#958,.F.);
#958 = EDGE_CURVE('',#900,#951,#959,.T.);
#959 = CIRCLE('',#960,3.E-02);
#960 = AXIS2_PLACEMENT_3D('',#961,#962,#963);
#961 = CARTESIAN_POINT('',(-0.8,-0.37,0.77));
#962 = DIRECTION('',(-1.,0.,0.));
#963 = DIRECTION('',(0.,0.,1.));
#964 = PLANE('',#965);
#965 = AXIS2_PLACEMENT_3D('',#966,#967,#968);
#966 = CARTESIAN_POINT('',(-0.8,-0.4,0.));
#967 = DIRECTION('',(1.,0.,0.));
#968 = DIRECTION('',(0.,0.,1.));
#969 = ADVANCED_FACE('',(#970),#995,.F.);
#970 = FACE_BOUND('',#971,.F.);
#971 = EDGE_LOOP('',(#972,#982,#988,#989));
#972 = ORIENTED_EDGE('',*,*,#973,.F.);
#973 = EDGE_CURVE('',#974,#976,#978,.T.);
#974 = VERTEX_POINT('',#975);
#975 = CARTESIAN_POINT('',(-0.5,-0.4,3.E-02));
#976 = VERTEX_POINT('',#977);
#977 = CARTESIAN_POINT('',(-0.5,-0.4,0.77));
#978 = LINE('',#979,#980);
#979 = CARTESIAN_POINT('',(-0.5,-0.4,0.));
#980 = VECTOR('',#981,1.);
#981 = DIRECTION('',(0.,0.,1.));
#982 = ORIENTED_EDGE('',*,*,#983,.F.);
#983 = EDGE_CURVE('',#898,#974,#984,.T.);
#984 = LINE('',#985,#986);
#985 = CARTESIAN_POINT('',(-0.8,-0.4,3.E-02));
#986 = VECTOR('',#987,1.);
#987 = DIRECTION('',(1.,0.,0.));
#988 = ORIENTED_EDGE('',*,*,#897,.T.);
#989 = ORIENTED_EDGE('',*,*,#990,.T.);
#990 = EDGE_CURVE('',#900,#976,#991,.T.);
#991 = LINE('',#992,#993);
#992 = CARTESIAN_POINT('',(-0.8,-0.4,0.77));
#993 = VECTOR('',#994,1.);
#994 = DIRECTION('',(1.,0.,0.));
#995 = PLANE('',#996);
#996 = AXIS2_PLACEMENT_3D('',#997,#998,#999);
#997 = CARTESIAN_POINT('',(-0.8,-0.4,0.));
#998 = DIRECTION('',(0.,1.,0.));
#999 = DIRECTION('',(0.,-0.,1.));
#1000 = ADVANCED_FACE('',(#1001),#1020,.T.);
#1001 = FACE_BOUND('',#1002,.T.);
#1002 = EDGE_LOOP('',(#1003,#1004,#1012,#1019));
#1003 = ORIENTED_EDGE('',*,*,#907,.T.);
#1004 = ORIENTED_EDGE('',*,*,#1005,.T.);
#1005 = EDGE_CURVE('',#908,#1006,#1008,.T.);
#1006 = VERTEX_POINT('',#1007);
#1007 = CARTESIAN_POINT('',(-0.5,-0.37,0.));
#1008 = LINE('',#1009,#1010);
#1009 = CARTESIAN_POINT('',(-0.8,-0.37,0.));
#1010 = VECTOR('',#1011,1.);
#1011 = DIRECTION('',(1.,0.,0.));
#1012 = ORIENTED_EDGE('',*,*,#1013,.F.);
#1013 = EDGE_CURVE('',#974,#1006,#1014,.T.);
#1014 = CIRCLE('',#1015,3.E-02);
#1015 = AXIS2_PLACEMENT_3D('',#1016,#1017,#1018);
#1016 = CARTESIAN_POINT('',(-0.5,-0.37,3.E-02));
#1017 = DIRECTION('',(1.,0.,-0.));
#1018 = DIRECTION('',(0.,0.,1.));
#1019 = ORIENTED_EDGE('',*,*,#983,.F.);
#1020 = CYLINDRICAL_SURFACE('',#1021,3.E-02);
#1021 = AXIS2_PLACEMENT_3D('',#1022,#1023,#1024);
#1022 = CARTESIAN_POINT('',(-0.8,-0.37,3.E-02));
#1023 = DIRECTION('',(1.,0.,0.));
#1024 = DIRECTION('',(0.,-1.,0.));
#1025 = ADVANCED_FACE('',(#1026),#1045,.T.);
#1026 = FACE_BOUND('',#1027,.T.);
#1027 = EDGE_LOOP('',(#1028,#1029,#1038,#1044));
#1028 = ORIENTED_EDGE('',*,*,#990,.T.);
#1029 = ORIENTED_EDGE('',*,*,#1030,.T.);
#1030 = EDGE_CURVE('',#976,#1031,#1033,.T.);
#1031 = VERTEX_POINT('',#1032);
#1032 = CARTESIAN_POINT('',(-0.5,-0.37,0.8));
#1033 = CIRCLE('',#1034,3.E-02);
#1034 = AXIS2_PLACEMENT_3D('',#1035,#1036,#1037);
#1035 = CARTESIAN_POINT('',(-0.5,-0.37,0.77));
#1036 = DIRECTION('',(-1.,0.,0.));
#1037 = DIRECTION('',(0.,0.,1.));
#1038 = ORIENTED_EDGE('',*,*,#1039,.F.);
#1039 = EDGE_CURVE('',#951,#1031,#1040,.T.);
#1040 = LINE('',#1041,#1042);
#1041 = CARTESIAN_POINT('',(-0.8,-0.37,0.8));
#1042 = VECTOR('',#1043,1.);
#1043 = DIRECTION('',(1.,0.,0.));
#1044 = ORIENTED_EDGE('',*,*,#958,.F.);
#1045 = CYLINDRICAL_SURFACE('',#1046,3.E-02);
#1046 = AXIS2_PLACEMENT_3D('',#1047,#1048,#1049);
#1047 = CARTESIAN_POINT('',(-0.8,-0.37,0.77));
#1048 = DIRECTION('',(1.,0.,0.));
#1049 = DIRECTION('',(0.,-1.,0.));
#1050 = ADVANCED_FACE('',(#1051),#1069,.F.);
#1051 = FACE_BOUND('',#1052,.F.);
#1052 = EDGE_LOOP('',(#1053,#1054,#1055,#1063));
#1053 = ORIENTED_EDGE('',*,*,#916,.F.);
#1054 = ORIENTED_EDGE('',*,*,#1005,.T.);
#1055 = ORIENTED_EDGE('',*,*,#1056,.T.);
#1056 = EDGE_CURVE('',#1006,#1057,#1059,.T.);
#1057 = VERTEX_POINT('',#1058);
#1058 = CARTESIAN_POINT('',(-0.5,0.37,0.));
#1059 = LINE('',#1060,#1061);
#1060 = CARTESIAN_POINT('',(-0.5,-0.4,0.));
#1061 = VECTOR('',#1062,1.);
#1062 = DIRECTION('',(0.,1.,0.));
#1063 = ORIENTED_EDGE('',*,*,#1064,.F.);
#1064 = EDGE_CURVE('',#917,#1057,#1065,.T.);
#1065 = LINE('',#1066,#1067);
#1066 = CARTESIAN_POINT('',(-0.8,0.37,0.));
#1067 = VECTOR('',#1068,1.);
#1068 = DIRECTION('',(1.,0.,0.));
#1069 = PLANE('',#1070);
#1070 = AXIS2_PLACEMENT_3D('',#1071,#1072,#1073);
#1071 = CARTESIAN_POINT('',(-0.8,-0.4,0.));
#1072 = DIRECTION('',(0.,0.,1.));
#1073 = DIRECTION('',(1.,0.,-0.));
#1074 = ADVANCED_FACE('',(#1075),#1093,.T.);
#1075 = FACE_BOUND('',#1076,.T.);
#1076 = EDGE_LOOP('',(#1077,#1078,#1079,#1087));
#1077 = ORIENTED_EDGE('',*,*,#950,.F.);
#1078 = ORIENTED_EDGE('',*,*,#1039,.T.);
#1079 = ORIENTED_EDGE('',*,*,#1080,.T.);
#1080 = EDGE_CURVE('',#1031,#1081,#1083,.T.);
#1081 = VERTEX_POINT('',#1082);
#1082 = CARTESIAN_POINT('',(-0.5,0.37,0.8));
#1083 = LINE('',#1084,#1085);
#1084 = CARTESIAN_POINT('',(-0.5,-0.4,0.8));
#1085 = VECTOR('',#1086,1.);
#1086 = DIRECTION('',(0.,1.,0.));
#1087 = ORIENTED_EDGE('',*,*,#1088,.F.);
#1088 = EDGE_CURVE('',#942,#1081,#1089,.T.);
#1089 = LINE('',#1090,#1091);
#1090 = CARTESIAN_POINT('',(-0.8,0.37,0.8));
#1091 = VECTOR('',#1092,1.);
#1092 = DIRECTION('',(1.,0.,0.));
#1093 = PLANE('',#1094);
#1094 = AXIS2_PLACEMENT_3D('',#1095,#1096,#1097);
#1095 = CARTESIAN_POINT('',(-0.8,-0.4,0.8));
#1096 = DIRECTION('',(0.,0.,1.));
#1097 = DIRECTION('',(1.,0.,-0.));
#1098 = ADVANCED_FACE('',(#1099),#1118,.T.);
#1099 = FACE_BOUND('',#1100,.T.);
#1100 = EDGE_LOOP('',(#1101,#1109,#1116,#1117));
#1101 = ORIENTED_EDGE('',*,*,#1102,.T.);
#1102 = EDGE_CURVE('',#925,#1103,#1105,.T.);
#1103 = VERTEX_POINT('',#1104);
#1104 = CARTESIAN_POINT('',(-0.5,0.4,3.E-02));
#1105 = LINE('',#1106,#1107);
#1106 = CARTESIAN_POINT('',(-0.8,0.4,3.E-02));
#1107 = VECTOR('',#1108,1.);
#1108 = DIRECTION('',(1.,0.,0.));
#1109 = ORIENTED_EDGE('',*,*,#1110,.T.);
#1110 = EDGE_CURVE('',#1103,#1057,#1111,.T.);
#1111 = CIRCLE('',#1112,3.E-02);
#1112 = AXIS2_PLACEMENT_3D('',#1113,#1114,#1115);
#1113 = CARTESIAN_POINT('',(-0.5,0.37,3.E-02));
#1114 = DIRECTION('',(-1.,0.,0.));
#1115 = DIRECTION('',(0.,0.,1.));
#1116 = ORIENTED_EDGE('',*,*,#1064,.F.);
#1117 = ORIENTED_EDGE('',*,*,#924,.F.);
#1118 = CYLINDRICAL_SURFACE('',#1119,3.E-02);
#1119 = AXIS2_PLACEMENT_3D('',#1120,#1121,#1122);
#1120 = CARTESIAN_POINT('',(-0.8,0.37,3.E-02));
#1121 = DIRECTION('',(1.,0.,0.));
#1122 = DIRECTION('',(-0.,1.,0.));
#1123 = ADVANCED_FACE('',(#1124),#1143,.T.);
#1124 = FACE_BOUND('',#1125,.T.);
#1125 = EDGE_LOOP('',(#1126,#1127,#1128,#1137));
#1126 = ORIENTED_EDGE('',*,*,#941,.T.);
#1127 = ORIENTED_EDGE('',*,*,#1088,.T.);
#1128 = ORIENTED_EDGE('',*,*,#1129,.F.);
#1129 = EDGE_CURVE('',#1130,#1081,#1132,.T.);
#1130 = VERTEX_POINT('',#1131);
#1131 = CARTESIAN_POINT('',(-0.5,0.4,0.77));
#1132 = CIRCLE('',#1133,3.E-02);
#1133 = AXIS2_PLACEMENT_3D('',#1134,#1135,#1136);
#1134 = CARTESIAN_POINT('',(-0.5,0.37,0.77));
#1135 = DIRECTION('',(1.,0.,-0.));
#1136 = DIRECTION('',(0.,0.,1.));
#1137 = ORIENTED_EDGE('',*,*,#1138,.F.);
#1138 = EDGE_CURVE('',#934,#1130,#1139,.T.);
#1139 = LINE('',#1140,#1141);
#1140 = CARTESIAN_POINT('',(-0.8,0.4,0.77));
#1141 = VECTOR('',#1142,1.);
#1142 = DIRECTION('',(1.,0.,0.));
#1143 = CYLINDRICAL_SURFACE('',#1144,3.E-02);
#1144 = AXIS2_PLACEMENT_3D('',#1145,#1146,#1147);
#1145 = CARTESIAN_POINT('',(-0.8,0.37,0.77));
#1146 = DIRECTION('',(1.,0.,0.));
#1147 = DIRECTION('',(-0.,1.,0.));
#1148 = ADVANCED_FACE('',(#1149),#1160,.T.);
#1149 = FACE_BOUND('',#1150,.T.);
#1150 = EDGE_LOOP('',(#1151,#1157,#1158,#1159));
#1151 = ORIENTED_EDGE('',*,*,#1152,.F.);
#1152 = EDGE_CURVE('',#1103,#1130,#1153,.T.);
#1153 = LINE('',#1154,#1155);
#1154 = CARTESIAN_POINT('',(-0.5,0.4,0.));
#1155 = VECTOR('',#1156,1.);
#1156 = DIRECTION('',(0.,0.,1.));
#1157 = ORIENTED_EDGE('',*,*,#1102,.F.);
#1158 = ORIENTED_EDGE('',*,*,#933,.T.);
#1159 = ORIENTED_EDGE('',*,*,#1138,.T.);
#1160 = PLANE('',#1161);
#1161 = AXIS2_PLACEMENT_3D('',#1162,#1163,#1164);
#1162 = CARTESIAN_POINT('',(-0.8,0.4,0.));
#1163 = DIRECTION('',(0.,1.,0.));
#1164 = DIRECTION('',(0.,-0.,1.));
#1165 = ADVANCED_FACE('',(#1166,#1176),#1246,.T.);
#1166 = FACE_BOUND('',#1167,.T.);
#1167 = EDGE_LOOP('',(#1168,#1169,#1170,#1171,#1172,#1173,#1174,#1175));
#1168 = ORIENTED_EDGE('',*,*,#973,.F.);
#1169 = ORIENTED_EDGE('',*,*,#1013,.T.);
#1170 = ORIENTED_EDGE('',*,*,#1056,.T.);
#1171 = ORIENTED_EDGE('',*,*,#1110,.F.);
#1172 = ORIENTED_EDGE('',*,*,#1152,.T.);
#1173 = ORIENTED_EDGE('',*,*,#1129,.T.);
#1174 = ORIENTED_EDGE('',*,*,#1080,.F.);
#1175 = ORIENTED_EDGE('',*,*,#1030,.F.);
#1176 = FACE_BOUND('',#1177,.T.);
#1177 = EDGE_LOOP('',(#1178,#1189,#1197,#1206,#1214,#1223,#1231,#1240));
#1178 = ORIENTED_EDGE('',*,*,#1179,.F.);
#1179 = EDGE_CURVE('',#1180,#1182,#1184,.T.);
#1180 = VERTEX_POINT('',#1181);
#1181 = CARTESIAN_POINT('',(-0.5,-0.37,6.E-02));
#1182 = VERTEX_POINT('',#1183);
#1183 = CARTESIAN_POINT('',(-0.5,-0.34,3.E-02));
#1184 = CIRCLE('',#1185,3.E-02);
#1185 = AXIS2_PLACEMENT_3D('',#1186,#1187,#1188);
#1186 = CARTESIAN_POINT('',(-0.5,-0.34,6.E-02));
#1187 = DIRECTION('',(1.,0.,-0.));
#1188 = DIRECTION('',(0.,0.,1.));
#1189 = ORIENTED_EDGE('',*,*,#1190,.T.);
#1190 = EDGE_CURVE('',#1180,#1191,#1193,.T.);
#1191 = VERTEX_POINT('',#1192);
#1192 = CARTESIAN_POINT('',(-0.5,-0.37,0.74));
#1193 = LINE('',#1194,#1195);
#1194 = CARTESIAN_POINT('',(-0.5,-0.37,3.E-02));
#1195 = VECTOR('',#1196,1.);
#1196 = DIRECTION('',(0.,0.,1.));
#1197 = ORIENTED_EDGE('',*,*,#1198,.T.);
#1198 = EDGE_CURVE('',#1191,#1199,#1201,.T.);
#1199 = VERTEX_POINT('',#1200);
#1200 = CARTESIAN_POINT('',(-0.5,-0.34,0.77));
#1201 = CIRCLE('',#1202,3.E-02);
#1202 = AXIS2_PLACEMENT_3D('',#1203,#1204,#1205);
#1203 = CARTESIAN_POINT('',(-0.5,-0.34,0.74));
#1204 = DIRECTION('',(-1.,0.,0.));
#1205 = DIRECTION('',(0.,0.,1.));
#1206 = ORIENTED_EDGE('',*,*,#1207,.T.);
#1207 = EDGE_CURVE('',#1199,#1208,#1210,.T.);
#1208 = VERTEX_POINT('',#1209);
#1209 = CARTESIAN_POINT('',(-0.5,0.34,0.77));
#1210 = LINE('',#1211,#1212);
#1211 = CARTESIAN_POINT('',(-0.5,-0.37,0.77));
#1212 = VECTOR('',#1213,1.);
#1213 = DIRECTION('',(0.,1.,0.));
#1214 = ORIENTED_EDGE('',*,*,#1215,.F.);
#1215 = EDGE_CURVE('',#1216,#1208,#1218,.T.);
#1216 = VERTEX_POINT('',#1217);
#1217 = CARTESIAN_POINT('',(-0.5,0.37,0.74));
#1218 = CIRCLE('',#1219,3.E-02);
#1219 = AXIS2_PLACEMENT_3D('',#1220,#1221,#1222);
#1220 = CARTESIAN_POINT('',(-0.5,0.34,0.74));
#1221 = DIRECTION('',(1.,0.,-0.));
#1222 = DIRECTION('',(0.,0.,1.));
#1223 = ORIENTED_EDGE('',*,*,#1224,.F.);
#1224 = EDGE_CURVE('',#1225,#1216,#1227,.T.);
#1225 = VERTEX_POINT('',#1226);
#1226 = CARTESIAN_POINT('',(-0.5,0.37,6.E-02));
#1227 = LINE('',#1228,#1229);
#1228 = CARTESIAN_POINT('',(-0.5,0.37,3.E-02));
#1229 = VECTOR('',#1230,1.);
#1230 = DIRECTION('',(0.,0.,1.));
#1231 = ORIENTED_EDGE('',*,*,#1232,.T.);
#1232 = EDGE_CURVE('',#1225,#1233,#1235,.T.);
#1233 = VERTEX_POINT('',#1234);
#1234 = CARTESIAN_POINT('',(-0.5,0.34,3.E-02));
#1235 = CIRCLE('',#1236,3.E-02);
#1236 = AXIS2_PLACEMENT_3D('',#1237,#1238,#1239);
#1237 = CARTESIAN_POINT('',(-0.5,0.34,6.E-02));
#1238 = DIRECTION('',(-1.,0.,0.));
#1239 = DIRECTION('',(0.,0.,1.));
#1240 = ORIENTED_EDGE('',*,*,#1241,.F.);
#1241 = EDGE_CURVE('',#1182,#1233,#1242,.T.);
#1242 = LINE('',#1243,#1244);
#1243 = CARTESIAN_POINT('',(-0.5,-0.37,3.E-02));
#1244 = VECTOR('',#1245,1.);
#1245 = DIRECTION('',(0.,1.,0.));
#1246 = PLANE('',#1247);
#1247 = AXIS2_PLACEMENT_3D('',#1248,#1249,#1250);
#1248 = CARTESIAN_POINT('',(-0.5,-0.4,0.));
#1249 = DIRECTION('',(1.,0.,0.));
#1250 = DIRECTION('',(0.,0.,1.));
#1251 = ADVANCED_FACE('',(#1252),#1278,.T.);
#1252 = FACE_BOUND('',#1253,.T.);
#1253 = EDGE_LOOP('',(#1254,#1255,#1263,#1272));
#1254 = ORIENTED_EDGE('',*,*,#1179,.T.);
#1255 = ORIENTED_EDGE('',*,*,#1256,.T.);
#1256 = EDGE_CURVE('',#1182,#1257,#1259,.T.);
#1257 = VERTEX_POINT('',#1258);
#1258 = CARTESIAN_POINT('',(0.5,-0.34,3.E-02));
#1259 = LINE('',#1260,#1261);
#1260 = CARTESIAN_POINT('',(-0.5,-0.34,3.E-02));
#1261 = VECTOR('',#1262,1.);
#1262 = DIRECTION('',(1.,0.,0.));
#1263 = ORIENTED_EDGE('',*,*,#1264,.F.);
#1264 = EDGE_CURVE('',#1265,#1257,#1267,.T.);
#1265 = VERTEX_POINT('',#1266);
#1266 = CARTESIAN_POINT('',(0.5,-0.37,6.E-02));
#1267 = CIRCLE('',#1268,3.E-02);
#1268 = AXIS2_PLACEMENT_3D('',#1269,#1270,#1271);
#1269 = CARTESIAN_POINT('',(0.5,-0.34,6.E-02));
#1270 = DIRECTION('',(1.,0.,-0.));
#1271 = DIRECTION('',(0.,0.,1.));
#1272 = ORIENTED_EDGE('',*,*,#1273,.F.);
#1273 = EDGE_CURVE('',#1180,#1265,#1274,.T.);
#1274 = LINE('',#1275,#1276);
#1275 = CARTESIAN_POINT('',(-0.5,-0.37,6.E-02));
#1276 = VECTOR('',#1277,1.);
#1277 = DIRECTION('',(1.,0.,0.));
#1278 = CYLINDRICAL_SURFACE('',#1279,3.E-02);
#1279 = AXIS2_PLACEMENT_3D('',#1280,#1281,#1282);
#1280 = CARTESIAN_POINT('',(-0.5,-0.34,6.E-02));
#1281 = DIRECTION('',(1.,0.,0.));
#1282 = DIRECTION('',(0.,-1.,0.));
#1283 = ADVANCED_FACE('',(#1284),#1302,.F.);
#1284 = FACE_BOUND('',#1285,.F.);
#1285 = EDGE_LOOP('',(#1286,#1287,#1288,#1296));
#1286 = ORIENTED_EDGE('',*,*,#1241,.F.);
#1287 = ORIENTED_EDGE('',*,*,#1256,.T.);
#1288 = ORIENTED_EDGE('',*,*,#1289,.T.);
#1289 = EDGE_CURVE('',#1257,#1290,#1292,.T.);
#1290 = VERTEX_POINT('',#1291);
#1291 = CARTESIAN_POINT('',(0.5,0.34,3.E-02));
#1292 = LINE('',#1293,#1294);
#1293 = CARTESIAN_POINT('',(0.5,-0.37,3.E-02));
#1294 = VECTOR('',#1295,1.);
#1295 = DIRECTION('',(0.,1.,0.));
#1296 = ORIENTED_EDGE('',*,*,#1297,.F.);
#1297 = EDGE_CURVE('',#1233,#1290,#1298,.T.);
#1298 = LINE('',#1299,#1300);
#1299 = CARTESIAN_POINT('',(-0.5,0.34,3.E-02));
#1300 = VECTOR('',#1301,1.);
#1301 = DIRECTION('',(1.,0.,0.));
#1302 = PLANE('',#1303);
#1303 = AXIS2_PLACEMENT_3D('',#1304,#1305,#1306);
#1304 = CARTESIAN_POINT('',(-0.5,-0.37,3.E-02));
#1305 = DIRECTION('',(0.,0.,1.));
#1306 = DIRECTION('',(1.,0.,-0.));
#1307 = ADVANCED_FACE('',(#1308),#1327,.T.);
#1308 = FACE_BOUND('',#1309,.T.);
#1309 = EDGE_LOOP('',(#1310,#1318,#1325,#1326));
#1310 = ORIENTED_EDGE('',*,*,#1311,.T.);
#1311 = EDGE_CURVE('',#1225,#1312,#1314,.T.);
#1312 = VERTEX_POINT('',#1313);
#1313 = CARTESIAN_POINT('',(0.5,0.37,6.E-02));
#1314 = LINE('',#1315,#1316);
#1315 = CARTESIAN_POINT('',(-0.5,0.37,6.E-02));
#1316 = VECTOR('',#1317,1.);
#1317 = DIRECTION('',(1.,0.,0.));
#1318 = ORIENTED_EDGE('',*,*,#1319,.T.);
#1319 = EDGE_CURVE('',#1312,#1290,#1320,.T.);
#1320 = CIRCLE('',#1321,3.E-02);
#1321 = AXIS2_PLACEMENT_3D('',#1322,#1323,#1324);
#1322 = CARTESIAN_POINT('',(0.5,0.34,6.E-02));
#1323 = DIRECTION('',(-1.,0.,0.));
#1324 = DIRECTION('',(0.,0.,1.));
#1325 = ORIENTED_EDGE('',*,*,#1297,.F.);
#1326 = ORIENTED_EDGE('',*,*,#1232,.F.);
#1327 = CYLINDRICAL_SURFACE('',#1328,3.E-02);
#1328 = AXIS2_PLACEMENT_3D('',#1329,#1330,#1331);
#1329 = CARTESIAN_POINT('',(-0.5,0.34,6.E-02));
#1330 = DIRECTION('',(1.,0.,0.));
#1331 = DIRECTION('',(-0.,1.,0.));
#1332 = ADVANCED_FACE('',(#1333),#1351,.T.);
#1333 = FACE_BOUND('',#1334,.T.);
#1334 = EDGE_LOOP('',(#1335,#1343,#1344,#1345));
#1335 = ORIENTED_EDGE('',*,*,#1336,.F.);
#1336 = EDGE_CURVE('',#1312,#1337,#1339,.T.);
#1337 = VERTEX_POINT('',#1338);
#1338 = CARTESIAN_POINT('',(0.5,0.37,0.74));
#1339 = LINE('',#1340,#1341);
#1340 = CARTESIAN_POINT('',(0.5,0.37,3.E-02));
#1341 = VECTOR('',#1342,1.);
#1342 = DIRECTION('',(0.,0.,1.));
#1343 = ORIENTED_EDGE('',*,*,#1311,.F.);
#1344 = ORIENTED_EDGE('',*,*,#1224,.T.);
#1345 = ORIENTED_EDGE('',*,*,#1346,.T.);
#1346 = EDGE_CURVE('',#1216,#1337,#1347,.T.);
#1347 = LINE('',#1348,#1349);
#1348 = CARTESIAN_POINT('',(-0.5,0.37,0.74));
#1349 = VECTOR('',#1350,1.);
#1350 = DIRECTION('',(1.,0.,0.));
#1351 = PLANE('',#1352);
#1352 = AXIS2_PLACEMENT_3D('',#1353,#1354,#1355);
#1353 = CARTESIAN_POINT('',(-0.5,0.37,3.E-02));
#1354 = DIRECTION('',(0.,1.,0.));
#1355 = DIRECTION('',(0.,-0.,1.));
#1356 = ADVANCED_FACE('',(#1357),#1376,.T.);
#1357 = FACE_BOUND('',#1358,.T.);
#1358 = EDGE_LOOP('',(#1359,#1360,#1368,#1375));
#1359 = ORIENTED_EDGE('',*,*,#1215,.T.);
#1360 = ORIENTED_EDGE('',*,*,#1361,.T.);
#1361 = EDGE_CURVE('',#1208,#1362,#1364,.T.);
#1362 = VERTEX_POINT('',#1363);
#1363 = CARTESIAN_POINT('',(0.5,0.34,0.77));
#1364 = LINE('',#1365,#1366);
#1365 = CARTESIAN_POINT('',(-0.5,0.34,0.77));
#1366 = VECTOR('',#1367,1.);
#1367 = DIRECTION('',(1.,0.,0.));
#1368 = ORIENTED_EDGE('',*,*,#1369,.F.);
#1369 = EDGE_CURVE('',#1337,#1362,#1370,.T.);
#1370 = CIRCLE('',#1371,3.E-02);
#1371 = AXIS2_PLACEMENT_3D('',#1372,#1373,#1374);
#1372 = CARTESIAN_POINT('',(0.5,0.34,0.74));
#1373 = DIRECTION('',(1.,0.,-0.));
#1374 = DIRECTION('',(0.,0.,1.));
#1375 = ORIENTED_EDGE('',*,*,#1346,.F.);
#1376 = CYLINDRICAL_SURFACE('',#1377,3.E-02);
#1377 = AXIS2_PLACEMENT_3D('',#1378,#1379,#1380);
#1378 = CARTESIAN_POINT('',(-0.5,0.34,0.74));
#1379 = DIRECTION('',(1.,0.,0.));
#1380 = DIRECTION('',(-0.,1.,0.));
#1381 = ADVANCED_FACE('',(#1382),#1400,.T.);
#1382 = FACE_BOUND('',#1383,.T.);
#1383 = EDGE_LOOP('',(#1384,#1385,#1393,#1399));
#1384 = ORIENTED_EDGE('',*,*,#1207,.F.);
#1385 = ORIENTED_EDGE('',*,*,#1386,.T.);
#1386 = EDGE_CURVE('',#1199,#1387,#1389,.T.);
#1387 = VERTEX_POINT('',#1388);
#1388 = CARTESIAN_POINT('',(0.5,-0.34,0.77));
#1389 = LINE('',#1390,#1391);
#1390 = CARTESIAN_POINT('',(-0.5,-0.34,0.77));
#1391 = VECTOR('',#1392,1.);
#1392 = DIRECTION('',(1.,0.,0.));
#1393 = ORIENTED_EDGE('',*,*,#1394,.T.);
#1394 = EDGE_CURVE('',#1387,#1362,#1395,.T.);
#1395 = LINE('',#1396,#1397);
#1396 = CARTESIAN_POINT('',(0.5,-0.37,0.77));
#1397 = VECTOR('',#1398,1.);
#1398 = DIRECTION('',(0.,1.,0.));
#1399 = ORIENTED_EDGE('',*,*,#1361,.F.);
#1400 = PLANE('',#1401);
#1401 = AXIS2_PLACEMENT_3D('',#1402,#1403,#1404);
#1402 = CARTESIAN_POINT('',(-0.5,-0.37,0.77));
#1403 = DIRECTION('',(0.,0.,1.));
#1404 = DIRECTION('',(1.,0.,-0.));
#1405 = ADVANCED_FACE('',(#1406),#1425,.T.);
#1406 = FACE_BOUND('',#1407,.T.);
#1407 = EDGE_LOOP('',(#1408,#1416,#1423,#1424));
#1408 = ORIENTED_EDGE('',*,*,#1409,.T.);
#1409 = EDGE_CURVE('',#1191,#1410,#1412,.T.);
#1410 = VERTEX_POINT('',#1411);
#1411 = CARTESIAN_POINT('',(0.5,-0.37,0.74));
#1412 = LINE('',#1413,#1414);
#1413 = CARTESIAN_POINT('',(-0.5,-0.37,0.74));
#1414 = VECTOR('',#1415,1.);
#1415 = DIRECTION('',(1.,0.,0.));
#1416 = ORIENTED_EDGE('',*,*,#1417,.T.);
#1417 = EDGE_CURVE('',#1410,#1387,#1418,.T.);
#1418 = CIRCLE('',#1419,3.E-02);
#1419 = AXIS2_PLACEMENT_3D('',#1420,#1421,#1422);
#1420 = CARTESIAN_POINT('',(0.5,-0.34,0.74));
#1421 = DIRECTION('',(-1.,0.,0.));
#1422 = DIRECTION('',(0.,0.,1.));
#1423 = ORIENTED_EDGE('',*,*,#1386,.F.);
#1424 = ORIENTED_EDGE('',*,*,#1198,.F.);
#1425 = CYLINDRICAL_SURFACE('',#1426,3.E-02);
#1426 = AXIS2_PLACEMENT_3D('',#1427,#1428,#1429);
#1427 = CARTESIAN_POINT('',(-0.5,-0.34,0.74));
#1428 = DIRECTION('',(1.,0.,0.));
#1429 = DIRECTION('',(0.,-1.,0.));
#1430 = ADVANCED_FACE('',(#1431),#1442,.F.);
#1431 = FACE_BOUND('',#1432,.F.);
#1432 = EDGE_LOOP('',(#1433,#1439,#1440,#1441));
#1433 = ORIENTED_EDGE('',*,*,#1434,.F.);
#1434 = EDGE_CURVE('',#1265,#1410,#1435,.T.);
#1435 = LINE('',#1436,#1437);
#1436 = CARTESIAN_POINT('',(0.5,-0.37,3.E-02));
#1437 = VECTOR('',#1438,1.);
#1438 = DIRECTION('',(0.,0.,1.));
#1439 = ORIENTED_EDGE('',*,*,#1273,.F.);
#1440 = ORIENTED_EDGE('',*,*,#1190,.T.);
#1441 = ORIENTED_EDGE('',*,*,#1409,.T.);
#1442 = PLANE('',#1443);
#1443 = AXIS2_PLACEMENT_3D('',#1444,#1445,#1446);
#1444 = CARTESIAN_POINT('',(-0.5,-0.37,3.E-02));
#1445 = DIRECTION('',(0.,1.,0.));
#1446 = DIRECTION('',(0.,-0.,1.));
#1447 = ADVANCED_FACE('',(#1448,#1518),#1528,.F.);
#1448 = FACE_BOUND('',#1449,.F.);
#1449 = EDGE_LOOP('',(#1450,#1460,#1469,#1477,#1486,#1494,#1503,#1511));
#1450 = ORIENTED_EDGE('',*,*,#1451,.F.);
#1451 = EDGE_CURVE('',#1452,#1454,#1456,.T.);
#1452 = VERTEX_POINT('',#1453);
#1453 = CARTESIAN_POINT('',(0.5,-0.4,3.E-02));
#1454 = VERTEX_POINT('',#1455);
#1455 = CARTESIAN_POINT('',(0.5,-0.4,0.77));
#1456 = LINE('',#1457,#1458);
#1457 = CARTESIAN_POINT('',(0.5,-0.4,0.));
#1458 = VECTOR('',#1459,1.);
#1459 = DIRECTION('',(0.,0.,1.));
#1460 = ORIENTED_EDGE('',*,*,#1461,.T.);
#1461 = EDGE_CURVE('',#1452,#1462,#1464,.T.);
#1462 = VERTEX_POINT('',#1463);
#1463 = CARTESIAN_POINT('',(0.5,-0.37,0.));
#1464 = CIRCLE('',#1465,3.E-02);
#1465 = AXIS2_PLACEMENT_3D('',#1466,#1467,#1468);
#1466 = CARTESIAN_POINT('',(0.5,-0.37,3.E-02));
#1467 = DIRECTION('',(1.,0.,-0.));
#1468 = DIRECTION('',(0.,0.,1.));
#1469 = ORIENTED_EDGE('',*,*,#1470,.T.);
#1470 = EDGE_CURVE('',#1462,#1471,#1473,.T.);
#1471 = VERTEX_POINT('',#1472);
#1472 = CARTESIAN_POINT('',(0.5,0.37,0.));
#1473 = LINE('',#1474,#1475);
#1474 = CARTESIAN_POINT('',(0.5,-0.4,0.));
#1475 = VECTOR('',#1476,1.);
#1476 = DIRECTION('',(0.,1.,0.));
#1477 = ORIENTED_EDGE('',*,*,#1478,.F.);
#1478 = EDGE_CURVE('',#1479,#1471,#1481,.T.);
#1479 = VERTEX_POINT('',#1480);
#1480 = CARTESIAN_POINT('',(0.5,0.4,3.E-02));
#1481 = CIRCLE('',#1482,3.E-02);
#1482 = AXIS2_PLACEMENT_3D('',#1483,#1484,#1485);
#1483 = CARTESIAN_POINT('',(0.5,0.37,3.E-02));
#1484 = DIRECTION('',(-1.,0.,0.));
#1485 = DIRECTION('',(0.,0.,1.));
#1486 = ORIENTED_EDGE('',*,*,#1487,.T.);
#1487 = EDGE_CURVE('',#1479,#1488,#1490,.T.);
#1488 = VERTEX_POINT('',#1489);
#1489 = CARTESIAN_POINT('',(0.5,0.4,0.77));
#1490 = LINE('',#1491,#1492);
#1491 = CARTESIAN_POINT('',(0.5,0.4,0.));
#1492 = VECTOR('',#1493,1.);
#1493 = DIRECTION('',(0.,0.,1.));
#1494 = ORIENTED_EDGE('',*,*,#1495,.T.);
#1495 = EDGE_CURVE('',#1488,#1496,#1498,.T.);
#1496 = VERTEX_POINT('',#1497);
#1497 = CARTESIAN_POINT('',(0.5,0.37,0.8));
#1498 = CIRCLE('',#1499,3.E-02);
#1499 = AXIS2_PLACEMENT_3D('',#1500,#1501,#1502);
#1500 = CARTESIAN_POINT('',(0.5,0.37,0.77));
#1501 = DIRECTION('',(1.,0.,-0.));
#1502 = DIRECTION('',(0.,0.,1.));
#1503 = ORIENTED_EDGE('',*,*,#1504,.F.);
#1504 = EDGE_CURVE('',#1505,#1496,#1507,.T.);
#1505 = VERTEX_POINT('',#1506);
#1506 = CARTESIAN_POINT('',(0.5,-0.37,0.8));
#1507 = LINE('',#1508,#1509);
#1508 = CARTESIAN_POINT('',(0.5,-0.4,0.8));
#1509 = VECTOR('',#1510,1.);
#1510 = DIRECTION('',(0.,1.,0.));
#1511 = ORIENTED_EDGE('',*,*,#1512,.F.);
#1512 = EDGE_CURVE('',#1454,#1505,#1513,.T.);
#1513 = CIRCLE('',#1514,3.E-02);
#1514 = AXIS2_PLACEMENT_3D('',#1515,#1516,#1517);
#1515 = CARTESIAN_POINT('',(0.5,-0.37,0.77));
#1516 = DIRECTION('',(-1.,0.,0.));
#1517 = DIRECTION('',(0.,0.,1.));
#1518 = FACE_BOUND('',#1519,.F.);
#1519 = EDGE_LOOP('',(#1520,#1521,#1522,#1523,#1524,#1525,#1526,#1527));
#1520 = ORIENTED_EDGE('',*,*,#1264,.F.);
#1521 = ORIENTED_EDGE('',*,*,#1434,.T.);
#1522 = ORIENTED_EDGE('',*,*,#1417,.T.);
#1523 = ORIENTED_EDGE('',*,*,#1394,.T.);
#1524 = ORIENTED_EDGE('',*,*,#1369,.F.);
#1525 = ORIENTED_EDGE('',*,*,#1336,.F.);
#1526 = ORIENTED_EDGE('',*,*,#1319,.T.);
#1527 = ORIENTED_EDGE('',*,*,#1289,.F.);
#1528 = PLANE('',#1529);
#1529 = AXIS2_PLACEMENT_3D('',#1530,#1531,#1532);
#1530 = CARTESIAN_POINT('',(0.5,-0.4,0.));
#1531 = DIRECTION('',(1.,0.,0.));
#1532 = DIRECTION('',(0.,0.,1.));
#1533 = ADVANCED_FACE('',(#1534),#1559,.F.);
#1534 = FACE_BOUND('',#1535,.F.);
#1535 = EDGE_LOOP('',(#1536,#1546,#1552,#1553));
#1536 = ORIENTED_EDGE('',*,*,#1537,.F.);
#1537 = EDGE_CURVE('',#1538,#1540,#1542,.T.);
#1538 = VERTEX_POINT('',#1539);
#1539 = CARTESIAN_POINT('',(0.8,-0.4,3.E-02));
#1540 = VERTEX_POINT('',#1541);
#1541 = CARTESIAN_POINT('',(0.8,-0.4,0.77));
#1542 = LINE('',#1543,#1544);
#1543 = CARTESIAN_POINT('',(0.8,-0.4,0.));
#1544 = VECTOR('',#1545,1.);
#1545 = DIRECTION('',(0.,0.,1.));
#1546 = ORIENTED_EDGE('',*,*,#1547,.F.);
#1547 = EDGE_CURVE('',#1452,#1538,#1548,.T.);
#1548 = LINE('',#1549,#1550);
#1549 = CARTESIAN_POINT('',(0.5,-0.4,3.E-02));
#1550 = VECTOR('',#1551,1.);
#1551 = DIRECTION('',(1.,0.,0.));
#1552 = ORIENTED_EDGE('',*,*,#1451,.T.);
#1553 = ORIENTED_EDGE('',*,*,#1554,.T.);
#1554 = EDGE_CURVE('',#1454,#1540,#1555,.T.);
#1555 = LINE('',#1556,#1557);
#1556 = CARTESIAN_POINT('',(0.5,-0.4,0.77));
#1557 = VECTOR('',#1558,1.);
#1558 = DIRECTION('',(1.,0.,0.));
#1559 = PLANE('',#1560);
#1560 = AXIS2_PLACEMENT_3D('',#1561,#1562,#1563);
#1561 = CARTESIAN_POINT('',(0.5,-0.4,0.));
#1562 = DIRECTION('',(0.,1.,0.));
#1563 = DIRECTION('',(0.,-0.,1.));
#1564 = ADVANCED_FACE('',(#1565),#1584,.T.);
#1565 = FACE_BOUND('',#1566,.T.);
#1566 = EDGE_LOOP('',(#1567,#1568,#1576,#1583));
#1567 = ORIENTED_EDGE('',*,*,#1461,.T.);
#1568 = ORIENTED_EDGE('',*,*,#1569,.T.);
#1569 = EDGE_CURVE('',#1462,#1570,#1572,.T.);
#1570 = VERTEX_POINT('',#1571);
#1571 = CARTESIAN_POINT('',(0.8,-0.37,0.));
#1572 = LINE('',#1573,#1574);
#1573 = CARTESIAN_POINT('',(0.5,-0.37,0.));
#1574 = VECTOR('',#1575,1.);
#1575 = DIRECTION('',(1.,0.,0.));
#1576 = ORIENTED_EDGE('',*,*,#1577,.F.);
#1577 = EDGE_CURVE('',#1538,#1570,#1578,.T.);
#1578 = CIRCLE('',#1579,3.E-02);
#1579 = AXIS2_PLACEMENT_3D('',#1580,#1581,#1582);
#1580 = CARTESIAN_POINT('',(0.8,-0.37,3.E-02));
#1581 = DIRECTION('',(1.,0.,-0.));
#1582 = DIRECTION('',(0.,0.,1.));
#1583 = ORIENTED_EDGE('',*,*,#1547,.F.);
#1584 = CYLINDRICAL_SURFACE('',#1585,3.E-02);
#1585 = AXIS2_PLACEMENT_3D('',#1586,#1587,#1588);
#1586 = CARTESIAN_POINT('',(0.5,-0.37,3.E-02));
#1587 = DIRECTION('',(1.,0.,0.));
#1588 = DIRECTION('',(0.,-1.,0.));
#1589 = ADVANCED_FACE('',(#1590),#1609,.T.);
#1590 = FACE_BOUND('',#1591,.T.);
#1591 = EDGE_LOOP('',(#1592,#1593,#1602,#1608));
#1592 = ORIENTED_EDGE('',*,*,#1554,.T.);
#1593 = ORIENTED_EDGE('',*,*,#1594,.T.);
#1594 = EDGE_CURVE('',#1540,#1595,#1597,.T.);
#1595 = VERTEX_POINT('',#1596);
#1596 = CARTESIAN_POINT('',(0.8,-0.37,0.8));
#1597 = CIRCLE('',#1598,3.E-02);
#1598 = AXIS2_PLACEMENT_3D('',#1599,#1600,#1601);
#1599 = CARTESIAN_POINT('',(0.8,-0.37,0.77));
#1600 = DIRECTION('',(-1.,0.,0.));
#1601 = DIRECTION('',(0.,0.,1.));
#1602 = ORIENTED_EDGE('',*,*,#1603,.F.);
#1603 = EDGE_CURVE('',#1505,#1595,#1604,.T.);
#1604 = LINE('',#1605,#1606);
#1605 = CARTESIAN_POINT('',(0.5,-0.37,0.8));
#1606 = VECTOR('',#1607,1.);
#1607 = DIRECTION('',(1.,0.,0.));
#1608 = ORIENTED_EDGE('',*,*,#1512,.F.);
#1609 = CYLINDRICAL_SURFACE('',#1610,3.E-02);
#1610 = AXIS2_PLACEMENT_3D('',#1611,#1612,#1613);
#1611 = CARTESIAN_POINT('',(0.5,-0.37,0.77));
#1612 = DIRECTION('',(1.,0.,0.));
#1613 = DIRECTION('',(0.,-1.,0.));
#1614 = ADVANCED_FACE('',(#1615),#1633,.F.);
#1615 = FACE_BOUND('',#1616,.F.);
#1616 = EDGE_LOOP('',(#1617,#1618,#1619,#1627));
#1617 = ORIENTED_EDGE('',*,*,#1470,.F.);
#1618 = ORIENTED_EDGE('',*,*,#1569,.T.);
#1619 = ORIENTED_EDGE('',*,*,#1620,.T.);
#1620 = EDGE_CURVE('',#1570,#1621,#1623,.T.);
#1621 = VERTEX_POINT('',#1622);
#1622 = CARTESIAN_POINT('',(0.8,0.37,0.));
#1623 = LINE('',#1624,#1625);
#1624 = CARTESIAN_POINT('',(0.8,-0.4,0.));
#1625 = VECTOR('',#1626,1.);
#1626 = DIRECTION('',(0.,1.,0.));
#1627 = ORIENTED_EDGE('',*,*,#1628,.F.);
#1628 = EDGE_CURVE('',#1471,#1621,#1629,.T.);
#1629 = LINE('',#1630,#1631);
#1630 = CARTESIAN_POINT('',(0.5,0.37,0.));
#1631 = VECTOR('',#1632,1.);
#1632 = DIRECTION('',(1.,0.,0.));
#1633 = PLANE('',#1634);
#1634 = AXIS2_PLACEMENT_3D('',#1635,#1636,#1637);
#1635 = CARTESIAN_POINT('',(0.5,-0.4,0.));
#1636 = DIRECTION('',(0.,0.,1.));
#1637 = DIRECTION('',(1.,0.,-0.));
#1638 = ADVANCED_FACE('',(#1639),#1657,.T.);
#1639 = FACE_BOUND('',#1640,.T.);
#1640 = EDGE_LOOP('',(#1641,#1642,#1643,#1651));
#1641 = ORIENTED_EDGE('',*,*,#1504,.F.);
#1642 = ORIENTED_EDGE('',*,*,#1603,.T.);
#1643 = ORIENTED_EDGE('',*,*,#1644,.T.);
#1644 = EDGE_CURVE('',#1595,#1645,#1647,.T.);
#1645 = VERTEX_POINT('',#1646);
#1646 = CARTESIAN_POINT('',(0.8,0.37,0.8));
#1647 = LINE('',#1648,#1649);
#1648 = CARTESIAN_POINT('',(0.8,-0.4,0.8));
#1649 = VECTOR('',#1650,1.);
#1650 = DIRECTION('',(0.,1.,0.));
#1651 = ORIENTED_EDGE('',*,*,#1652,.F.);
#1652 = EDGE_CURVE('',#1496,#1645,#1653,.T.);
#1653 = LINE('',#1654,#1655);
#1654 = CARTESIAN_POINT('',(0.5,0.37,0.8));
#1655 = VECTOR('',#1656,1.);
#1656 = DIRECTION('',(1.,0.,0.));
#1657 = PLANE('',#1658);
#1658 = AXIS2_PLACEMENT_3D('',#1659,#1660,#1661);
#1659 = CARTESIAN_POINT('',(0.5,-0.4,0.8));
#1660 = DIRECTION('',(0.,0.,1.));
#1661 = DIRECTION('',(1.,0.,-0.));
#1662 = ADVANCED_FACE('',(#1663),#1682,.T.);
#1663 = FACE_BOUND('',#1664,.T.);
#1664 = EDGE_LOOP('',(#1665,#1673,#1680,#1681));
#1665 = ORIENTED_EDGE('',*,*,#1666,.T.);
#1666 = EDGE_CURVE('',#1479,#1667,#1669,.T.);
#1667 = VERTEX_POINT('',#1668);
#1668 = CARTESIAN_POINT('',(0.8,0.4,3.E-02));
#1669 = LINE('',#1670,#1671);
#1670 = CARTESIAN_POINT('',(0.5,0.4,3.E-02));
#1671 = VECTOR('',#1672,1.);
#1672 = DIRECTION('',(1.,0.,0.));
#1673 = ORIENTED_EDGE('',*,*,#1674,.T.);
#1674 = EDGE_CURVE('',#1667,#1621,#1675,.T.);
#1675 = CIRCLE('',#1676,3.E-02);
#1676 = AXIS2_PLACEMENT_3D('',#1677,#1678,#1679);
#1677 = CARTESIAN_POINT('',(0.8,0.37,3.E-02));
#1678 = DIRECTION('',(-1.,0.,0.));
#1679 = DIRECTION('',(0.,0.,1.));
#1680 = ORIENTED_EDGE('',*,*,#1628,.F.);
#1681 = ORIENTED_EDGE('',*,*,#1478,.F.);
#1682 = CYLINDRICAL_SURFACE('',#1683,3.E-02);
#1683 = AXIS2_PLACEMENT_3D('',#1684,#1685,#1686);
#1684 = CARTESIAN_POINT('',(0.5,0.37,3.E-02));
#1685 = DIRECTION('',(1.,0.,0.));
#1686 = DIRECTION('',(-0.,1.,0.));
#1687 = ADVANCED_FACE('',(#1688),#1707,.T.);
#1688 = FACE_BOUND('',#1689,.T.);
#1689 = EDGE_LOOP('',(#1690,#1691,#1692,#1701));
#1690 = ORIENTED_EDGE('',*,*,#1495,.T.);
#1691 = ORIENTED_EDGE('',*,*,#1652,.T.);
#1692 = ORIENTED_EDGE('',*,*,#1693,.F.);
#1693 = EDGE_CURVE('',#1694,#1645,#1696,.T.);
#1694 = VERTEX_POINT('',#1695);
#1695 = CARTESIAN_POINT('',(0.8,0.4,0.77));
#1696 = CIRCLE('',#1697,3.E-02);
#1697 = AXIS2_PLACEMENT_3D('',#1698,#1699,#1700);
#1698 = CARTESIAN_POINT('',(0.8,0.37,0.77));
#1699 = DIRECTION('',(1.,0.,-0.));
#1700 = DIRECTION('',(0.,0.,1.));
#1701 = ORIENTED_EDGE('',*,*,#1702,.F.);
#1702 = EDGE_CURVE('',#1488,#1694,#1703,.T.);
#1703 = LINE('',#1704,#1705);
#1704 = CARTESIAN_POINT('',(0.5,0.4,0.77));
#1705 = VECTOR('',#1706,1.);
#1706 = DIRECTION('',(1.,0.,0.));
#1707 = CYLINDRICAL_SURFACE('',#1708,3.E-02);
#1708 = AXIS2_PLACEMENT_3D('',#1709,#1710,#1711);
#1709 = CARTESIAN_POINT('',(0.5,0.37,0.77));
#1710 = DIRECTION('',(1.,0.,0.));
#1711 = DIRECTION('',(-0.,1.,0.));
#1712 = ADVANCED_FACE('',(#1713),#1724,.T.);
#1713 = FACE_BOUND('',#1714,.T.);
#1714 = EDGE_LOOP('',(#1715,#1721,#1722,#1723));
#1715 = ORIENTED_EDGE('',*,*,#1716,.F.);
#1716 = EDGE_CURVE('',#1667,#1694,#1717,.T.);
#1717 = LINE('',#1718,#1719);
#1718 = CARTESIAN_POINT('',(0.8,0.4,0.));
#1719 = VECTOR('',#1720,1.);
#1720 = DIRECTION('',(0.,0.,1.));
#1721 = ORIENTED_EDGE('',*,*,#1666,.F.);
#1722 = ORIENTED_EDGE('',*,*,#1487,.T.);
#1723 = ORIENTED_EDGE('',*,*,#1702,.T.);
#1724 = PLANE('',#1725);
#1725 = AXIS2_PLACEMENT_3D('',#1726,#1727,#1728);
#1726 = CARTESIAN_POINT('',(0.5,0.4,0.));
#1727 = DIRECTION('',(0.,1.,0.));
#1728 = DIRECTION('',(0.,-0.,1.));
#1729 = ADVANCED_FACE('',(#1730),#1740,.T.);
#1730 = FACE_BOUND('',#1731,.T.);
#1731 = EDGE_LOOP('',(#1732,#1733,#1734,#1735,#1736,#1737,#1738,#1739));
#1732 = ORIENTED_EDGE('',*,*,#1537,.F.);
#1733 = ORIENTED_EDGE('',*,*,#1577,.T.);
#1734 = ORIENTED_EDGE('',*,*,#1620,.T.);
#1735 = ORIENTED_EDGE('',*,*,#1674,.F.);
#1736 = ORIENTED_EDGE('',*,*,#1716,.T.);
#1737 = ORIENTED_EDGE('',*,*,#1693,.T.);
#1738 = ORIENTED_EDGE('',*,*,#1644,.F.);
#1739 = ORIENTED_EDGE('',*,*,#1594,.F.);
#1740 = PLANE('',#1741);
#1741 = AXIS2_PLACEMENT_3D('',#1742,#1743,#1744);
#1742 = CARTESIAN_POINT('',(0.8,-0.4,0.));
#1743 = DIRECTION('',(1.,0.,0.));
#1744 = DIRECTION('',(0.,0.,1.));
#1745 = ( GEOMETRIC_REPRESENTATION_CONTEXT(3) 
GLOBAL_UNCERTAINTY_ASSIGNED_CONTEXT((#1749)) 
GLOBAL_UNIT_ASSIGNED_CONTEXT((#1746,#1747,#1748)) REPRESENTATION_CONTEXT
('Context #1','3D Context with UNIT and UNCERTAINTY') );
#1746 = ( LENGTH_UNIT() NAMED_UNIT(*) SI_UNIT(.MILLI.,.METRE.) );
#1747 = ( NAMED_UNIT(*) PLANE_ANGLE_UNIT() SI_UNIT($,.RADIAN.) );
#1748 = ( NAMED_UNIT(*) SI_UNIT($,.STERADIAN.) SOLID_ANGLE_UNIT() );
#1749 = UNCERTAINTY_MEASURE_WITH_UNIT(LENGTH_MEASURE(1.E-07),#1746,
  'distance_accuracy_value','confusion accuracy');
#1750 = CONTEXT_DEPENDENT_SHAPE_REPRESENTATION(#1751,#1753);
#1751 = ( REPRESENTATION_RELATIONSHIP('','',#890,#10) 
REPRESENTATION_RELATIONSHIP_WITH_TRANSFORMATION(#1752) 
SHAPE_REPRESENTATION_RELATIONSHIP() );
#1752 = ITEM_DEFINED_TRANSFORMATION('','',#11,#23);
#1753 = PRODUCT_DEFINITION_SHAPE('Placement','Placement of an item',
  #1754);
#1754 = NEXT_ASSEMBLY_USAGE_OCCURRENCE('3','C5','',#5,#885,$);
#1755 = PRODUCT_RELATED_PRODUCT_CATEGORY('part',$,(#887));
#1756 = CONTEXT_DEPENDENT_SHAPE_REPRESENTATION(#1757,#1759);
#1757 = ( REPRESENTATION_RELATIONSHIP('','',#76,#10) 
REPRESENTATION_RELATIONSHIP_WITH_TRANSFORMATION(#1758) 
SHAPE_REPRESENTATION_RELATIONSHIP() );
#1758 = ITEM_DEFINED_TRANSFORMATION('','',#11,#27);
#1759 = PRODUCT_DEFINITION_SHAPE('Placement','Placement of an item',
  #1760);
#1760 = NEXT_ASSEMBLY_USAGE_OCCURRENCE('4','R1','',#5,#71,$);
#1761 = SHAPE_DEFINITION_REPRESENTATION(#1762,#1768);
#1762 = PRODUCT_DEFINITION_SHAPE('','',#1763);
#1763 = PRODUCT_DEFINITION('design','',#1764,#1767);
#1764 = PRODUCT_DEFINITION_FORMATION('','',#1765);
#1765 = PRODUCT('C_0402_1005Metric','C_0402_1005Metric','',(#1766));
#1766 = PRODUCT_CONTEXT('',#2,'mechanical');
#1767 = PRODUCT_DEFINITION_CONTEXT('part definition',#2,'design');
#1768 = ADVANCED_BREP_SHAPE_REPRESENTATION('',(#11,#1769),#2623);
#1769 = MANIFOLD_SOLID_BREP('',#1770);
#1770 = CLOSED_SHELL('',(#1771,#1847,#1878,#1903,#1928,#1952,#1976,#2001
    ,#2026,#2043,#2129,#2161,#2185,#2210,#2234,#2259,#2283,#2308,#2325,
    #2411,#2442,#2467,#2492,#2516,#2540,#2565,#2590,#2607));
#1771 = ADVANCED_FACE('',(#1772),#1842,.F.);
#1772 = FACE_BOUND('',#1773,.F.);
#1773 = EDGE_LOOP('',(#1774,#1784,#1793,#1801,#1810,#1818,#1827,#1835));
#1774 = ORIENTED_EDGE('',*,*,#1775,.F.);
#1775 = EDGE_CURVE('',#1776,#1778,#1780,.T.);
#1776 = VERTEX_POINT('',#1777);
#1777 = CARTESIAN_POINT('',(-0.5,-0.25,2.E-02));
#1778 = VERTEX_POINT('',#1779);
#1779 = CARTESIAN_POINT('',(-0.5,-0.25,0.48));
#1780 = LINE('',#1781,#1782);
#1781 = CARTESIAN_POINT('',(-0.5,-0.25,0.));
#1782 = VECTOR('',#1783,1.);
#1783 = DIRECTION('',(0.,0.,1.));
#1784 = ORIENTED_EDGE('',*,*,#1785,.T.);
#1785 = EDGE_CURVE('',#1776,#1786,#1788,.T.);
#1786 = VERTEX_POINT('',#1787);
#1787 = CARTESIAN_POINT('',(-0.5,-0.23,0.));
#1788 = CIRCLE('',#1789,2.E-02);
#1789 = AXIS2_PLACEMENT_3D('',#1790,#1791,#1792);
#1790 = CARTESIAN_POINT('',(-0.5,-0.23,2.E-02));
#1791 = DIRECTION('',(1.,0.,-0.));
#1792 = DIRECTION('',(0.,0.,1.));
#1793 = ORIENTED_EDGE('',*,*,#1794,.T.);
#1794 = EDGE_CURVE('',#1786,#1795,#1797,.T.);
#1795 = VERTEX_POINT('',#1796);
#1796 = CARTESIAN_POINT('',(-0.5,0.23,0.));
#1797 = LINE('',#1798,#1799);
#1798 = CARTESIAN_POINT('',(-0.5,-0.25,0.));
#1799 = VECTOR('',#1800,1.);
#1800 = DIRECTION('',(0.,1.,0.));
#1801 = ORIENTED_EDGE('',*,*,#1802,.F.);
#1802 = EDGE_CURVE('',#1803,#1795,#1805,.T.);
#1803 = VERTEX_POINT('',#1804);
#1804 = CARTESIAN_POINT('',(-0.5,0.25,2.E-02));
#1805 = CIRCLE('',#1806,2.E-02);
#1806 = AXIS2_PLACEMENT_3D('',#1807,#1808,#1809);
#1807 = CARTESIAN_POINT('',(-0.5,0.23,2.E-02));
#1808 = DIRECTION('',(-1.,0.,0.));
#1809 = DIRECTION('',(0.,0.,1.));
#1810 = ORIENTED_EDGE('',*,*,#1811,.T.);
#1811 = EDGE_CURVE('',#1803,#1812,#1814,.T.);
#1812 = VERTEX_POINT('',#1813);
#1813 = CARTESIAN_POINT('',(-0.5,0.25,0.48));
#1814 = LINE('',#1815,#1816);
#1815 = CARTESIAN_POINT('',(-0.5,0.25,0.));
#1816 = VECTOR('',#1817,1.);
#1817 = DIRECTION('',(0.,0.,1.));
#1818 = ORIENTED_EDGE('',*,*,#1819,.T.);
#1819 = EDGE_CURVE('',#1812,#1820,#1822,.T.);
#1820 = VERTEX_POINT('',#1821);
#1821 = CARTESIAN_POINT('',(-0.5,0.23,0.5));
#1822 = CIRCLE('',#1823,2.E-02);
#1823 = AXIS2_PLACEMENT_3D('',#1824,#1825,#1826);
#1824 = CARTESIAN_POINT('',(-0.5,0.23,0.48));
#1825 = DIRECTION('',(1.,0.,-0.));
#1826 = DIRECTION('',(0.,0.,1.));
#1827 = ORIENTED_EDGE('',*,*,#1828,.F.);
#1828 = EDGE_CURVE('',#1829,#1820,#1831,.T.);
#1829 = VERTEX_POINT('',#1830);
#1830 = CARTESIAN_POINT('',(-0.5,-0.23,0.5));
#1831 = LINE('',#1832,#1833);
#1832 = CARTESIAN_POINT('',(-0.5,-0.25,0.5));
#1833 = VECTOR('',#1834,1.);
#1834 = DIRECTION('',(0.,1.,0.));
#1835 = ORIENTED_EDGE('',*,*,#1836,.F.);
#1836 = EDGE_CURVE('',#1778,#1829,#1837,.T.);
#1837 = CIRCLE('',#1838,2.E-02);
#1838 = AXIS2_PLACEMENT_3D('',#1839,#1840,#1841);
#1839 = CARTESIAN_POINT('',(-0.5,-0.23,0.48));
#1840 = DIRECTION('',(-1.,0.,0.));
#1841 = DIRECTION('',(0.,0.,1.));
#1842 = PLANE('',#1843);
#1843 = AXIS2_PLACEMENT_3D('',#1844,#1845,#1846);
#1844 = CARTESIAN_POINT('',(-0.5,-0.25,0.));
#1845 = DIRECTION('',(1.,0.,0.));
#1846 = DIRECTION('',(0.,0.,1.));
#1847 = ADVANCED_FACE('',(#1848),#1873,.F.);
#1848 = FACE_BOUND('',#1849,.F.);
#1849 = EDGE_LOOP('',(#1850,#1860,#1866,#1867));
#1850 = ORIENTED_EDGE('',*,*,#1851,.F.);
#1851 = EDGE_CURVE('',#1852,#1854,#1856,.T.);
#1852 = VERTEX_POINT('',#1853);
#1853 = CARTESIAN_POINT('',(-0.3,-0.25,2.E-02));
#1854 = VERTEX_POINT('',#1855);
#1855 = CARTESIAN_POINT('',(-0.3,-0.25,0.48));
#1856 = LINE('',#1857,#1858);
#1857 = CARTESIAN_POINT('',(-0.3,-0.25,0.));
#1858 = VECTOR('',#1859,1.);
#1859 = DIRECTION('',(0.,0.,1.));
#1860 = ORIENTED_EDGE('',*,*,#1861,.F.);
#1861 = EDGE_CURVE('',#1776,#1852,#1862,.T.);
#1862 = LINE('',#1863,#1864);
#1863 = CARTESIAN_POINT('',(-0.5,-0.25,2.E-02));
#1864 = VECTOR('',#1865,1.);
#1865 = DIRECTION('',(1.,0.,0.));
#1866 = ORIENTED_EDGE('',*,*,#1775,.T.);
#1867 = ORIENTED_EDGE('',*,*,#1868,.T.);
#1868 = EDGE_CURVE('',#1778,#1854,#1869,.T.);
#1869 = LINE('',#1870,#1871);
#1870 = CARTESIAN_POINT('',(-0.5,-0.25,0.48));
#1871 = VECTOR('',#1872,1.);
#1872 = DIRECTION('',(1.,0.,0.));
#1873 = PLANE('',#1874);
#1874 = AXIS2_PLACEMENT_3D('',#1875,#1876,#1877);
#1875 = CARTESIAN_POINT('',(-0.5,-0.25,0.));
#1876 = DIRECTION('',(0.,1.,0.));
#1877 = DIRECTION('',(0.,-0.,1.));
#1878 = ADVANCED_FACE('',(#1879),#1898,.T.);
#1879 = FACE_BOUND('',#1880,.T.);
#1880 = EDGE_LOOP('',(#1881,#1882,#1890,#1897));
#1881 = ORIENTED_EDGE('',*,*,#1785,.T.);
#1882 = ORIENTED_EDGE('',*,*,#1883,.T.);
#1883 = EDGE_CURVE('',#1786,#1884,#1886,.T.);
#1884 = VERTEX_POINT('',#1885);
#1885 = CARTESIAN_POINT('',(-0.3,-0.23,0.));
#1886 = LINE('',#1887,#1888);
#1887 = CARTESIAN_POINT('',(-0.5,-0.23,0.));
#1888 = VECTOR('',#1889,1.);
#1889 = DIRECTION('',(1.,0.,0.));
#1890 = ORIENTED_EDGE('',*,*,#1891,.F.);
#1891 = EDGE_CURVE('',#1852,#1884,#1892,.T.);
#1892 = CIRCLE('',#1893,2.E-02);
#1893 = AXIS2_PLACEMENT_3D('',#1894,#1895,#1896);
#1894 = CARTESIAN_POINT('',(-0.3,-0.23,2.E-02));
#1895 = DIRECTION('',(1.,0.,-0.));
#1896 = DIRECTION('',(0.,0.,1.));
#1897 = ORIENTED_EDGE('',*,*,#1861,.F.);
#1898 = CYLINDRICAL_SURFACE('',#1899,2.E-02);
#1899 = AXIS2_PLACEMENT_3D('',#1900,#1901,#1902);
#1900 = CARTESIAN_POINT('',(-0.5,-0.23,2.E-02));
#1901 = DIRECTION('',(1.,0.,0.));
#1902 = DIRECTION('',(0.,-1.,0.));
#1903 = ADVANCED_FACE('',(#1904),#1923,.T.);
#1904 = FACE_BOUND('',#1905,.T.);
#1905 = EDGE_LOOP('',(#1906,#1907,#1916,#1922));
#1906 = ORIENTED_EDGE('',*,*,#1868,.T.);
#1907 = ORIENTED_EDGE('',*,*,#1908,.T.);
#1908 = EDGE_CURVE('',#1854,#1909,#1911,.T.);
#1909 = VERTEX_POINT('',#1910);
#1910 = CARTESIAN_POINT('',(-0.3,-0.23,0.5));
#1911 = CIRCLE('',#1912,2.E-02);
#1912 = AXIS2_PLACEMENT_3D('',#1913,#1914,#1915);
#1913 = CARTESIAN_POINT('',(-0.3,-0.23,0.48));
#1914 = DIRECTION('',(-1.,0.,0.));
#1915 = DIRECTION('',(0.,0.,1.));
#1916 = ORIENTED_EDGE('',*,*,#1917,.F.);
#1917 = EDGE_CURVE('',#1829,#1909,#1918,.T.);
#1918 = LINE('',#1919,#1920);
#1919 = CARTESIAN_POINT('',(-0.5,-0.23,0.5));
#1920 = VECTOR('',#1921,1.);
#1921 = DIRECTION('',(1.,0.,0.));
#1922 = ORIENTED_EDGE('',*,*,#1836,.F.);
#1923 = CYLINDRICAL_SURFACE('',#1924,2.E-02);
#1924 = AXIS2_PLACEMENT_3D('',#1925,#1926,#1927);
#1925 = CARTESIAN_POINT('',(-0.5,-0.23,0.48));
#1926 = DIRECTION('',(1.,0.,0.));
#1927 = DIRECTION('',(0.,-1.,0.));
#1928 = ADVANCED_FACE('',(#1929),#1947,.F.);
#1929 = FACE_BOUND('',#1930,.F.);
#1930 = EDGE_LOOP('',(#1931,#1932,#1933,#1941));
#1931 = ORIENTED_EDGE('',*,*,#1794,.F.);
#1932 = ORIENTED_EDGE('',*,*,#1883,.T.);
#1933 = ORIENTED_EDGE('',*,*,#1934,.T.);
#1934 = EDGE_CURVE('',#1884,#1935,#1937,.T.);
#1935 = VERTEX_POINT('',#1936);
#1936 = CARTESIAN_POINT('',(-0.3,0.23,0.));
#1937 = LINE('',#1938,#1939);
#1938 = CARTESIAN_POINT('',(-0.3,-0.25,0.));
#1939 = VECTOR('',#1940,1.);
#1940 = DIRECTION('',(0.,1.,0.));
#1941 = ORIENTED_EDGE('',*,*,#1942,.F.);
#1942 = EDGE_CURVE('',#1795,#1935,#1943,.T.);
#1943 = LINE('',#1944,#1945);
#1944 = CARTESIAN_POINT('',(-0.5,0.23,0.));
#1945 = VECTOR('',#1946,1.);
#1946 = DIRECTION('',(1.,0.,0.));
#1947 = PLANE('',#1948);
#1948 = AXIS2_PLACEMENT_3D('',#1949,#1950,#1951);
#1949 = CARTESIAN_POINT('',(-0.5,-0.25,0.));
#1950 = DIRECTION('',(0.,0.,1.));
#1951 = DIRECTION('',(1.,0.,-0.));
#1952 = ADVANCED_FACE('',(#1953),#1971,.T.);
#1953 = FACE_BOUND('',#1954,.T.);
#1954 = EDGE_LOOP('',(#1955,#1956,#1957,#1965));
#1955 = ORIENTED_EDGE('',*,*,#1828,.F.);
#1956 = ORIENTED_EDGE('',*,*,#1917,.T.);
#1957 = ORIENTED_EDGE('',*,*,#1958,.T.);
#1958 = EDGE_CURVE('',#1909,#1959,#1961,.T.);
#1959 = VERTEX_POINT('',#1960);
#1960 = CARTESIAN_POINT('',(-0.3,0.23,0.5));
#1961 = LINE('',#1962,#1963);
#1962 = CARTESIAN_POINT('',(-0.3,-0.25,0.5));
#1963 = VECTOR('',#1964,1.);
#1964 = DIRECTION('',(0.,1.,0.));
#1965 = ORIENTED_EDGE('',*,*,#1966,.F.);
#1966 = EDGE_CURVE('',#1820,#1959,#1967,.T.);
#1967 = LINE('',#1968,#1969);
#1968 = CARTESIAN_POINT('',(-0.5,0.23,0.5));
#1969 = VECTOR('',#1970,1.);
#1970 = DIRECTION('',(1.,0.,0.));
#1971 = PLANE('',#1972);
#1972 = AXIS2_PLACEMENT_3D('',#1973,#1974,#1975);
#1973 = CARTESIAN_POINT('',(-0.5,-0.25,0.5));
#1974 = DIRECTION('',(0.,0.,1.));
#1975 = DIRECTION('',(1.,0.,-0.));
#1976 = ADVANCED_FACE('',(#1977),#1996,.T.);
#1977 = FACE_BOUND('',#1978,.T.);
#1978 = EDGE_LOOP('',(#1979,#1987,#1994,#1995));
#1979 = ORIENTED_EDGE('',*,*,#1980,.T.);
#1980 = EDGE_CURVE('',#1803,#1981,#1983,.T.);
#1981 = VERTEX_POINT('',#1982);
#1982 = CARTESIAN_POINT('',(-0.3,0.25,2.E-02));
#1983 = LINE('',#1984,#1985);
#1984 = CARTESIAN_POINT('',(-0.5,0.25,2.E-02));
#1985 = VECTOR('',#1986,1.);
#1986 = DIRECTION('',(1.,0.,0.));
#1987 = ORIENTED_EDGE('',*,*,#1988,.T.);
#1988 = EDGE_CURVE('',#1981,#1935,#1989,.T.);
#1989 = CIRCLE('',#1990,2.E-02);
#1990 = AXIS2_PLACEMENT_3D('',#1991,#1992,#1993);
#1991 = CARTESIAN_POINT('',(-0.3,0.23,2.E-02));
#1992 = DIRECTION('',(-1.,0.,0.));
#1993 = DIRECTION('',(0.,0.,1.));
#1994 = ORIENTED_EDGE('',*,*,#1942,.F.);
#1995 = ORIENTED_EDGE('',*,*,#1802,.F.);
#1996 = CYLINDRICAL_SURFACE('',#1997,2.E-02);
#1997 = AXIS2_PLACEMENT_3D('',#1998,#1999,#2000);
#1998 = CARTESIAN_POINT('',(-0.5,0.23,2.E-02));
#1999 = DIRECTION('',(1.,0.,0.));
#2000 = DIRECTION('',(-0.,1.,0.));
#2001 = ADVANCED_FACE('',(#2002),#2021,.T.);
#2002 = FACE_BOUND('',#2003,.T.);
#2003 = EDGE_LOOP('',(#2004,#2005,#2006,#2015));
#2004 = ORIENTED_EDGE('',*,*,#1819,.T.);
#2005 = ORIENTED_EDGE('',*,*,#1966,.T.);
#2006 = ORIENTED_EDGE('',*,*,#2007,.F.);
#2007 = EDGE_CURVE('',#2008,#1959,#2010,.T.);
#2008 = VERTEX_POINT('',#2009);
#2009 = CARTESIAN_POINT('',(-0.3,0.25,0.48));
#2010 = CIRCLE('',#2011,2.E-02);
#2011 = AXIS2_PLACEMENT_3D('',#2012,#2013,#2014);
#2012 = CARTESIAN_POINT('',(-0.3,0.23,0.48));
#2013 = DIRECTION('',(1.,0.,-0.));
#2014 = DIRECTION('',(0.,0.,1.));
#2015 = ORIENTED_EDGE('',*,*,#2016,.F.);
#2016 = EDGE_CURVE('',#1812,#2008,#2017,.T.);
#2017 = LINE('',#2018,#2019);
#2018 = CARTESIAN_POINT('',(-0.5,0.25,0.48));
#2019 = VECTOR('',#2020,1.);
#2020 = DIRECTION('',(1.,0.,0.));
#2021 = CYLINDRICAL_SURFACE('',#2022,2.E-02);
#2022 = AXIS2_PLACEMENT_3D('',#2023,#2024,#2025);
#2023 = CARTESIAN_POINT('',(-0.5,0.23,0.48));
#2024 = DIRECTION('',(1.,0.,0.));
#2025 = DIRECTION('',(-0.,1.,0.));
#2026 = ADVANCED_FACE('',(#2027),#2038,.T.);
#2027 = FACE_BOUND('',#2028,.T.);
#2028 = EDGE_LOOP('',(#2029,#2035,#2036,#2037));
#2029 = ORIENTED_EDGE('',*,*,#2030,.F.);
#2030 = EDGE_CURVE('',#1981,#2008,#2031,.T.);
#2031 = LINE('',#2032,#2033);
#2032 = CARTESIAN_POINT('',(-0.3,0.25,0.));
#2033 = VECTOR('',#2034,1.);
#2034 = DIRECTION('',(0.,0.,1.));
#2035 = ORIENTED_EDGE('',*,*,#1980,.F.);
#2036 = ORIENTED_EDGE('',*,*,#1811,.T.);
#2037 = ORIENTED_EDGE('',*,*,#2016,.T.);
#2038 = PLANE('',#2039);
#2039 = AXIS2_PLACEMENT_3D('',#2040,#2041,#2042);
#2040 = CARTESIAN_POINT('',(-0.5,0.25,0.));
#2041 = DIRECTION('',(0.,1.,0.));
#2042 = DIRECTION('',(0.,-0.,1.));
#2043 = ADVANCED_FACE('',(#2044,#2054),#2124,.T.);
#2044 = FACE_BOUND('',#2045,.T.);
#2045 = EDGE_LOOP('',(#2046,#2047,#2048,#2049,#2050,#2051,#2052,#2053));
#2046 = ORIENTED_EDGE('',*,*,#1851,.F.);
#2047 = ORIENTED_EDGE('',*,*,#1891,.T.);
#2048 = ORIENTED_EDGE('',*,*,#1934,.T.);
#2049 = ORIENTED_EDGE('',*,*,#1988,.F.);
#2050 = ORIENTED_EDGE('',*,*,#2030,.T.);
#2051 = ORIENTED_EDGE('',*,*,#2007,.T.);
#2052 = ORIENTED_EDGE('',*,*,#1958,.F.);
#2053 = ORIENTED_EDGE('',*,*,#1908,.F.);
#2054 = FACE_BOUND('',#2055,.T.);
#2055 = EDGE_LOOP('',(#2056,#2067,#2075,#2084,#2092,#2101,#2109,#2118));
#2056 = ORIENTED_EDGE('',*,*,#2057,.F.);
#2057 = EDGE_CURVE('',#2058,#2060,#2062,.T.);
#2058 = VERTEX_POINT('',#2059);
#2059 = CARTESIAN_POINT('',(-0.3,-0.23,4.E-02));
#2060 = VERTEX_POINT('',#2061);
#2061 = CARTESIAN_POINT('',(-0.3,-0.21,2.E-02));
#2062 = CIRCLE('',#2063,2.E-02);
#2063 = AXIS2_PLACEMENT_3D('',#2064,#2065,#2066);
#2064 = CARTESIAN_POINT('',(-0.3,-0.21,4.E-02));
#2065 = DIRECTION('',(1.,0.,-0.));
#2066 = DIRECTION('',(0.,0.,1.));
#2067 = ORIENTED_EDGE('',*,*,#2068,.T.);
#2068 = EDGE_CURVE('',#2058,#2069,#2071,.T.);
#2069 = VERTEX_POINT('',#2070);
#2070 = CARTESIAN_POINT('',(-0.3,-0.23,0.46));
#2071 = LINE('',#2072,#2073);
#2072 = CARTESIAN_POINT('',(-0.3,-0.23,2.E-02));
#2073 = VECTOR('',#2074,1.);
#2074 = DIRECTION('',(0.,0.,1.));
#2075 = ORIENTED_EDGE('',*,*,#2076,.T.);
#2076 = EDGE_CURVE('',#2069,#2077,#2079,.T.);
#2077 = VERTEX_POINT('',#2078);
#2078 = CARTESIAN_POINT('',(-0.3,-0.21,0.48));
#2079 = CIRCLE('',#2080,2.E-02);
#2080 = AXIS2_PLACEMENT_3D('',#2081,#2082,#2083);
#2081 = CARTESIAN_POINT('',(-0.3,-0.21,0.46));
#2082 = DIRECTION('',(-1.,0.,0.));
#2083 = DIRECTION('',(0.,0.,1.));
#2084 = ORIENTED_EDGE('',*,*,#2085,.T.);
#2085 = EDGE_CURVE('',#2077,#2086,#2088,.T.);
#2086 = VERTEX_POINT('',#2087);
#2087 = CARTESIAN_POINT('',(-0.3,0.21,0.48));
#2088 = LINE('',#2089,#2090);
#2089 = CARTESIAN_POINT('',(-0.3,-0.23,0.48));
#2090 = VECTOR('',#2091,1.);
#2091 = DIRECTION('',(0.,1.,0.));
#2092 = ORIENTED_EDGE('',*,*,#2093,.F.);
#2093 = EDGE_CURVE('',#2094,#2086,#2096,.T.);
#2094 = VERTEX_POINT('',#2095);
#2095 = CARTESIAN_POINT('',(-0.3,0.23,0.46));
#2096 = CIRCLE('',#2097,2.E-02);
#2097 = AXIS2_PLACEMENT_3D('',#2098,#2099,#2100);
#2098 = CARTESIAN_POINT('',(-0.3,0.21,0.46));
#2099 = DIRECTION('',(1.,0.,-0.));
#2100 = DIRECTION('',(0.,0.,1.));
#2101 = ORIENTED_EDGE('',*,*,#2102,.F.);
#2102 = EDGE_CURVE('',#2103,#2094,#2105,.T.);
#2103 = VERTEX_POINT('',#2104);
#2104 = CARTESIAN_POINT('',(-0.3,0.23,4.E-02));
#2105 = LINE('',#2106,#2107);
#2106 = CARTESIAN_POINT('',(-0.3,0.23,2.E-02));
#2107 = VECTOR('',#2108,1.);
#2108 = DIRECTION('',(0.,0.,1.));
#2109 = ORIENTED_EDGE('',*,*,#2110,.T.);
#2110 = EDGE_CURVE('',#2103,#2111,#2113,.T.);
#2111 = VERTEX_POINT('',#2112);
#2112 = CARTESIAN_POINT('',(-0.3,0.21,2.E-02));
#2113 = CIRCLE('',#2114,2.E-02);
#2114 = AXIS2_PLACEMENT_3D('',#2115,#2116,#2117);
#2115 = CARTESIAN_POINT('',(-0.3,0.21,4.E-02));
#2116 = DIRECTION('',(-1.,0.,0.));
#2117 = DIRECTION('',(0.,0.,1.));
#2118 = ORIENTED_EDGE('',*,*,#2119,.F.);
#2119 = EDGE_CURVE('',#2060,#2111,#2120,.T.);
#2120 = LINE('',#2121,#2122);
#2121 = CARTESIAN_POINT('',(-0.3,-0.23,2.E-02));
#2122 = VECTOR('',#2123,1.);
#2123 = DIRECTION('',(0.,1.,0.));
#2124 = PLANE('',#2125);
#2125 = AXIS2_PLACEMENT_3D('',#2126,#2127,#2128);
#2126 = CARTESIAN_POINT('',(-0.3,-0.25,0.));
#2127 = DIRECTION('',(1.,0.,0.));
#2128 = DIRECTION('',(0.,0.,1.));
#2129 = ADVANCED_FACE('',(#2130),#2156,.T.);
#2130 = FACE_BOUND('',#2131,.T.);
#2131 = EDGE_LOOP('',(#2132,#2133,#2141,#2150));
#2132 = ORIENTED_EDGE('',*,*,#2057,.T.);
#2133 = ORIENTED_EDGE('',*,*,#2134,.T.);
#2134 = EDGE_CURVE('',#2060,#2135,#2137,.T.);
#2135 = VERTEX_POINT('',#2136);
#2136 = CARTESIAN_POINT('',(0.3,-0.21,2.E-02));
#2137 = LINE('',#2138,#2139);
#2138 = CARTESIAN_POINT('',(-0.3,-0.21,2.E-02));
#2139 = VECTOR('',#2140,1.);
#2140 = DIRECTION('',(1.,0.,0.));
#2141 = ORIENTED_EDGE('',*,*,#2142,.F.);
#2142 = EDGE_CURVE('',#2143,#2135,#2145,.T.);
#2143 = VERTEX_POINT('',#2144);
#2144 = CARTESIAN_POINT('',(0.3,-0.23,4.E-02));
#2145 = CIRCLE('',#2146,2.E-02);
#2146 = AXIS2_PLACEMENT_3D('',#2147,#2148,#2149);
#2147 = CARTESIAN_POINT('',(0.3,-0.21,4.E-02));
#2148 = DIRECTION('',(1.,0.,-0.));
#2149 = DIRECTION('',(0.,0.,1.));
#2150 = ORIENTED_EDGE('',*,*,#2151,.F.);
#2151 = EDGE_CURVE('',#2058,#2143,#2152,.T.);
#2152 = LINE('',#2153,#2154);
#2153 = CARTESIAN_POINT('',(-0.3,-0.23,4.E-02));
#2154 = VECTOR('',#2155,1.);
#2155 = DIRECTION('',(1.,0.,0.));
#2156 = CYLINDRICAL_SURFACE('',#2157,2.E-02);
#2157 = AXIS2_PLACEMENT_3D('',#2158,#2159,#2160);
#2158 = CARTESIAN_POINT('',(-0.3,-0.21,4.E-02));
#2159 = DIRECTION('',(1.,0.,0.));
#2160 = DIRECTION('',(0.,-1.,0.));
#2161 = ADVANCED_FACE('',(#2162),#2180,.F.);
#2162 = FACE_BOUND('',#2163,.F.);
#2163 = EDGE_LOOP('',(#2164,#2165,#2166,#2174));
#2164 = ORIENTED_EDGE('',*,*,#2119,.F.);
#2165 = ORIENTED_EDGE('',*,*,#2134,.T.);
#2166 = ORIENTED_EDGE('',*,*,#2167,.T.);
#2167 = EDGE_CURVE('',#2135,#2168,#2170,.T.);
#2168 = VERTEX_POINT('',#2169);
#2169 = CARTESIAN_POINT('',(0.3,0.21,2.E-02));
#2170 = LINE('',#2171,#2172);
#2171 = CARTESIAN_POINT('',(0.3,-0.23,2.E-02));
#2172 = VECTOR('',#2173,1.);
#2173 = DIRECTION('',(0.,1.,0.));
#2174 = ORIENTED_EDGE('',*,*,#2175,.F.);
#2175 = EDGE_CURVE('',#2111,#2168,#2176,.T.);
#2176 = LINE('',#2177,#2178);
#2177 = CARTESIAN_POINT('',(-0.3,0.21,2.E-02));
#2178 = VECTOR('',#2179,1.);
#2179 = DIRECTION('',(1.,0.,0.));
#2180 = PLANE('',#2181);
#2181 = AXIS2_PLACEMENT_3D('',#2182,#2183,#2184);
#2182 = CARTESIAN_POINT('',(-0.3,-0.23,2.E-02));
#2183 = DIRECTION('',(0.,0.,1.));
#2184 = DIRECTION('',(1.,0.,-0.));
#2185 = ADVANCED_FACE('',(#2186),#2205,.T.);
#2186 = FACE_BOUND('',#2187,.T.);
#2187 = EDGE_LOOP('',(#2188,#2196,#2203,#2204));
#2188 = ORIENTED_EDGE('',*,*,#2189,.T.);
#2189 = EDGE_CURVE('',#2103,#2190,#2192,.T.);
#2190 = VERTEX_POINT('',#2191);
#2191 = CARTESIAN_POINT('',(0.3,0.23,4.E-02));
#2192 = LINE('',#2193,#2194);
#2193 = CARTESIAN_POINT('',(-0.3,0.23,4.E-02));
#2194 = VECTOR('',#2195,1.);
#2195 = DIRECTION('',(1.,0.,0.));
#2196 = ORIENTED_EDGE('',*,*,#2197,.T.);
#2197 = EDGE_CURVE('',#2190,#2168,#2198,.T.);
#2198 = CIRCLE('',#2199,2.E-02);
#2199 = AXIS2_PLACEMENT_3D('',#2200,#2201,#2202);
#2200 = CARTESIAN_POINT('',(0.3,0.21,4.E-02));
#2201 = DIRECTION('',(-1.,0.,0.));
#2202 = DIRECTION('',(0.,0.,1.));
#2203 = ORIENTED_EDGE('',*,*,#2175,.F.);
#2204 = ORIENTED_EDGE('',*,*,#2110,.F.);
#2205 = CYLINDRICAL_SURFACE('',#2206,2.E-02);
#2206 = AXIS2_PLACEMENT_3D('',#2207,#2208,#2209);
#2207 = CARTESIAN_POINT('',(-0.3,0.21,4.E-02));
#2208 = DIRECTION('',(1.,0.,0.));
#2209 = DIRECTION('',(-0.,1.,0.));
#2210 = ADVANCED_FACE('',(#2211),#2229,.T.);
#2211 = FACE_BOUND('',#2212,.T.);
#2212 = EDGE_LOOP('',(#2213,#2221,#2222,#2223));
#2213 = ORIENTED_EDGE('',*,*,#2214,.F.);
#2214 = EDGE_CURVE('',#2190,#2215,#2217,.T.);
#2215 = VERTEX_POINT('',#2216);
#2216 = CARTESIAN_POINT('',(0.3,0.23,0.46));
#2217 = LINE('',#2218,#2219);
#2218 = CARTESIAN_POINT('',(0.3,0.23,2.E-02));
#2219 = VECTOR('',#2220,1.);
#2220 = DIRECTION('',(0.,0.,1.));
#2221 = ORIENTED_EDGE('',*,*,#2189,.F.);
#2222 = ORIENTED_EDGE('',*,*,#2102,.T.);
#2223 = ORIENTED_EDGE('',*,*,#2224,.T.);
#2224 = EDGE_CURVE('',#2094,#2215,#2225,.T.);
#2225 = LINE('',#2226,#2227);
#2226 = CARTESIAN_POINT('',(-0.3,0.23,0.46));
#2227 = VECTOR('',#2228,1.);
#2228 = DIRECTION('',(1.,0.,0.));
#2229 = PLANE('',#2230);
#2230 = AXIS2_PLACEMENT_3D('',#2231,#2232,#2233);
#2231 = CARTESIAN_POINT('',(-0.3,0.23,2.E-02));
#2232 = DIRECTION('',(0.,1.,0.));
#2233 = DIRECTION('',(0.,-0.,1.));
#2234 = ADVANCED_FACE('',(#2235),#2254,.T.);
#2235 = FACE_BOUND('',#2236,.T.);
#2236 = EDGE_LOOP('',(#2237,#2238,#2246,#2253));
#2237 = ORIENTED_EDGE('',*,*,#2093,.T.);
#2238 = ORIENTED_EDGE('',*,*,#2239,.T.);
#2239 = EDGE_CURVE('',#2086,#2240,#2242,.T.);
#2240 = VERTEX_POINT('',#2241);
#2241 = CARTESIAN_POINT('',(0.3,0.21,0.48));
#2242 = LINE('',#2243,#2244);
#2243 = CARTESIAN_POINT('',(-0.3,0.21,0.48));
#2244 = VECTOR('',#2245,1.);
#2245 = DIRECTION('',(1.,0.,0.));
#2246 = ORIENTED_EDGE('',*,*,#2247,.F.);
#2247 = EDGE_CURVE('',#2215,#2240,#2248,.T.);
#2248 = CIRCLE('',#2249,2.E-02);
#2249 = AXIS2_PLACEMENT_3D('',#2250,#2251,#2252);
#2250 = CARTESIAN_POINT('',(0.3,0.21,0.46));
#2251 = DIRECTION('',(1.,0.,-0.));
#2252 = DIRECTION('',(0.,0.,1.));
#2253 = ORIENTED_EDGE('',*,*,#2224,.F.);
#2254 = CYLINDRICAL_SURFACE('',#2255,2.E-02);
#2255 = AXIS2_PLACEMENT_3D('',#2256,#2257,#2258);
#2256 = CARTESIAN_POINT('',(-0.3,0.21,0.46));
#2257 = DIRECTION('',(1.,0.,0.));
#2258 = DIRECTION('',(-0.,1.,0.));
#2259 = ADVANCED_FACE('',(#2260),#2278,.T.);
#2260 = FACE_BOUND('',#2261,.T.);
#2261 = EDGE_LOOP('',(#2262,#2263,#2271,#2277));
#2262 = ORIENTED_EDGE('',*,*,#2085,.F.);
#2263 = ORIENTED_EDGE('',*,*,#2264,.T.);
#2264 = EDGE_CURVE('',#2077,#2265,#2267,.T.);
#2265 = VERTEX_POINT('',#2266);
#2266 = CARTESIAN_POINT('',(0.3,-0.21,0.48));
#2267 = LINE('',#2268,#2269);
#2268 = CARTESIAN_POINT('',(-0.3,-0.21,0.48));
#2269 = VECTOR('',#2270,1.);
#2270 = DIRECTION('',(1.,0.,0.));
#2271 = ORIENTED_EDGE('',*,*,#2272,.T.);
#2272 = EDGE_CURVE('',#2265,#2240,#2273,.T.);
#2273 = LINE('',#2274,#2275);
#2274 = CARTESIAN_POINT('',(0.3,-0.23,0.48));
#2275 = VECTOR('',#2276,1.);
#2276 = DIRECTION('',(0.,1.,0.));
#2277 = ORIENTED_EDGE('',*,*,#2239,.F.);
#2278 = PLANE('',#2279);
#2279 = AXIS2_PLACEMENT_3D('',#2280,#2281,#2282);
#2280 = CARTESIAN_POINT('',(-0.3,-0.23,0.48));
#2281 = DIRECTION('',(0.,0.,1.));
#2282 = DIRECTION('',(1.,0.,-0.));
#2283 = ADVANCED_FACE('',(#2284),#2303,.T.);
#2284 = FACE_BOUND('',#2285,.T.);
#2285 = EDGE_LOOP('',(#2286,#2294,#2301,#2302));
#2286 = ORIENTED_EDGE('',*,*,#2287,.T.);
#2287 = EDGE_CURVE('',#2069,#2288,#2290,.T.);
#2288 = VERTEX_POINT('',#2289);
#2289 = CARTESIAN_POINT('',(0.3,-0.23,0.46));
#2290 = LINE('',#2291,#2292);
#2291 = CARTESIAN_POINT('',(-0.3,-0.23,0.46));
#2292 = VECTOR('',#2293,1.);
#2293 = DIRECTION('',(1.,0.,0.));
#2294 = ORIENTED_EDGE('',*,*,#2295,.T.);
#2295 = EDGE_CURVE('',#2288,#2265,#2296,.T.);
#2296 = CIRCLE('',#2297,2.E-02);
#2297 = AXIS2_PLACEMENT_3D('',#2298,#2299,#2300);
#2298 = CARTESIAN_POINT('',(0.3,-0.21,0.46));
#2299 = DIRECTION('',(-1.,0.,0.));
#2300 = DIRECTION('',(0.,0.,1.));
#2301 = ORIENTED_EDGE('',*,*,#2264,.F.);
#2302 = ORIENTED_EDGE('',*,*,#2076,.F.);
#2303 = CYLINDRICAL_SURFACE('',#2304,2.E-02);
#2304 = AXIS2_PLACEMENT_3D('',#2305,#2306,#2307);
#2305 = CARTESIAN_POINT('',(-0.3,-0.21,0.46));
#2306 = DIRECTION('',(1.,0.,0.));
#2307 = DIRECTION('',(0.,-1.,0.));
#2308 = ADVANCED_FACE('',(#2309),#2320,.F.);
#2309 = FACE_BOUND('',#2310,.F.);
#2310 = EDGE_LOOP('',(#2311,#2317,#2318,#2319));
#2311 = ORIENTED_EDGE('',*,*,#2312,.F.);
#2312 = EDGE_CURVE('',#2143,#2288,#2313,.T.);
#2313 = LINE('',#2314,#2315);
#2314 = CARTESIAN_POINT('',(0.3,-0.23,2.E-02));
#2315 = VECTOR('',#2316,1.);
#2316 = DIRECTION('',(0.,0.,1.));
#2317 = ORIENTED_EDGE('',*,*,#2151,.F.);
#2318 = ORIENTED_EDGE('',*,*,#2068,.T.);
#2319 = ORIENTED_EDGE('',*,*,#2287,.T.);
#2320 = PLANE('',#2321);
#2321 = AXIS2_PLACEMENT_3D('',#2322,#2323,#2324);
#2322 = CARTESIAN_POINT('',(-0.3,-0.23,2.E-02));
#2323 = DIRECTION('',(0.,1.,0.));
#2324 = DIRECTION('',(0.,-0.,1.));
#2325 = ADVANCED_FACE('',(#2326,#2396),#2406,.F.);
#2326 = FACE_BOUND('',#2327,.F.);
#2327 = EDGE_LOOP('',(#2328,#2338,#2347,#2355,#2364,#2372,#2381,#2389));
#2328 = ORIENTED_EDGE('',*,*,#2329,.F.);
#2329 = EDGE_CURVE('',#2330,#2332,#2334,.T.);
#2330 = VERTEX_POINT('',#2331);
#2331 = CARTESIAN_POINT('',(0.3,-0.25,2.E-02));
#2332 = VERTEX_POINT('',#2333);
#2333 = CARTESIAN_POINT('',(0.3,-0.25,0.48));
#2334 = LINE('',#2335,#2336);
#2335 = CARTESIAN_POINT('',(0.3,-0.25,0.));
#2336 = VECTOR('',#2337,1.);
#2337 = DIRECTION('',(0.,0.,1.));
#2338 = ORIENTED_EDGE('',*,*,#2339,.T.);
#2339 = EDGE_CURVE('',#2330,#2340,#2342,.T.);
#2340 = VERTEX_POINT('',#2341);
#2341 = CARTESIAN_POINT('',(0.3,-0.23,0.));
#2342 = CIRCLE('',#2343,2.E-02);
#2343 = AXIS2_PLACEMENT_3D('',#2344,#2345,#2346);
#2344 = CARTESIAN_POINT('',(0.3,-0.23,2.E-02));
#2345 = DIRECTION('',(1.,0.,-0.));
#2346 = DIRECTION('',(0.,0.,1.));
#2347 = ORIENTED_EDGE('',*,*,#2348,.T.);
#2348 = EDGE_CURVE('',#2340,#2349,#2351,.T.);
#2349 = VERTEX_POINT('',#2350);
#2350 = CARTESIAN_POINT('',(0.3,0.23,0.));
#2351 = LINE('',#2352,#2353);
#2352 = CARTESIAN_POINT('',(0.3,-0.25,0.));
#2353 = VECTOR('',#2354,1.);
#2354 = DIRECTION('',(0.,1.,0.));
#2355 = ORIENTED_EDGE('',*,*,#2356,.F.);
#2356 = EDGE_CURVE('',#2357,#2349,#2359,.T.);
#2357 = VERTEX_POINT('',#2358);
#2358 = CARTESIAN_POINT('',(0.3,0.25,2.E-02));
#2359 = CIRCLE('',#2360,2.E-02);
#2360 = AXIS2_PLACEMENT_3D('',#2361,#2362,#2363);
#2361 = CARTESIAN_POINT('',(0.3,0.23,2.E-02));
#2362 = DIRECTION('',(-1.,0.,0.));
#2363 = DIRECTION('',(0.,0.,1.));
#2364 = ORIENTED_EDGE('',*,*,#2365,.T.);
#2365 = EDGE_CURVE('',#2357,#2366,#2368,.T.);
#2366 = VERTEX_POINT('',#2367);
#2367 = CARTESIAN_POINT('',(0.3,0.25,0.48));
#2368 = LINE('',#2369,#2370);
#2369 = CARTESIAN_POINT('',(0.3,0.25,0.));
#2370 = VECTOR('',#2371,1.);
#2371 = DIRECTION('',(0.,0.,1.));
#2372 = ORIENTED_EDGE('',*,*,#2373,.T.);
#2373 = EDGE_CURVE('',#2366,#2374,#2376,.T.);
#2374 = VERTEX_POINT('',#2375);
#2375 = CARTESIAN_POINT('',(0.3,0.23,0.5));
#2376 = CIRCLE('',#2377,2.E-02);
#2377 = AXIS2_PLACEMENT_3D('',#2378,#2379,#2380);
#2378 = CARTESIAN_POINT('',(0.3,0.23,0.48));
#2379 = DIRECTION('',(1.,0.,-0.));
#2380 = DIRECTION('',(0.,0.,1.));
#2381 = ORIENTED_EDGE('',*,*,#2382,.F.);
#2382 = EDGE_CURVE('',#2383,#2374,#2385,.T.);
#2383 = VERTEX_POINT('',#2384);
#2384 = CARTESIAN_POINT('',(0.3,-0.23,0.5));
#2385 = LINE('',#2386,#2387);
#2386 = CARTESIAN_POINT('',(0.3,-0.25,0.5));
#2387 = VECTOR('',#2388,1.);
#2388 = DIRECTION('',(0.,1.,0.));
#2389 = ORIENTED_EDGE('',*,*,#2390,.F.);
#2390 = EDGE_CURVE('',#2332,#2383,#2391,.T.);
#2391 = CIRCLE('',#2392,2.E-02);
#2392 = AXIS2_PLACEMENT_3D('',#2393,#2394,#2395);
#2393 = CARTESIAN_POINT('',(0.3,-0.23,0.48));
#2394 = DIRECTION('',(-1.,0.,0.));
#2395 = DIRECTION('',(0.,0.,1.));
#2396 = FACE_BOUND('',#2397,.F.);
#2397 = EDGE_LOOP('',(#2398,#2399,#2400,#2401,#2402,#2403,#2404,#2405));
#2398 = ORIENTED_EDGE('',*,*,#2142,.F.);
#2399 = ORIENTED_EDGE('',*,*,#2312,.T.);
#2400 = ORIENTED_EDGE('',*,*,#2295,.T.);
#2401 = ORIENTED_EDGE('',*,*,#2272,.T.);
#2402 = ORIENTED_EDGE('',*,*,#2247,.F.);
#2403 = ORIENTED_EDGE('',*,*,#2214,.F.);
#2404 = ORIENTED_EDGE('',*,*,#2197,.T.);
#2405 = ORIENTED_EDGE('',*,*,#2167,.F.);
#2406 = PLANE('',#2407);
#2407 = AXIS2_PLACEMENT_3D('',#2408,#2409,#2410);
#2408 = CARTESIAN_POINT('',(0.3,-0.25,0.));
#2409 = DIRECTION('',(1.,0.,0.));
#2410 = DIRECTION('',(0.,0.,1.));
#2411 = ADVANCED_FACE('',(#2412),#2437,.F.);
#2412 = FACE_BOUND('',#2413,.F.);
#2413 = EDGE_LOOP('',(#2414,#2424,#2430,#2431));
#2414 = ORIENTED_EDGE('',*,*,#2415,.F.);
#2415 = EDGE_CURVE('',#2416,#2418,#2420,.T.);
#2416 = VERTEX_POINT('',#2417);
#2417 = CARTESIAN_POINT('',(0.5,-0.25,2.E-02));
#2418 = VERTEX_POINT('',#2419);
#2419 = CARTESIAN_POINT('',(0.5,-0.25,0.48));
#2420 = LINE('',#2421,#2422);
#2421 = CARTESIAN_POINT('',(0.5,-0.25,0.));
#2422 = VECTOR('',#2423,1.);
#2423 = DIRECTION('',(0.,0.,1.));
#2424 = ORIENTED_EDGE('',*,*,#2425,.F.);
#2425 = EDGE_CURVE('',#2330,#2416,#2426,.T.);
#2426 = LINE('',#2427,#2428);
#2427 = CARTESIAN_POINT('',(0.3,-0.25,2.E-02));
#2428 = VECTOR('',#2429,1.);
#2429 = DIRECTION('',(1.,0.,0.));
#2430 = ORIENTED_EDGE('',*,*,#2329,.T.);
#2431 = ORIENTED_EDGE('',*,*,#2432,.T.);
#2432 = EDGE_CURVE('',#2332,#2418,#2433,.T.);
#2433 = LINE('',#2434,#2435);
#2434 = CARTESIAN_POINT('',(0.3,-0.25,0.48));
#2435 = VECTOR('',#2436,1.);
#2436 = DIRECTION('',(1.,0.,0.));
#2437 = PLANE('',#2438);
#2438 = AXIS2_PLACEMENT_3D('',#2439,#2440,#2441);
#2439 = CARTESIAN_POINT('',(0.3,-0.25,0.));
#2440 = DIRECTION('',(0.,1.,0.));
#2441 = DIRECTION('',(0.,-0.,1.));
#2442 = ADVANCED_FACE('',(#2443),#2462,.T.);
#2443 = FACE_BOUND('',#2444,.T.);
#2444 = EDGE_LOOP('',(#2445,#2446,#2454,#2461));
#2445 = ORIENTED_EDGE('',*,*,#2339,.T.);
#2446 = ORIENTED_EDGE('',*,*,#2447,.T.);
#2447 = EDGE_CURVE('',#2340,#2448,#2450,.T.);
#2448 = VERTEX_POINT('',#2449);
#2449 = CARTESIAN_POINT('',(0.5,-0.23,0.));
#2450 = LINE('',#2451,#2452);
#2451 = CARTESIAN_POINT('',(0.3,-0.23,0.));
#2452 = VECTOR('',#2453,1.);
#2453 = DIRECTION('',(1.,0.,0.));
#2454 = ORIENTED_EDGE('',*,*,#2455,.F.);
#2455 = EDGE_CURVE('',#2416,#2448,#2456,.T.);
#2456 = CIRCLE('',#2457,2.E-02);
#2457 = AXIS2_PLACEMENT_3D('',#2458,#2459,#2460);
#2458 = CARTESIAN_POINT('',(0.5,-0.23,2.E-02));
#2459 = DIRECTION('',(1.,0.,-0.));
#2460 = DIRECTION('',(0.,0.,1.));
#2461 = ORIENTED_EDGE('',*,*,#2425,.F.);
#2462 = CYLINDRICAL_SURFACE('',#2463,2.E-02);
#2463 = AXIS2_PLACEMENT_3D('',#2464,#2465,#2466);
#2464 = CARTESIAN_POINT('',(0.3,-0.23,2.E-02));
#2465 = DIRECTION('',(1.,0.,0.));
#2466 = DIRECTION('',(0.,-1.,0.));
#2467 = ADVANCED_FACE('',(#2468),#2487,.T.);
#2468 = FACE_BOUND('',#2469,.T.);
#2469 = EDGE_LOOP('',(#2470,#2471,#2480,#2486));
#2470 = ORIENTED_EDGE('',*,*,#2432,.T.);
#2471 = ORIENTED_EDGE('',*,*,#2472,.T.);
#2472 = EDGE_CURVE('',#2418,#2473,#2475,.T.);
#2473 = VERTEX_POINT('',#2474);
#2474 = CARTESIAN_POINT('',(0.5,-0.23,0.5));
#2475 = CIRCLE('',#2476,2.E-02);
#2476 = AXIS2_PLACEMENT_3D('',#2477,#2478,#2479);
#2477 = CARTESIAN_POINT('',(0.5,-0.23,0.48));
#2478 = DIRECTION('',(-1.,0.,0.));
#2479 = DIRECTION('',(0.,0.,1.));
#2480 = ORIENTED_EDGE('',*,*,#2481,.F.);
#2481 = EDGE_CURVE('',#2383,#2473,#2482,.T.);
#2482 = LINE('',#2483,#2484);
#2483 = CARTESIAN_POINT('',(0.3,-0.23,0.5));
#2484 = VECTOR('',#2485,1.);
#2485 = DIRECTION('',(1.,0.,0.));
#2486 = ORIENTED_EDGE('',*,*,#2390,.F.);
#2487 = CYLINDRICAL_SURFACE('',#2488,2.E-02);
#2488 = AXIS2_PLACEMENT_3D('',#2489,#2490,#2491);
#2489 = CARTESIAN_POINT('',(0.3,-0.23,0.48));
#2490 = DIRECTION('',(1.,0.,0.));
#2491 = DIRECTION('',(0.,-1.,0.));
#2492 = ADVANCED_FACE('',(#2493),#2511,.F.);
#2493 = FACE_BOUND('',#2494,.F.);
#2494 = EDGE_LOOP('',(#2495,#2496,#2497,#2505));
#2495 = ORIENTED_EDGE('',*,*,#2348,.F.);
#2496 = ORIENTED_EDGE('',*,*,#2447,.T.);
#2497 = ORIENTED_EDGE('',*,*,#2498,.T.);
#2498 = EDGE_CURVE('',#2448,#2499,#2501,.T.);
#2499 = VERTEX_POINT('',#2500);
#2500 = CARTESIAN_POINT('',(0.5,0.23,0.));
#2501 = LINE('',#2502,#2503);
#2502 = CARTESIAN_POINT('',(0.5,-0.25,0.));
#2503 = VECTOR('',#2504,1.);
#2504 = DIRECTION('',(0.,1.,0.));
#2505 = ORIENTED_EDGE('',*,*,#2506,.F.);
#2506 = EDGE_CURVE('',#2349,#2499,#2507,.T.);
#2507 = LINE('',#2508,#2509);
#2508 = CARTESIAN_POINT('',(0.3,0.23,0.));
#2509 = VECTOR('',#2510,1.);
#2510 = DIRECTION('',(1.,0.,0.));
#2511 = PLANE('',#2512);
#2512 = AXIS2_PLACEMENT_3D('',#2513,#2514,#2515);
#2513 = CARTESIAN_POINT('',(0.3,-0.25,0.));
#2514 = DIRECTION('',(0.,0.,1.));
#2515 = DIRECTION('',(1.,0.,-0.));
#2516 = ADVANCED_FACE('',(#2517),#2535,.T.);
#2517 = FACE_BOUND('',#2518,.T.);
#2518 = EDGE_LOOP('',(#2519,#2520,#2521,#2529));
#2519 = ORIENTED_EDGE('',*,*,#2382,.F.);
#2520 = ORIENTED_EDGE('',*,*,#2481,.T.);
#2521 = ORIENTED_EDGE('',*,*,#2522,.T.);
#2522 = EDGE_CURVE('',#2473,#2523,#2525,.T.);
#2523 = VERTEX_POINT('',#2524);
#2524 = CARTESIAN_POINT('',(0.5,0.23,0.5));
#2525 = LINE('',#2526,#2527);
#2526 = CARTESIAN_POINT('',(0.5,-0.25,0.5));
#2527 = VECTOR('',#2528,1.);
#2528 = DIRECTION('',(0.,1.,0.));
#2529 = ORIENTED_EDGE('',*,*,#2530,.F.);
#2530 = EDGE_CURVE('',#2374,#2523,#2531,.T.);
#2531 = LINE('',#2532,#2533);
#2532 = CARTESIAN_POINT('',(0.3,0.23,0.5));
#2533 = VECTOR('',#2534,1.);
#2534 = DIRECTION('',(1.,0.,0.));
#2535 = PLANE('',#2536);
#2536 = AXIS2_PLACEMENT_3D('',#2537,#2538,#2539);
#2537 = CARTESIAN_POINT('',(0.3,-0.25,0.5));
#2538 = DIRECTION('',(0.,0.,1.));
#2539 = DIRECTION('',(1.,0.,-0.));
#2540 = ADVANCED_FACE('',(#2541),#2560,.T.);
#2541 = FACE_BOUND('',#2542,.T.);
#2542 = EDGE_LOOP('',(#2543,#2551,#2558,#2559));
#2543 = ORIENTED_EDGE('',*,*,#2544,.T.);
#2544 = EDGE_CURVE('',#2357,#2545,#2547,.T.);
#2545 = VERTEX_POINT('',#2546);
#2546 = CARTESIAN_POINT('',(0.5,0.25,2.E-02));
#2547 = LINE('',#2548,#2549);
#2548 = CARTESIAN_POINT('',(0.3,0.25,2.E-02));
#2549 = VECTOR('',#2550,1.);
#2550 = DIRECTION('',(1.,0.,0.));
#2551 = ORIENTED_EDGE('',*,*,#2552,.T.);
#2552 = EDGE_CURVE('',#2545,#2499,#2553,.T.);
#2553 = CIRCLE('',#2554,2.E-02);
#2554 = AXIS2_PLACEMENT_3D('',#2555,#2556,#2557);
#2555 = CARTESIAN_POINT('',(0.5,0.23,2.E-02));
#2556 = DIRECTION('',(-1.,0.,0.));
#2557 = DIRECTION('',(0.,0.,1.));
#2558 = ORIENTED_EDGE('',*,*,#2506,.F.);
#2559 = ORIENTED_EDGE('',*,*,#2356,.F.);
#2560 = CYLINDRICAL_SURFACE('',#2561,2.E-02);
#2561 = AXIS2_PLACEMENT_3D('',#2562,#2563,#2564);
#2562 = CARTESIAN_POINT('',(0.3,0.23,2.E-02));
#2563 = DIRECTION('',(1.,0.,0.));
#2564 = DIRECTION('',(-0.,1.,0.));
#2565 = ADVANCED_FACE('',(#2566),#2585,.T.);
#2566 = FACE_BOUND('',#2567,.T.);
#2567 = EDGE_LOOP('',(#2568,#2569,#2570,#2579));
#2568 = ORIENTED_EDGE('',*,*,#2373,.T.);
#2569 = ORIENTED_EDGE('',*,*,#2530,.T.);
#2570 = ORIENTED_EDGE('',*,*,#2571,.F.);
#2571 = EDGE_CURVE('',#2572,#2523,#2574,.T.);
#2572 = VERTEX_POINT('',#2573);
#2573 = CARTESIAN_POINT('',(0.5,0.25,0.48));
#2574 = CIRCLE('',#2575,2.E-02);
#2575 = AXIS2_PLACEMENT_3D('',#2576,#2577,#2578);
#2576 = CARTESIAN_POINT('',(0.5,0.23,0.48));
#2577 = DIRECTION('',(1.,0.,-0.));
#2578 = DIRECTION('',(0.,0.,1.));
#2579 = ORIENTED_EDGE('',*,*,#2580,.F.);
#2580 = EDGE_CURVE('',#2366,#2572,#2581,.T.);
#2581 = LINE('',#2582,#2583);
#2582 = CARTESIAN_POINT('',(0.3,0.25,0.48));
#2583 = VECTOR('',#2584,1.);
#2584 = DIRECTION('',(1.,0.,0.));
#2585 = CYLINDRICAL_SURFACE('',#2586,2.E-02);
#2586 = AXIS2_PLACEMENT_3D('',#2587,#2588,#2589);
#2587 = CARTESIAN_POINT('',(0.3,0.23,0.48));
#2588 = DIRECTION('',(1.,0.,0.));
#2589 = DIRECTION('',(-0.,1.,0.));
#2590 = ADVANCED_FACE('',(#2591),#2602,.T.);
#2591 = FACE_BOUND('',#2592,.T.);
#2592 = EDGE_LOOP('',(#2593,#2599,#2600,#2601));
#2593 = ORIENTED_EDGE('',*,*,#2594,.F.);
#2594 = EDGE_CURVE('',#2545,#2572,#2595,.T.);
#2595 = LINE('',#2596,#2597);
#2596 = CARTESIAN_POINT('',(0.5,0.25,0.));
#2597 = VECTOR('',#2598,1.);
#2598 = DIRECTION('',(0.,0.,1.));
#2599 = ORIENTED_EDGE('',*,*,#2544,.F.);
#2600 = ORIENTED_EDGE('',*,*,#2365,.T.);
#2601 = ORIENTED_EDGE('',*,*,#2580,.T.);
#2602 = PLANE('',#2603);
#2603 = AXIS2_PLACEMENT_3D('',#2604,#2605,#2606);
#2604 = CARTESIAN_POINT('',(0.3,0.25,0.));
#2605 = DIRECTION('',(0.,1.,0.));
#2606 = DIRECTION('',(0.,-0.,1.));
#2607 = ADVANCED_FACE('',(#2608),#2618,.T.);
#2608 = FACE_BOUND('',#2609,.T.);
#2609 = EDGE_LOOP('',(#2610,#2611,#2612,#2613,#2614,#2615,#2616,#2617));
#2610 = ORIENTED_EDGE('',*,*,#2415,.F.);
#2611 = ORIENTED_EDGE('',*,*,#2455,.T.);
#2612 = ORIENTED_EDGE('',*,*,#2498,.T.);
#2613 = ORIENTED_EDGE('',*,*,#2552,.F.);
#2614 = ORIENTED_EDGE('',*,*,#2594,.T.);
#2615 = ORIENTED_EDGE('',*,*,#2571,.T.);
#2616 = ORIENTED_EDGE('',*,*,#2522,.F.);
#2617 = ORIENTED_EDGE('',*,*,#2472,.F.);
#2618 = PLANE('',#2619);
#2619 = AXIS2_PLACEMENT_3D('',#2620,#2621,#2622);
#2620 = CARTESIAN_POINT('',(0.5,-0.25,0.));
#2621 = DIRECTION('',(1.,0.,0.));
#2622 = DIRECTION('',(0.,0.,1.));
#2623 = ( GEOMETRIC_REPRESENTATION_CONTEXT(3) 
GLOBAL_UNCERTAINTY_ASSIGNED_CONTEXT((#2627)) 
GLOBAL_UNIT_ASSIGNED_CONTEXT((#2624,#2625,#2626)) REPRESENTATION_CONTEXT
('Context #1','3D Context with UNIT and UNCERTAINTY') );
#2624 = ( LENGTH_UNIT() NAMED_UNIT(*) SI_UNIT(.MILLI.,.METRE.) );
#2625 = ( NAMED_UNIT(*) PLANE_ANGLE_UNIT() SI_UNIT($,.RADIAN.) );
#2626 = ( NAMED_UNIT(*) SI_UNIT($,.STERADIAN.) SOLID_ANGLE_UNIT() );
#2627 = UNCERTAINTY_MEASURE_WITH_UNIT(LENGTH_MEASURE(1.E-07),#2624,
  'distance_accuracy_value','confusion accuracy');
#2628 = CONTEXT_DEPENDENT_SHAPE_REPRESENTATION(#2629,#2631);
#2629 = ( REPRESENTATION_RELATIONSHIP('','',#1768,#10) 
REPRESENTATION_RELATIONSHIP_WITH_TRANSFORMATION(#2630) 
SHAPE_REPRESENTATION_RELATIONSHIP() );
#2630 = ITEM_DEFINED_TRANSFORMATION('','',#11,#31);
#2631 = PRODUCT_DEFINITION_SHAPE('Placement','Placement of an item',
  #2632);
#2632 = NEXT_ASSEMBLY_USAGE_OCCURRENCE('5','C1','',#5,#1763,$);
#2633 = PRODUCT_RELATED_PRODUCT_CATEGORY('part',$,(#1765));
#2634 = CONTEXT_DEPENDENT_SHAPE_REPRESENTATION(#2635,#2637);
#2635 = ( REPRESENTATION_RELATIONSHIP('','',#1768,#10) 
REPRESENTATION_RELATIONSHIP_WITH_TRANSFORMATION(#2636) 
SHAPE_REPRESENTATION_RELATIONSHIP() );
#2636 = ITEM_DEFINED_TRANSFORMATION('','',#11,#35);
#2637 = PRODUCT_DEFINITION_SHAPE('Placement','Placement of an item',
  #2638);
#2638 = NEXT_ASSEMBLY_USAGE_OCCURRENCE('6','C2','',#5,#1763,$);
#2639 = CONTEXT_DEPENDENT_SHAPE_REPRESENTATION(#2640,#2642);
#2640 = ( REPRESENTATION_RELATIONSHIP('','',#1768,#10) 
REPRESENTATION_RELATIONSHIP_WITH_TRANSFORMATION(#2641) 
SHAPE_REPRESENTATION_RELATIONSHIP() );
#2641 = ITEM_DEFINED_TRANSFORMATION('','',#11,#39);
#2642 = PRODUCT_DEFINITION_SHAPE('Placement','Placement of an item',
  #2643);
#2643 = NEXT_ASSEMBLY_USAGE_OCCURRENCE('7','C4','',#5,#1763,$);
#2644 = SHAPE_DEFINITION_REPRESENTATION(#2645,#2651);
#2645 = PRODUCT_DEFINITION_SHAPE('','',#2646);
#2646 = PRODUCT_DEFINITION('design','',#2647,#2650);
#2647 = PRODUCT_DEFINITION_FORMATION('','',#2648);
#2648 = PRODUCT('TSSOP-28_4.4x9.7mm_P0.65mm',
  'TSSOP-28_4.4x9.7mm_P0.65mm','',(#2649));
#2649 = PRODUCT_CONTEXT('',#2,'mechanical');
#2650 = PRODUCT_DEFINITION_CONTEXT('part definition',#2,'design');
#2651 = ADVANCED_BREP_SHAPE_REPRESENTATION('',(#11,#2652),#16460);
#2652 = MANIFOLD_SOLID_BREP('',#2653);
#2653 = CLOSED_SHELL('',(#2654,#2692,#2755,#2778,#2807,#2830,#3077,#3324
    ,#3347,#3370,#3387,#3410,#3498,#3514,#3544,#3575,#3606,#3637,#3668,
    #3699,#3730,#3761,#3792,#3823,#3854,#3885,#3916,#3947,#3978,#4009,
    #4040,#4071,#4102,#4133,#4164,#4195,#4226,#4257,#4288,#4319,#4350,
    #4381,#4398,#4415,#4446,#4477,#4508,#4539,#4570,#4601,#4632,#4663,
    #4694,#4725,#4756,#4787,#4818,#4849,#4880,#4911,#4942,#4973,#5004,
    #5035,#5066,#5097,#5128,#5159,#5190,#5221,#5252,#5282,#5305,#5328,
    #5345,#5390,#5636,#5659,#5682,#5705,#5952,#5990,#6039,#6131,#6156,
    #6240,#6262,#6354,#6379,#6463,#6485,#6577,#6602,#6686,#6708,#6800,
    #6825,#6909,#6931,#7023,#7048,#7132,#7154,#7246,#7271,#7355,#7377,
    #7469,#7494,#7578,#7600,#7692,#7717,#7801,#7823,#7915,#7940,#8024,
    #8046,#8138,#8163,#8247,#8269,#8361,#8386,#8470,#8492,#8584,#8609,
    #8693,#8715,#8807,#8832,#8916,#8933,#9018,#9043,#9120,#9205,#9230,
    #9307,#9324,#9416,#9441,#9525,#9547,#9639,#9664,#9748,#9770,#9862,
    #9887,#9971,#9993,#10085,#10110,#10194,#10216,#10308,#10333,#10417,
    #10439,#10531,#10556,#10640,#10662,#10754,#10779,#10863,#10885,
    #10977,#11002,#11086,#11108,#11200,#11225,#11309,#11331,#11423,
    #11448,#11532,#11554,#11646,#11671,#11755,#11777,#11869,#11894,
    #11978,#12000,#12092,#12117,#12201,#12218,#12237,#12256,#12275,
    #12294,#12313,#12332,#12351,#12370,#12389,#12408,#12427,#12446,
    #12465,#12511,#12527,#12546,#12565,#12584,#12603,#12622,#12641,
    #12660,#12679,#12698,#12717,#12736,#12755,#12774,#12790,#12807,
    #12819,#12836,#12853,#12870,#12887,#12904,#12921,#12938,#12950,
    #12967,#12984,#13001,#13018,#13035,#13052,#13069,#13081,#13098,
    #13115,#13132,#13149,#13166,#13183,#13200,#13212,#13229,#13246,
    #13263,#13280,#13297,#13314,#13331,#13343,#13360,#13377,#13394,
    #13411,#13428,#13445,#13462,#13474,#13491,#13508,#13525,#13542,
    #13559,#13576,#13593,#13605,#13622,#13639,#13656,#13673,#13690,
    #13707,#13724,#13736,#13753,#13770,#13787,#13804,#13821,#13838,
    #13855,#13867,#13884,#13901,#13918,#13935,#13952,#13969,#13986,
    #13998,#14015,#14032,#14049,#14066,#14083,#14100,#14117,#14129,
    #14146,#14163,#14180,#14197,#14214,#14231,#14248,#14260,#14277,
    #14294,#14311,#14328,#14345,#14362,#14379,#14391,#14408,#14425,
    #14442,#14459,#14476,#14493,#14510,#14522,#14539,#14556,#14573,
    #14590,#14607,#14624,#14636,#14653,#14670,#14687,#14704,#14721,
    #14738,#14750,#14767,#14784,#14801,#14818,#14835,#14852,#14869,
    #14881,#14898,#14915,#14932,#14949,#14966,#14983,#15000,#15012,
    #15029,#15046,#15063,#15080,#15097,#15114,#15131,#15143,#15160,
    #15177,#15194,#15211,#15228,#15245,#15262,#15274,#15291,#15308,
    #15325,#15342,#15359,#15376,#15393,#15405,#15422,#15439,#15456,
    #15473,#15490,#15507,#15524,#15536,#15553,#15570,#15587,#15604,
    #15621,#15638,#15655,#15667,#15684,#15701,#15718,#15735,#15752,
    #15769,#15786,#15798,#15815,#15832,#15849,#15866,#15883,#15900,
    #15917,#15929,#15946,#15963,#15980,#15997,#16014,#16031,#16048,
    #16060,#16077,#16094,#16111,#16128,#16145,#16162,#16179,#16191,
    #16208,#16225,#16242,#16259,#16276,#16293,#16310,#16322,#16339,
    #16356,#16373,#16390,#16407,#16424,#16441,#16453));
#2654 = ADVANCED_FACE('',(#2655),#2687,.F.);
#2655 = FACE_BOUND('',#2656,.F.);
#2656 = EDGE_LOOP('',(#2657,#2667,#2674,#2682));
#2657 = ORIENTED_EDGE('',*,*,#2658,.T.);
#2658 = EDGE_CURVE('',#2659,#2661,#2663,.T.);
#2659 = VERTEX_POINT('',#2660);
#2660 = CARTESIAN_POINT('',(-1.954831730645,4.75966346129,0.1));
#2661 = VERTEX_POINT('',#2662);
#2662 = CARTESIAN_POINT('',(1.954831730645,4.75966346129,0.1));
#2663 = LINE('',#2664,#2665);
#2664 = CARTESIAN_POINT('',(-1.954831730645,4.75966346129,0.1));
#2665 = VECTOR('',#2666,1.);
#2666 = DIRECTION('',(1.,1.110223024625E-16,0.));
#2667 = ORIENTED_EDGE('',*,*,#2668,.T.);
#2668 = EDGE_CURVE('',#2661,#2669,#2671,.T.);
#2669 = VERTEX_POINT('',#2670);
#2670 = CARTESIAN_POINT('',(2.,4.85,0.525));
#2671 = B_SPLINE_CURVE_WITH_KNOTS('',1,(#2672,#2673),.UNSPECIFIED.,.F.,
  .F.,(2,2),(0.,1.),.PIECEWISE_BEZIER_KNOTS.);
#2672 = CARTESIAN_POINT('',(1.954831730645,4.75966346129,0.1));
#2673 = CARTESIAN_POINT('',(2.,4.85,0.525));
#2674 = ORIENTED_EDGE('',*,*,#2675,.F.);
#2675 = EDGE_CURVE('',#2676,#2669,#2678,.T.);
#2676 = VERTEX_POINT('',#2677);
#2677 = CARTESIAN_POINT('',(-2.,4.85,0.525));
#2678 = LINE('',#2679,#2680);
#2679 = CARTESIAN_POINT('',(-2.,4.85,0.525));
#2680 = VECTOR('',#2681,1.);
#2681 = DIRECTION('',(1.,1.110223024625E-16,0.));
#2682 = ORIENTED_EDGE('',*,*,#2683,.F.);
#2683 = EDGE_CURVE('',#2659,#2676,#2684,.T.);
#2684 = B_SPLINE_CURVE_WITH_KNOTS('',1,(#2685,#2686),.UNSPECIFIED.,.F.,
  .F.,(2,2),(0.,1.),.PIECEWISE_BEZIER_KNOTS.);
#2685 = CARTESIAN_POINT('',(-1.954831730645,4.75966346129,0.1));
#2686 = CARTESIAN_POINT('',(-2.,4.85,0.525));
#2687 = B_SPLINE_SURFACE_WITH_KNOTS('',1,1,(
    (#2688,#2689)
    ,(#2690,#2691
    )),.UNSPECIFIED.,.F.,.F.,.F.,(2,2),(2,2),(0.,4.),(0.,1.),
  .PIECEWISE_BEZIER_KNOTS.);
#2688 = CARTESIAN_POINT('',(-1.954831730645,4.75966346129,0.1));
#2689 = CARTESIAN_POINT('',(-2.,4.85,0.525));
#2690 = CARTESIAN_POINT('',(1.954831730645,4.75966346129,0.1));
#2691 = CARTESIAN_POINT('',(2.,4.85,0.525));
#2692 = ADVANCED_FACE('',(#2693),#2750,.T.);
#2693 = FACE_BOUND('',#2694,.T.);
#2694 = EDGE_LOOP('',(#2695,#2696,#2704,#2712,#2720,#2728,#2736,#2744));
#2695 = ORIENTED_EDGE('',*,*,#2658,.T.);
#2696 = ORIENTED_EDGE('',*,*,#2697,.T.);
#2697 = EDGE_CURVE('',#2661,#2698,#2700,.T.);
#2698 = VERTEX_POINT('',#2699);
#2699 = CARTESIAN_POINT('',(2.10966346129,4.604831730645,0.1));
#2700 = LINE('',#2701,#2702);
#2701 = CARTESIAN_POINT('',(1.954831730645,4.75966346129,0.1));
#2702 = VECTOR('',#2703,1.);
#2703 = DIRECTION('',(0.707106781187,-0.707106781187,0.));
#2704 = ORIENTED_EDGE('',*,*,#2705,.T.);
#2705 = EDGE_CURVE('',#2698,#2706,#2708,.T.);
#2706 = VERTEX_POINT('',#2707);
#2707 = CARTESIAN_POINT('',(2.10966346129,-4.604831730645,0.1));
#2708 = LINE('',#2709,#2710);
#2709 = CARTESIAN_POINT('',(2.10966346129,4.604831730645,0.1));
#2710 = VECTOR('',#2711,1.);
#2711 = DIRECTION('',(1.110223024625E-16,-1.,0.));
#2712 = ORIENTED_EDGE('',*,*,#2713,.T.);
#2713 = EDGE_CURVE('',#2706,#2714,#2716,.T.);
#2714 = VERTEX_POINT('',#2715);
#2715 = CARTESIAN_POINT('',(1.954831730645,-4.75966346129,0.1));
#2716 = LINE('',#2717,#2718);
#2717 = CARTESIAN_POINT('',(2.10966346129,-4.604831730645,0.1));
#2718 = VECTOR('',#2719,1.);
#2719 = DIRECTION('',(-0.707106781187,-0.707106781187,0.));
#2720 = ORIENTED_EDGE('',*,*,#2721,.T.);
#2721 = EDGE_CURVE('',#2714,#2722,#2724,.T.);
#2722 = VERTEX_POINT('',#2723);
#2723 = CARTESIAN_POINT('',(-1.954831730645,-4.75966346129,0.1));
#2724 = LINE('',#2725,#2726);
#2725 = CARTESIAN_POINT('',(1.954831730645,-4.75966346129,0.1));
#2726 = VECTOR('',#2727,1.);
#2727 = DIRECTION('',(-1.,-1.110223024625E-16,0.));
#2728 = ORIENTED_EDGE('',*,*,#2729,.T.);
#2729 = EDGE_CURVE('',#2722,#2730,#2732,.T.);
#2730 = VERTEX_POINT('',#2731);
#2731 = CARTESIAN_POINT('',(-2.10966346129,-4.604831730645,0.1));
#2732 = LINE('',#2733,#2734);
#2733 = CARTESIAN_POINT('',(-1.954831730645,-4.75966346129,0.1));
#2734 = VECTOR('',#2735,1.);
#2735 = DIRECTION('',(-0.707106781187,0.707106781187,0.));
#2736 = ORIENTED_EDGE('',*,*,#2737,.T.);
#2737 = EDGE_CURVE('',#2730,#2738,#2740,.T.);
#2738 = VERTEX_POINT('',#2739);
#2739 = CARTESIAN_POINT('',(-2.10966346129,4.604831730645,0.1));
#2740 = LINE('',#2741,#2742);
#2741 = CARTESIAN_POINT('',(-2.10966346129,-4.604831730645,0.1));
#2742 = VECTOR('',#2743,1.);
#2743 = DIRECTION('',(-1.110223024625E-16,1.,0.));
#2744 = ORIENTED_EDGE('',*,*,#2745,.T.);
#2745 = EDGE_CURVE('',#2738,#2659,#2746,.T.);
#2746 = LINE('',#2747,#2748);
#2747 = CARTESIAN_POINT('',(-2.10966346129,4.604831730645,0.1));
#2748 = VECTOR('',#2749,1.);
#2749 = DIRECTION('',(0.707106781187,0.707106781187,0.));
#2750 = PLANE('',#2751);
#2751 = AXIS2_PLACEMENT_3D('',#2752,#2753,#2754);
#2752 = CARTESIAN_POINT('',(-1.954831730645,4.75966346129,0.1));
#2753 = DIRECTION('',(0.,0.,-1.));
#2754 = DIRECTION('',(0.379913857138,-0.925021870636,0.));
#2755 = ADVANCED_FACE('',(#2756),#2773,.F.);
#2756 = FACE_BOUND('',#2757,.F.);
#2757 = EDGE_LOOP('',(#2758,#2759,#2766,#2772));
#2758 = ORIENTED_EDGE('',*,*,#2697,.T.);
#2759 = ORIENTED_EDGE('',*,*,#2760,.T.);
#2760 = EDGE_CURVE('',#2698,#2761,#2763,.T.);
#2761 = VERTEX_POINT('',#2762);
#2762 = CARTESIAN_POINT('',(2.2,4.65,0.525));
#2763 = B_SPLINE_CURVE_WITH_KNOTS('',1,(#2764,#2765),.UNSPECIFIED.,.F.,
  .F.,(2,2),(0.,1.),.PIECEWISE_BEZIER_KNOTS.);
#2764 = CARTESIAN_POINT('',(2.10966346129,4.604831730645,0.1));
#2765 = CARTESIAN_POINT('',(2.2,4.65,0.525));
#2766 = ORIENTED_EDGE('',*,*,#2767,.F.);
#2767 = EDGE_CURVE('',#2669,#2761,#2768,.T.);
#2768 = LINE('',#2769,#2770);
#2769 = CARTESIAN_POINT('',(2.,4.85,0.525));
#2770 = VECTOR('',#2771,1.);
#2771 = DIRECTION('',(0.707106781187,-0.707106781187,0.));
#2772 = ORIENTED_EDGE('',*,*,#2668,.F.);
#2773 = B_SPLINE_SURFACE_WITH_KNOTS('',1,1,(
    (#2774,#2775)
    ,(#2776,#2777
    )),.UNSPECIFIED.,.F.,.F.,.F.,(2,2),(2,2),(0.,0.282842712475),(0.,1.)
  ,.PIECEWISE_BEZIER_KNOTS.);
#2774 = CARTESIAN_POINT('',(1.954831730645,4.75966346129,0.1));
#2775 = CARTESIAN_POINT('',(2.,4.85,0.525));
#2776 = CARTESIAN_POINT('',(2.10966346129,4.604831730645,0.1));
#2777 = CARTESIAN_POINT('',(2.2,4.65,0.525));
#2778 = ADVANCED_FACE('',(#2779),#2802,.F.);
#2779 = FACE_BOUND('',#2780,.F.);
#2780 = EDGE_LOOP('',(#2781,#2782,#2789,#2797));
#2781 = ORIENTED_EDGE('',*,*,#2675,.T.);
#2782 = ORIENTED_EDGE('',*,*,#2783,.T.);
#2783 = EDGE_CURVE('',#2669,#2784,#2786,.T.);
#2784 = VERTEX_POINT('',#2785);
#2785 = CARTESIAN_POINT('',(2.,4.85,0.675));
#2786 = B_SPLINE_CURVE_WITH_KNOTS('',1,(#2787,#2788),.UNSPECIFIED.,.F.,
  .F.,(2,2),(0.,1.),.PIECEWISE_BEZIER_KNOTS.);
#2787 = CARTESIAN_POINT('',(2.,4.85,0.525));
#2788 = CARTESIAN_POINT('',(2.,4.85,0.675));
#2789 = ORIENTED_EDGE('',*,*,#2790,.F.);
#2790 = EDGE_CURVE('',#2791,#2784,#2793,.T.);
#2791 = VERTEX_POINT('',#2792);
#2792 = CARTESIAN_POINT('',(-2.,4.85,0.675));
#2793 = LINE('',#2794,#2795);
#2794 = CARTESIAN_POINT('',(-2.,4.85,0.675));
#2795 = VECTOR('',#2796,1.);
#2796 = DIRECTION('',(1.,1.110223024625E-16,0.));
#2797 = ORIENTED_EDGE('',*,*,#2798,.F.);
#2798 = EDGE_CURVE('',#2676,#2791,#2799,.T.);
#2799 = B_SPLINE_CURVE_WITH_KNOTS('',1,(#2800,#2801),.UNSPECIFIED.,.F.,
  .F.,(2,2),(0.,1.),.PIECEWISE_BEZIER_KNOTS.);
#2800 = CARTESIAN_POINT('',(-2.,4.85,0.525));
#2801 = CARTESIAN_POINT('',(-2.,4.85,0.675));
#2802 = PLANE('',#2803);
#2803 = AXIS2_PLACEMENT_3D('',#2804,#2805,#2806);
#2804 = CARTESIAN_POINT('',(-2.,4.85,0.675));
#2805 = DIRECTION('',(1.110223024625E-16,-1.,0.));
#2806 = DIRECTION('',(1.,1.110223024625E-16,0.));
#2807 = ADVANCED_FACE('',(#2808),#2825,.F.);
#2808 = FACE_BOUND('',#2809,.F.);
#2809 = EDGE_LOOP('',(#2810,#2811,#2812,#2820));
#2810 = ORIENTED_EDGE('',*,*,#2745,.T.);
#2811 = ORIENTED_EDGE('',*,*,#2683,.T.);
#2812 = ORIENTED_EDGE('',*,*,#2813,.F.);
#2813 = EDGE_CURVE('',#2814,#2676,#2816,.T.);
#2814 = VERTEX_POINT('',#2815);
#2815 = CARTESIAN_POINT('',(-2.2,4.65,0.525));
#2816 = LINE('',#2817,#2818);
#2817 = CARTESIAN_POINT('',(-2.2,4.65,0.525));
#2818 = VECTOR('',#2819,1.);
#2819 = DIRECTION('',(0.707106781187,0.707106781187,0.));
#2820 = ORIENTED_EDGE('',*,*,#2821,.F.);
#2821 = EDGE_CURVE('',#2738,#2814,#2822,.T.);
#2822 = B_SPLINE_CURVE_WITH_KNOTS('',1,(#2823,#2824),.UNSPECIFIED.,.F.,
  .F.,(2,2),(0.,1.),.PIECEWISE_BEZIER_KNOTS.);
#2823 = CARTESIAN_POINT('',(-2.10966346129,4.604831730645,0.1));
#2824 = CARTESIAN_POINT('',(-2.2,4.65,0.525));
#2825 = B_SPLINE_SURFACE_WITH_KNOTS('',1,1,(
    (#2826,#2827)
    ,(#2828,#2829
    )),.UNSPECIFIED.,.F.,.F.,.F.,(2,2),(2,2),(0.,0.282842712475),(0.,1.)
  ,.PIECEWISE_BEZIER_KNOTS.);
#2826 = CARTESIAN_POINT('',(-2.10966346129,4.604831730645,0.1));
#2827 = CARTESIAN_POINT('',(-2.2,4.65,0.525));
#2828 = CARTESIAN_POINT('',(-1.954831730645,4.75966346129,0.1));
#2829 = CARTESIAN_POINT('',(-2.,4.85,0.525));
#2830 = ADVANCED_FACE('',(#2831),#3072,.F.);
#2831 = FACE_BOUND('',#2832,.F.);
#2832 = EDGE_LOOP('',(#2833,#2834,#2835,#2843,#2851,#2859,#2867,#2875,
    #2883,#2891,#2899,#2907,#2915,#2923,#2931,#2939,#2947,#2955,#2963,
    #2971,#2979,#2987,#2995,#3003,#3011,#3019,#3027,#3035,#3043,#3051,
    #3059,#3067));
#2833 = ORIENTED_EDGE('',*,*,#2737,.T.);
#2834 = ORIENTED_EDGE('',*,*,#2821,.T.);
#2835 = ORIENTED_EDGE('',*,*,#2836,.F.);
#2836 = EDGE_CURVE('',#2837,#2814,#2839,.T.);
#2837 = VERTEX_POINT('',#2838);
#2838 = CARTESIAN_POINT('',(-2.2,4.355,0.525));
#2839 = LINE('',#2840,#2841);
#2840 = CARTESIAN_POINT('',(-2.2,-4.65,0.525));
#2841 = VECTOR('',#2842,1.);
#2842 = DIRECTION('',(-1.110223024625E-16,1.,0.));
#2843 = ORIENTED_EDGE('',*,*,#2844,.F.);
#2844 = EDGE_CURVE('',#2845,#2837,#2847,.T.);
#2845 = VERTEX_POINT('',#2846);
#2846 = CARTESIAN_POINT('',(-2.2,4.095,0.525));
#2847 = LINE('',#2848,#2849);
#2848 = CARTESIAN_POINT('',(-2.2,-4.65,0.525));
#2849 = VECTOR('',#2850,1.);
#2850 = DIRECTION('',(-1.110223024625E-16,1.,0.));
#2851 = ORIENTED_EDGE('',*,*,#2852,.F.);
#2852 = EDGE_CURVE('',#2853,#2845,#2855,.T.);
#2853 = VERTEX_POINT('',#2854);
#2854 = CARTESIAN_POINT('',(-2.2,3.705,0.525));
#2855 = LINE('',#2856,#2857);
#2856 = CARTESIAN_POINT('',(-2.2,-4.65,0.525));
#2857 = VECTOR('',#2858,1.);
#2858 = DIRECTION('',(-1.110223024625E-16,1.,0.));
#2859 = ORIENTED_EDGE('',*,*,#2860,.F.);
#2860 = EDGE_CURVE('',#2861,#2853,#2863,.T.);
#2861 = VERTEX_POINT('',#2862);
#2862 = CARTESIAN_POINT('',(-2.2,3.445,0.525));
#2863 = LINE('',#2864,#2865);
#2864 = CARTESIAN_POINT('',(-2.2,-4.65,0.525));
#2865 = VECTOR('',#2866,1.);
#2866 = DIRECTION('',(-1.110223024625E-16,1.,0.));
#2867 = ORIENTED_EDGE('',*,*,#2868,.F.);
#2868 = EDGE_CURVE('',#2869,#2861,#2871,.T.);
#2869 = VERTEX_POINT('',#2870);
#2870 = CARTESIAN_POINT('',(-2.2,3.055,0.525));
#2871 = LINE('',#2872,#2873);
#2872 = CARTESIAN_POINT('',(-2.2,-4.65,0.525));
#2873 = VECTOR('',#2874,1.);
#2874 = DIRECTION('',(-1.110223024625E-16,1.,0.));
#2875 = ORIENTED_EDGE('',*,*,#2876,.F.);
#2876 = EDGE_CURVE('',#2877,#2869,#2879,.T.);
#2877 = VERTEX_POINT('',#2878);
#2878 = CARTESIAN_POINT('',(-2.2,2.795,0.525));
#2879 = LINE('',#2880,#2881);
#2880 = CARTESIAN_POINT('',(-2.2,-4.65,0.525));
#2881 = VECTOR('',#2882,1.);
#2882 = DIRECTION('',(-1.110223024625E-16,1.,0.));
#2883 = ORIENTED_EDGE('',*,*,#2884,.F.);
#2884 = EDGE_CURVE('',#2885,#2877,#2887,.T.);
#2885 = VERTEX_POINT('',#2886);
#2886 = CARTESIAN_POINT('',(-2.2,2.405,0.525));
#2887 = LINE('',#2888,#2889);
#2888 = CARTESIAN_POINT('',(-2.2,-4.65,0.525));
#2889 = VECTOR('',#2890,1.);
#2890 = DIRECTION('',(-1.110223024625E-16,1.,0.));
#2891 = ORIENTED_EDGE('',*,*,#2892,.F.);
#2892 = EDGE_CURVE('',#2893,#2885,#2895,.T.);
#2893 = VERTEX_POINT('',#2894);
#2894 = CARTESIAN_POINT('',(-2.2,2.145,0.525));
#2895 = LINE('',#2896,#2897);
#2896 = CARTESIAN_POINT('',(-2.2,-4.65,0.525));
#2897 = VECTOR('',#2898,1.);
#2898 = DIRECTION('',(-1.110223024625E-16,1.,0.));
#2899 = ORIENTED_EDGE('',*,*,#2900,.F.);
#2900 = EDGE_CURVE('',#2901,#2893,#2903,.T.);
#2901 = VERTEX_POINT('',#2902);
#2902 = CARTESIAN_POINT('',(-2.2,1.755,0.525));
#2903 = LINE('',#2904,#2905);
#2904 = CARTESIAN_POINT('',(-2.2,-4.65,0.525));
#2905 = VECTOR('',#2906,1.);
#2906 = DIRECTION('',(-1.110223024625E-16,1.,0.));
#2907 = ORIENTED_EDGE('',*,*,#2908,.F.);
#2908 = EDGE_CURVE('',#2909,#2901,#2911,.T.);
#2909 = VERTEX_POINT('',#2910);
#2910 = CARTESIAN_POINT('',(-2.2,1.495,0.525));
#2911 = LINE('',#2912,#2913);
#2912 = CARTESIAN_POINT('',(-2.2,-4.65,0.525));
#2913 = VECTOR('',#2914,1.);
#2914 = DIRECTION('',(-1.110223024625E-16,1.,0.));
#2915 = ORIENTED_EDGE('',*,*,#2916,.F.);
#2916 = EDGE_CURVE('',#2917,#2909,#2919,.T.);
#2917 = VERTEX_POINT('',#2918);
#2918 = CARTESIAN_POINT('',(-2.2,1.105,0.525));
#2919 = LINE('',#2920,#2921);
#2920 = CARTESIAN_POINT('',(-2.2,-4.65,0.525));
#2921 = VECTOR('',#2922,1.);
#2922 = DIRECTION('',(-1.110223024625E-16,1.,0.));
#2923 = ORIENTED_EDGE('',*,*,#2924,.F.);
#2924 = EDGE_CURVE('',#2925,#2917,#2927,.T.);
#2925 = VERTEX_POINT('',#2926);
#2926 = CARTESIAN_POINT('',(-2.2,0.845,0.525));
#2927 = LINE('',#2928,#2929);
#2928 = CARTESIAN_POINT('',(-2.2,-4.65,0.525));
#2929 = VECTOR('',#2930,1.);
#2930 = DIRECTION('',(-1.110223024625E-16,1.,0.));
#2931 = ORIENTED_EDGE('',*,*,#2932,.F.);
#2932 = EDGE_CURVE('',#2933,#2925,#2935,.T.);
#2933 = VERTEX_POINT('',#2934);
#2934 = CARTESIAN_POINT('',(-2.2,0.455,0.525));
#2935 = LINE('',#2936,#2937);
#2936 = CARTESIAN_POINT('',(-2.2,-4.65,0.525));
#2937 = VECTOR('',#2938,1.);
#2938 = DIRECTION('',(-1.110223024625E-16,1.,0.));
#2939 = ORIENTED_EDGE('',*,*,#2940,.F.);
#2940 = EDGE_CURVE('',#2941,#2933,#2943,.T.);
#2941 = VERTEX_POINT('',#2942);
#2942 = CARTESIAN_POINT('',(-2.2,0.195,0.525));
#2943 = LINE('',#2944,#2945);
#2944 = CARTESIAN_POINT('',(-2.2,-4.65,0.525));
#2945 = VECTOR('',#2946,1.);
#2946 = DIRECTION('',(-1.110223024625E-16,1.,0.));
#2947 = ORIENTED_EDGE('',*,*,#2948,.F.);
#2948 = EDGE_CURVE('',#2949,#2941,#2951,.T.);
#2949 = VERTEX_POINT('',#2950);
#2950 = CARTESIAN_POINT('',(-2.2,-0.195,0.525));
#2951 = LINE('',#2952,#2953);
#2952 = CARTESIAN_POINT('',(-2.2,-4.65,0.525));
#2953 = VECTOR('',#2954,1.);
#2954 = DIRECTION('',(-1.110223024625E-16,1.,0.));
#2955 = ORIENTED_EDGE('',*,*,#2956,.F.);
#2956 = EDGE_CURVE('',#2957,#2949,#2959,.T.);
#2957 = VERTEX_POINT('',#2958);
#2958 = CARTESIAN_POINT('',(-2.2,-0.455,0.525));
#2959 = LINE('',#2960,#2961);
#2960 = CARTESIAN_POINT('',(-2.2,-4.65,0.525));
#2961 = VECTOR('',#2962,1.);
#2962 = DIRECTION('',(-1.110223024625E-16,1.,0.));
#2963 = ORIENTED_EDGE('',*,*,#2964,.F.);
#2964 = EDGE_CURVE('',#2965,#2957,#2967,.T.);
#2965 = VERTEX_POINT('',#2966);
#2966 = CARTESIAN_POINT('',(-2.2,-0.845,0.525));
#2967 = LINE('',#2968,#2969);
#2968 = CARTESIAN_POINT('',(-2.2,-4.65,0.525));
#2969 = VECTOR('',#2970,1.);
#2970 = DIRECTION('',(-1.110223024625E-16,1.,0.));
#2971 = ORIENTED_EDGE('',*,*,#2972,.F.);
#2972 = EDGE_CURVE('',#2973,#2965,#2975,.T.);
#2973 = VERTEX_POINT('',#2974);
#2974 = CARTESIAN_POINT('',(-2.2,-1.105,0.525));
#2975 = LINE('',#2976,#2977);
#2976 = CARTESIAN_POINT('',(-2.2,-4.65,0.525));
#2977 = VECTOR('',#2978,1.);
#2978 = DIRECTION('',(-1.110223024625E-16,1.,0.));
#2979 = ORIENTED_EDGE('',*,*,#2980,.F.);
#2980 = EDGE_CURVE('',#2981,#2973,#2983,.T.);
#2981 = VERTEX_POINT('',#2982);
#2982 = CARTESIAN_POINT('',(-2.2,-1.495,0.525));
#2983 = LINE('',#2984,#2985);
#2984 = CARTESIAN_POINT('',(-2.2,-4.65,0.525));
#2985 = VECTOR('',#2986,1.);
#2986 = DIRECTION('',(-1.110223024625E-16,1.,0.));
#2987 = ORIENTED_EDGE('',*,*,#2988,.F.);
#2988 = EDGE_CURVE('',#2989,#2981,#2991,.T.);
#2989 = VERTEX_POINT('',#2990);
#2990 = CARTESIAN_POINT('',(-2.2,-1.755,0.525));
#2991 = LINE('',#2992,#2993);
#2992 = CARTESIAN_POINT('',(-2.2,-4.65,0.525));
#2993 = VECTOR('',#2994,1.);
#2994 = DIRECTION('',(-1.110223024625E-16,1.,0.));
#2995 = ORIENTED_EDGE('',*,*,#2996,.F.);
#2996 = EDGE_CURVE('',#2997,#2989,#2999,.T.);
#2997 = VERTEX_POINT('',#2998);
#2998 = CARTESIAN_POINT('',(-2.2,-2.145,0.525));
#2999 = LINE('',#3000,#3001);
#3000 = CARTESIAN_POINT('',(-2.2,-4.65,0.525));
#3001 = VECTOR('',#3002,1.);
#3002 = DIRECTION('',(-1.110223024625E-16,1.,0.));
#3003 = ORIENTED_EDGE('',*,*,#3004,.F.);
#3004 = EDGE_CURVE('',#3005,#2997,#3007,.T.);
#3005 = VERTEX_POINT('',#3006);
#3006 = CARTESIAN_POINT('',(-2.2,-2.405,0.525));
#3007 = LINE('',#3008,#3009);
#3008 = CARTESIAN_POINT('',(-2.2,-4.65,0.525));
#3009 = VECTOR('',#3010,1.);
#3010 = DIRECTION('',(-1.110223024625E-16,1.,0.));
#3011 = ORIENTED_EDGE('',*,*,#3012,.F.);
#3012 = EDGE_CURVE('',#3013,#3005,#3015,.T.);
#3013 = VERTEX_POINT('',#3014);
#3014 = CARTESIAN_POINT('',(-2.2,-2.795,0.525));
#3015 = LINE('',#3016,#3017);
#3016 = CARTESIAN_POINT('',(-2.2,-4.65,0.525));
#3017 = VECTOR('',#3018,1.);
#3018 = DIRECTION('',(-1.110223024625E-16,1.,0.));
#3019 = ORIENTED_EDGE('',*,*,#3020,.F.);
#3020 = EDGE_CURVE('',#3021,#3013,#3023,.T.);
#3021 = VERTEX_POINT('',#3022);
#3022 = CARTESIAN_POINT('',(-2.2,-3.055,0.525));
#3023 = LINE('',#3024,#3025);
#3024 = CARTESIAN_POINT('',(-2.2,-4.65,0.525));
#3025 = VECTOR('',#3026,1.);
#3026 = DIRECTION('',(-1.110223024625E-16,1.,0.));
#3027 = ORIENTED_EDGE('',*,*,#3028,.F.);
#3028 = EDGE_CURVE('',#3029,#3021,#3031,.T.);
#3029 = VERTEX_POINT('',#3030);
#3030 = CARTESIAN_POINT('',(-2.2,-3.445,0.525));
#3031 = LINE('',#3032,#3033);
#3032 = CARTESIAN_POINT('',(-2.2,-4.65,0.525));
#3033 = VECTOR('',#3034,1.);
#3034 = DIRECTION('',(-1.110223024625E-16,1.,0.));
#3035 = ORIENTED_EDGE('',*,*,#3036,.F.);
#3036 = EDGE_CURVE('',#3037,#3029,#3039,.T.);
#3037 = VERTEX_POINT('',#3038);
#3038 = CARTESIAN_POINT('',(-2.2,-3.705,0.525));
#3039 = LINE('',#3040,#3041);
#3040 = CARTESIAN_POINT('',(-2.2,-4.65,0.525));
#3041 = VECTOR('',#3042,1.);
#3042 = DIRECTION('',(-1.110223024625E-16,1.,0.));
#3043 = ORIENTED_EDGE('',*,*,#3044,.F.);
#3044 = EDGE_CURVE('',#3045,#3037,#3047,.T.);
#3045 = VERTEX_POINT('',#3046);
#3046 = CARTESIAN_POINT('',(-2.2,-4.095,0.525));
#3047 = LINE('',#3048,#3049);
#3048 = CARTESIAN_POINT('',(-2.2,-4.65,0.525));
#3049 = VECTOR('',#3050,1.);
#3050 = DIRECTION('',(-1.110223024625E-16,1.,0.));
#3051 = ORIENTED_EDGE('',*,*,#3052,.F.);
#3052 = EDGE_CURVE('',#3053,#3045,#3055,.T.);
#3053 = VERTEX_POINT('',#3054);
#3054 = CARTESIAN_POINT('',(-2.2,-4.355,0.525));
#3055 = LINE('',#3056,#3057);
#3056 = CARTESIAN_POINT('',(-2.2,-4.65,0.525));
#3057 = VECTOR('',#3058,1.);
#3058 = DIRECTION('',(-1.110223024625E-16,1.,0.));
#3059 = ORIENTED_EDGE('',*,*,#3060,.F.);
#3060 = EDGE_CURVE('',#3061,#3053,#3063,.T.);
#3061 = VERTEX_POINT('',#3062);
#3062 = CARTESIAN_POINT('',(-2.2,-4.65,0.525));
#3063 = LINE('',#3064,#3065);
#3064 = CARTESIAN_POINT('',(-2.2,-4.65,0.525));
#3065 = VECTOR('',#3066,1.);
#3066 = DIRECTION('',(-1.110223024625E-16,1.,0.));
#3067 = ORIENTED_EDGE('',*,*,#3068,.F.);
#3068 = EDGE_CURVE('',#2730,#3061,#3069,.T.);
#3069 = B_SPLINE_CURVE_WITH_KNOTS('',1,(#3070,#3071),.UNSPECIFIED.,.F.,
  .F.,(2,2),(0.,1.),.PIECEWISE_BEZIER_KNOTS.);
#3070 = CARTESIAN_POINT('',(-2.10966346129,-4.604831730645,0.1));
#3071 = CARTESIAN_POINT('',(-2.2,-4.65,0.525));
#3072 = B_SPLINE_SURFACE_WITH_KNOTS('',1,1,(
    (#3073,#3074)
    ,(#3075,#3076
    )),.UNSPECIFIED.,.F.,.F.,.F.,(2,2),(2,2),(0.,9.3),(0.,1.),
  .PIECEWISE_BEZIER_KNOTS.);
#3073 = CARTESIAN_POINT('',(-2.10966346129,-4.604831730645,0.1));
#3074 = CARTESIAN_POINT('',(-2.2,-4.65,0.525));
#3075 = CARTESIAN_POINT('',(-2.10966346129,4.604831730645,0.1));
#3076 = CARTESIAN_POINT('',(-2.2,4.65,0.525));
#3077 = ADVANCED_FACE('',(#3078),#3319,.F.);
#3078 = FACE_BOUND('',#3079,.F.);
#3079 = EDGE_LOOP('',(#3080,#3081,#3088,#3096,#3104,#3112,#3120,#3128,
    #3136,#3144,#3152,#3160,#3168,#3176,#3184,#3192,#3200,#3208,#3216,
    #3224,#3232,#3240,#3248,#3256,#3264,#3272,#3280,#3288,#3296,#3304,
    #3312,#3318));
#3080 = ORIENTED_EDGE('',*,*,#2705,.T.);
#3081 = ORIENTED_EDGE('',*,*,#3082,.T.);
#3082 = EDGE_CURVE('',#2706,#3083,#3085,.T.);
#3083 = VERTEX_POINT('',#3084);
#3084 = CARTESIAN_POINT('',(2.2,-4.65,0.525));
#3085 = B_SPLINE_CURVE_WITH_KNOTS('',1,(#3086,#3087),.UNSPECIFIED.,.F.,
  .F.,(2,2),(0.,1.),.PIECEWISE_BEZIER_KNOTS.);
#3086 = CARTESIAN_POINT('',(2.10966346129,-4.604831730645,0.1));
#3087 = CARTESIAN_POINT('',(2.2,-4.65,0.525));
#3088 = ORIENTED_EDGE('',*,*,#3089,.F.);
#3089 = EDGE_CURVE('',#3090,#3083,#3092,.T.);
#3090 = VERTEX_POINT('',#3091);
#3091 = CARTESIAN_POINT('',(2.2,-4.355,0.525));
#3092 = LINE('',#3093,#3094);
#3093 = CARTESIAN_POINT('',(2.2,4.65,0.525));
#3094 = VECTOR('',#3095,1.);
#3095 = DIRECTION('',(1.110223024625E-16,-1.,0.));
#3096 = ORIENTED_EDGE('',*,*,#3097,.F.);
#3097 = EDGE_CURVE('',#3098,#3090,#3100,.T.);
#3098 = VERTEX_POINT('',#3099);
#3099 = CARTESIAN_POINT('',(2.2,-4.095,0.525));
#3100 = LINE('',#3101,#3102);
#3101 = CARTESIAN_POINT('',(2.2,4.65,0.525));
#3102 = VECTOR('',#3103,1.);
#3103 = DIRECTION('',(1.110223024625E-16,-1.,0.));
#3104 = ORIENTED_EDGE('',*,*,#3105,.F.);
#3105 = EDGE_CURVE('',#3106,#3098,#3108,.T.);
#3106 = VERTEX_POINT('',#3107);
#3107 = CARTESIAN_POINT('',(2.2,-3.705,0.525));
#3108 = LINE('',#3109,#3110);
#3109 = CARTESIAN_POINT('',(2.2,4.65,0.525));
#3110 = VECTOR('',#3111,1.);
#3111 = DIRECTION('',(1.110223024625E-16,-1.,0.));
#3112 = ORIENTED_EDGE('',*,*,#3113,.F.);
#3113 = EDGE_CURVE('',#3114,#3106,#3116,.T.);
#3114 = VERTEX_POINT('',#3115);
#3115 = CARTESIAN_POINT('',(2.2,-3.445,0.525));
#3116 = LINE('',#3117,#3118);
#3117 = CARTESIAN_POINT('',(2.2,4.65,0.525));
#3118 = VECTOR('',#3119,1.);
#3119 = DIRECTION('',(1.110223024625E-16,-1.,0.));
#3120 = ORIENTED_EDGE('',*,*,#3121,.F.);
#3121 = EDGE_CURVE('',#3122,#3114,#3124,.T.);
#3122 = VERTEX_POINT('',#3123);
#3123 = CARTESIAN_POINT('',(2.2,-3.055,0.525));
#3124 = LINE('',#3125,#3126);
#3125 = CARTESIAN_POINT('',(2.2,4.65,0.525));
#3126 = VECTOR('',#3127,1.);
#3127 = DIRECTION('',(1.110223024625E-16,-1.,0.));
#3128 = ORIENTED_EDGE('',*,*,#3129,.F.);
#3129 = EDGE_CURVE('',#3130,#3122,#3132,.T.);
#3130 = VERTEX_POINT('',#3131);
#3131 = CARTESIAN_POINT('',(2.2,-2.795,0.525));
#3132 = LINE('',#3133,#3134);
#3133 = CARTESIAN_POINT('',(2.2,4.65,0.525));
#3134 = VECTOR('',#3135,1.);
#3135 = DIRECTION('',(1.110223024625E-16,-1.,0.));
#3136 = ORIENTED_EDGE('',*,*,#3137,.F.);
#3137 = EDGE_CURVE('',#3138,#3130,#3140,.T.);
#3138 = VERTEX_POINT('',#3139);
#3139 = CARTESIAN_POINT('',(2.2,-2.405,0.525));
#3140 = LINE('',#3141,#3142);
#3141 = CARTESIAN_POINT('',(2.2,4.65,0.525));
#3142 = VECTOR('',#3143,1.);
#3143 = DIRECTION('',(1.110223024625E-16,-1.,0.));
#3144 = ORIENTED_EDGE('',*,*,#3145,.F.);
#3145 = EDGE_CURVE('',#3146,#3138,#3148,.T.);
#3146 = VERTEX_POINT('',#3147);
#3147 = CARTESIAN_POINT('',(2.2,-2.145,0.525));
#3148 = LINE('',#3149,#3150);
#3149 = CARTESIAN_POINT('',(2.2,4.65,0.525));
#3150 = VECTOR('',#3151,1.);
#3151 = DIRECTION('',(1.110223024625E-16,-1.,0.));
#3152 = ORIENTED_EDGE('',*,*,#3153,.F.);
#3153 = EDGE_CURVE('',#3154,#3146,#3156,.T.);
#3154 = VERTEX_POINT('',#3155);
#3155 = CARTESIAN_POINT('',(2.2,-1.755,0.525));
#3156 = LINE('',#3157,#3158);
#3157 = CARTESIAN_POINT('',(2.2,4.65,0.525));
#3158 = VECTOR('',#3159,1.);
#3159 = DIRECTION('',(1.110223024625E-16,-1.,0.));
#3160 = ORIENTED_EDGE('',*,*,#3161,.F.);
#3161 = EDGE_CURVE('',#3162,#3154,#3164,.T.);
#3162 = VERTEX_POINT('',#3163);
#3163 = CARTESIAN_POINT('',(2.2,-1.495,0.525));
#3164 = LINE('',#3165,#3166);
#3165 = CARTESIAN_POINT('',(2.2,4.65,0.525));
#3166 = VECTOR('',#3167,1.);
#3167 = DIRECTION('',(1.110223024625E-16,-1.,0.));
#3168 = ORIENTED_EDGE('',*,*,#3169,.F.);
#3169 = EDGE_CURVE('',#3170,#3162,#3172,.T.);
#3170 = VERTEX_POINT('',#3171);
#3171 = CARTESIAN_POINT('',(2.2,-1.105,0.525));
#3172 = LINE('',#3173,#3174);
#3173 = CARTESIAN_POINT('',(2.2,4.65,0.525));
#3174 = VECTOR('',#3175,1.);
#3175 = DIRECTION('',(1.110223024625E-16,-1.,0.));
#3176 = ORIENTED_EDGE('',*,*,#3177,.F.);
#3177 = EDGE_CURVE('',#3178,#3170,#3180,.T.);
#3178 = VERTEX_POINT('',#3179);
#3179 = CARTESIAN_POINT('',(2.2,-0.845,0.525));
#3180 = LINE('',#3181,#3182);
#3181 = CARTESIAN_POINT('',(2.2,4.65,0.525));
#3182 = VECTOR('',#3183,1.);
#3183 = DIRECTION('',(1.110223024625E-16,-1.,0.));
#3184 = ORIENTED_EDGE('',*,*,#3185,.F.);
#3185 = EDGE_CURVE('',#3186,#3178,#3188,.T.);
#3186 = VERTEX_POINT('',#3187);
#3187 = CARTESIAN_POINT('',(2.2,-0.455,0.525));
#3188 = LINE('',#3189,#3190);
#3189 = CARTESIAN_POINT('',(2.2,4.65,0.525));
#3190 = VECTOR('',#3191,1.);
#3191 = DIRECTION('',(1.110223024625E-16,-1.,0.));
#3192 = ORIENTED_EDGE('',*,*,#3193,.F.);
#3193 = EDGE_CURVE('',#3194,#3186,#3196,.T.);
#3194 = VERTEX_POINT('',#3195);
#3195 = CARTESIAN_POINT('',(2.2,-0.195,0.525));
#3196 = LINE('',#3197,#3198);
#3197 = CARTESIAN_POINT('',(2.2,4.65,0.525));
#3198 = VECTOR('',#3199,1.);
#3199 = DIRECTION('',(1.110223024625E-16,-1.,0.));
#3200 = ORIENTED_EDGE('',*,*,#3201,.F.);
#3201 = EDGE_CURVE('',#3202,#3194,#3204,.T.);
#3202 = VERTEX_POINT('',#3203);
#3203 = CARTESIAN_POINT('',(2.2,0.195,0.525));
#3204 = LINE('',#3205,#3206);
#3205 = CARTESIAN_POINT('',(2.2,4.65,0.525));
#3206 = VECTOR('',#3207,1.);
#3207 = DIRECTION('',(1.110223024625E-16,-1.,0.));
#3208 = ORIENTED_EDGE('',*,*,#3209,.F.);
#3209 = EDGE_CURVE('',#3210,#3202,#3212,.T.);
#3210 = VERTEX_POINT('',#3211);
#3211 = CARTESIAN_POINT('',(2.2,0.455,0.525));
#3212 = LINE('',#3213,#3214);
#3213 = CARTESIAN_POINT('',(2.2,4.65,0.525));
#3214 = VECTOR('',#3215,1.);
#3215 = DIRECTION('',(1.110223024625E-16,-1.,0.));
#3216 = ORIENTED_EDGE('',*,*,#3217,.F.);
#3217 = EDGE_CURVE('',#3218,#3210,#3220,.T.);
#3218 = VERTEX_POINT('',#3219);
#3219 = CARTESIAN_POINT('',(2.2,0.845,0.525));
#3220 = LINE('',#3221,#3222);
#3221 = CARTESIAN_POINT('',(2.2,4.65,0.525));
#3222 = VECTOR('',#3223,1.);
#3223 = DIRECTION('',(1.110223024625E-16,-1.,0.));
#3224 = ORIENTED_EDGE('',*,*,#3225,.F.);
#3225 = EDGE_CURVE('',#3226,#3218,#3228,.T.);
#3226 = VERTEX_POINT('',#3227);
#3227 = CARTESIAN_POINT('',(2.2,1.105,0.525));
#3228 = LINE('',#3229,#3230);
#3229 = CARTESIAN_POINT('',(2.2,4.65,0.525));
#3230 = VECTOR('',#3231,1.);
#3231 = DIRECTION('',(1.110223024625E-16,-1.,0.));
#3232 = ORIENTED_EDGE('',*,*,#3233,.F.);
#3233 = EDGE_CURVE('',#3234,#3226,#3236,.T.);
#3234 = VERTEX_POINT('',#3235);
#3235 = CARTESIAN_POINT('',(2.2,1.495,0.525));
#3236 = LINE('',#3237,#3238);
#3237 = CARTESIAN_POINT('',(2.2,4.65,0.525));
#3238 = VECTOR('',#3239,1.);
#3239 = DIRECTION('',(1.110223024625E-16,-1.,0.));
#3240 = ORIENTED_EDGE('',*,*,#3241,.F.);
#3241 = EDGE_CURVE('',#3242,#3234,#3244,.T.);
#3242 = VERTEX_POINT('',#3243);
#3243 = CARTESIAN_POINT('',(2.2,1.755,0.525));
#3244 = LINE('',#3245,#3246);
#3245 = CARTESIAN_POINT('',(2.2,4.65,0.525));
#3246 = VECTOR('',#3247,1.);
#3247 = DIRECTION('',(1.110223024625E-16,-1.,0.));
#3248 = ORIENTED_EDGE('',*,*,#3249,.F.);
#3249 = EDGE_CURVE('',#3250,#3242,#3252,.T.);
#3250 = VERTEX_POINT('',#3251);
#3251 = CARTESIAN_POINT('',(2.2,2.145,0.525));
#3252 = LINE('',#3253,#3254);
#3253 = CARTESIAN_POINT('',(2.2,4.65,0.525));
#3254 = VECTOR('',#3255,1.);
#3255 = DIRECTION('',(1.110223024625E-16,-1.,0.));
#3256 = ORIENTED_EDGE('',*,*,#3257,.F.);
#3257 = EDGE_CURVE('',#3258,#3250,#3260,.T.);
#3258 = VERTEX_POINT('',#3259);
#3259 = CARTESIAN_POINT('',(2.2,2.405,0.525));
#3260 = LINE('',#3261,#3262);
#3261 = CARTESIAN_POINT('',(2.2,4.65,0.525));
#3262 = VECTOR('',#3263,1.);
#3263 = DIRECTION('',(1.110223024625E-16,-1.,0.));
#3264 = ORIENTED_EDGE('',*,*,#3265,.F.);
#3265 = EDGE_CURVE('',#3266,#3258,#3268,.T.);
#3266 = VERTEX_POINT('',#3267);
#3267 = CARTESIAN_POINT('',(2.2,2.795,0.525));
#3268 = LINE('',#3269,#3270);
#3269 = CARTESIAN_POINT('',(2.2,4.65,0.525));
#3270 = VECTOR('',#3271,1.);
#3271 = DIRECTION('',(1.110223024625E-16,-1.,0.));
#3272 = ORIENTED_EDGE('',*,*,#3273,.F.);
#3273 = EDGE_CURVE('',#3274,#3266,#3276,.T.);
#3274 = VERTEX_POINT('',#3275);
#3275 = CARTESIAN_POINT('',(2.2,3.055,0.525));
#3276 = LINE('',#3277,#3278);
#3277 = CARTESIAN_POINT('',(2.2,4.65,0.525));
#3278 = VECTOR('',#3279,1.);
#3279 = DIRECTION('',(1.110223024625E-16,-1.,0.));
#3280 = ORIENTED_EDGE('',*,*,#3281,.F.);
#3281 = EDGE_CURVE('',#3282,#3274,#3284,.T.);
#3282 = VERTEX_POINT('',#3283);
#3283 = CARTESIAN_POINT('',(2.2,3.445,0.525));
#3284 = LINE('',#3285,#3286);
#3285 = CARTESIAN_POINT('',(2.2,4.65,0.525));
#3286 = VECTOR('',#3287,1.);
#3287 = DIRECTION('',(1.110223024625E-16,-1.,0.));
#3288 = ORIENTED_EDGE('',*,*,#3289,.F.);
#3289 = EDGE_CURVE('',#3290,#3282,#3292,.T.);
#3290 = VERTEX_POINT('',#3291);
#3291 = CARTESIAN_POINT('',(2.2,3.705,0.525));
#3292 = LINE('',#3293,#3294);
#3293 = CARTESIAN_POINT('',(2.2,4.65,0.525));
#3294 = VECTOR('',#3295,1.);
#3295 = DIRECTION('',(1.110223024625E-16,-1.,0.));
#3296 = ORIENTED_EDGE('',*,*,#3297,.F.);
#3297 = EDGE_CURVE('',#3298,#3290,#3300,.T.);
#3298 = VERTEX_POINT('',#3299);
#3299 = CARTESIAN_POINT('',(2.2,4.095,0.525));
#3300 = LINE('',#3301,#3302);
#3301 = CARTESIAN_POINT('',(2.2,4.65,0.525));
#3302 = VECTOR('',#3303,1.);
#3303 = DIRECTION('',(1.110223024625E-16,-1.,0.));
#3304 = ORIENTED_EDGE('',*,*,#3305,.F.);
#3305 = EDGE_CURVE('',#3306,#3298,#3308,.T.);
#3306 = VERTEX_POINT('',#3307);
#3307 = CARTESIAN_POINT('',(2.2,4.355,0.525));
#3308 = LINE('',#3309,#3310);
#3309 = CARTESIAN_POINT('',(2.2,4.65,0.525));
#3310 = VECTOR('',#3311,1.);
#3311 = DIRECTION('',(1.110223024625E-16,-1.,0.));
#3312 = ORIENTED_EDGE('',*,*,#3313,.F.);
#3313 = EDGE_CURVE('',#2761,#3306,#3314,.T.);
#3314 = LINE('',#3315,#3316);
#3315 = CARTESIAN_POINT('',(2.2,4.65,0.525));
#3316 = VECTOR('',#3317,1.);
#3317 = DIRECTION('',(1.110223024625E-16,-1.,0.));
#3318 = ORIENTED_EDGE('',*,*,#2760,.F.);
#3319 = B_SPLINE_SURFACE_WITH_KNOTS('',1,1,(
    (#3320,#3321)
    ,(#3322,#3323
    )),.UNSPECIFIED.,.F.,.F.,.F.,(2,2),(2,2),(0.,9.3),(0.,1.),
  .PIECEWISE_BEZIER_KNOTS.);
#3320 = CARTESIAN_POINT('',(2.10966346129,4.604831730645,0.1));
#3321 = CARTESIAN_POINT('',(2.2,4.65,0.525));
#3322 = CARTESIAN_POINT('',(2.10966346129,-4.604831730645,0.1));
#3323 = CARTESIAN_POINT('',(2.2,-4.65,0.525));
#3324 = ADVANCED_FACE('',(#3325),#3342,.F.);
#3325 = FACE_BOUND('',#3326,.F.);
#3326 = EDGE_LOOP('',(#3327,#3328,#3329,#3337));
#3327 = ORIENTED_EDGE('',*,*,#2729,.T.);
#3328 = ORIENTED_EDGE('',*,*,#3068,.T.);
#3329 = ORIENTED_EDGE('',*,*,#3330,.F.);
#3330 = EDGE_CURVE('',#3331,#3061,#3333,.T.);
#3331 = VERTEX_POINT('',#3332);
#3332 = CARTESIAN_POINT('',(-2.,-4.85,0.525));
#3333 = LINE('',#3334,#3335);
#3334 = CARTESIAN_POINT('',(-2.,-4.85,0.525));
#3335 = VECTOR('',#3336,1.);
#3336 = DIRECTION('',(-0.707106781187,0.707106781187,0.));
#3337 = ORIENTED_EDGE('',*,*,#3338,.F.);
#3338 = EDGE_CURVE('',#2722,#3331,#3339,.T.);
#3339 = B_SPLINE_CURVE_WITH_KNOTS('',1,(#3340,#3341),.UNSPECIFIED.,.F.,
  .F.,(2,2),(0.,1.),.PIECEWISE_BEZIER_KNOTS.);
#3340 = CARTESIAN_POINT('',(-1.954831730645,-4.75966346129,0.1));
#3341 = CARTESIAN_POINT('',(-2.,-4.85,0.525));
#3342 = B_SPLINE_SURFACE_WITH_KNOTS('',1,1,(
    (#3343,#3344)
    ,(#3345,#3346
    )),.UNSPECIFIED.,.F.,.F.,.F.,(2,2),(2,2),(0.,0.282842712475),(0.,1.)
  ,.PIECEWISE_BEZIER_KNOTS.);
#3343 = CARTESIAN_POINT('',(-1.954831730645,-4.75966346129,0.1));
#3344 = CARTESIAN_POINT('',(-2.,-4.85,0.525));
#3345 = CARTESIAN_POINT('',(-2.10966346129,-4.604831730645,0.1));
#3346 = CARTESIAN_POINT('',(-2.2,-4.65,0.525));
#3347 = ADVANCED_FACE('',(#3348),#3365,.F.);
#3348 = FACE_BOUND('',#3349,.F.);
#3349 = EDGE_LOOP('',(#3350,#3351,#3358,#3364));
#3350 = ORIENTED_EDGE('',*,*,#2713,.T.);
#3351 = ORIENTED_EDGE('',*,*,#3352,.T.);
#3352 = EDGE_CURVE('',#2714,#3353,#3355,.T.);
#3353 = VERTEX_POINT('',#3354);
#3354 = CARTESIAN_POINT('',(2.,-4.85,0.525));
#3355 = B_SPLINE_CURVE_WITH_KNOTS('',1,(#3356,#3357),.UNSPECIFIED.,.F.,
  .F.,(2,2),(0.,1.),.PIECEWISE_BEZIER_KNOTS.);
#3356 = CARTESIAN_POINT('',(1.954831730645,-4.75966346129,0.1));
#3357 = CARTESIAN_POINT('',(2.,-4.85,0.525));
#3358 = ORIENTED_EDGE('',*,*,#3359,.F.);
#3359 = EDGE_CURVE('',#3083,#3353,#3360,.T.);
#3360 = LINE('',#3361,#3362);
#3361 = CARTESIAN_POINT('',(2.2,-4.65,0.525));
#3362 = VECTOR('',#3363,1.);
#3363 = DIRECTION('',(-0.707106781187,-0.707106781187,0.));
#3364 = ORIENTED_EDGE('',*,*,#3082,.F.);
#3365 = B_SPLINE_SURFACE_WITH_KNOTS('',1,1,(
    (#3366,#3367)
    ,(#3368,#3369
    )),.UNSPECIFIED.,.F.,.F.,.F.,(2,2),(2,2),(0.,0.282842712475),(0.,1.)
  ,.PIECEWISE_BEZIER_KNOTS.);
#3366 = CARTESIAN_POINT('',(2.10966346129,-4.604831730645,0.1));
#3367 = CARTESIAN_POINT('',(2.2,-4.65,0.525));
#3368 = CARTESIAN_POINT('',(1.954831730645,-4.75966346129,0.1));
#3369 = CARTESIAN_POINT('',(2.,-4.85,0.525));
#3370 = ADVANCED_FACE('',(#3371),#3382,.F.);
#3371 = FACE_BOUND('',#3372,.F.);
#3372 = EDGE_LOOP('',(#3373,#3374,#3375,#3381));
#3373 = ORIENTED_EDGE('',*,*,#2721,.T.);
#3374 = ORIENTED_EDGE('',*,*,#3338,.T.);
#3375 = ORIENTED_EDGE('',*,*,#3376,.F.);
#3376 = EDGE_CURVE('',#3353,#3331,#3377,.T.);
#3377 = LINE('',#3378,#3379);
#3378 = CARTESIAN_POINT('',(2.,-4.85,0.525));
#3379 = VECTOR('',#3380,1.);
#3380 = DIRECTION('',(-1.,-1.110223024625E-16,0.));
#3381 = ORIENTED_EDGE('',*,*,#3352,.F.);
#3382 = B_SPLINE_SURFACE_WITH_KNOTS('',1,1,(
    (#3383,#3384)
    ,(#3385,#3386
    )),.UNSPECIFIED.,.F.,.F.,.F.,(2,2),(2,2),(0.,4.),(0.,1.),
  .PIECEWISE_BEZIER_KNOTS.);
#3383 = CARTESIAN_POINT('',(1.954831730645,-4.75966346129,0.1));
#3384 = CARTESIAN_POINT('',(2.,-4.85,0.525));
#3385 = CARTESIAN_POINT('',(-1.954831730645,-4.75966346129,0.1));
#3386 = CARTESIAN_POINT('',(-2.,-4.85,0.525));
#3387 = ADVANCED_FACE('',(#3388),#3405,.F.);
#3388 = FACE_BOUND('',#3389,.F.);
#3389 = EDGE_LOOP('',(#3390,#3391,#3398,#3404));
#3390 = ORIENTED_EDGE('',*,*,#2767,.T.);
#3391 = ORIENTED_EDGE('',*,*,#3392,.T.);
#3392 = EDGE_CURVE('',#2761,#3393,#3395,.T.);
#3393 = VERTEX_POINT('',#3394);
#3394 = CARTESIAN_POINT('',(2.2,4.65,0.675));
#3395 = B_SPLINE_CURVE_WITH_KNOTS('',1,(#3396,#3397),.UNSPECIFIED.,.F.,
  .F.,(2,2),(0.,1.),.PIECEWISE_BEZIER_KNOTS.);
#3396 = CARTESIAN_POINT('',(2.2,4.65,0.525));
#3397 = CARTESIAN_POINT('',(2.2,4.65,0.675));
#3398 = ORIENTED_EDGE('',*,*,#3399,.F.);
#3399 = EDGE_CURVE('',#2784,#3393,#3400,.T.);
#3400 = LINE('',#3401,#3402);
#3401 = CARTESIAN_POINT('',(2.,4.85,0.675));
#3402 = VECTOR('',#3403,1.);
#3403 = DIRECTION('',(0.707106781187,-0.707106781187,0.));
#3404 = ORIENTED_EDGE('',*,*,#2783,.F.);
#3405 = PLANE('',#3406);
#3406 = AXIS2_PLACEMENT_3D('',#3407,#3408,#3409);
#3407 = CARTESIAN_POINT('',(2.,4.85,0.675));
#3408 = DIRECTION('',(-0.707106781187,-0.707106781187,0.));
#3409 = DIRECTION('',(0.707106781187,-0.707106781187,0.));
#3410 = ADVANCED_FACE('',(#3411),#3493,.F.);
#3411 = FACE_BOUND('',#3412,.F.);
#3412 = EDGE_LOOP('',(#3413,#3421,#3422,#3423,#3431,#3439,#3447,#3455,
    #3463,#3471,#3479,#3487));
#3413 = ORIENTED_EDGE('',*,*,#3414,.T.);
#3414 = EDGE_CURVE('',#3415,#2791,#3417,.T.);
#3415 = VERTEX_POINT('',#3416);
#3416 = CARTESIAN_POINT('',(-2.2,4.65,0.675));
#3417 = LINE('',#3418,#3419);
#3418 = CARTESIAN_POINT('',(-2.2,4.65,0.675));
#3419 = VECTOR('',#3420,1.);
#3420 = DIRECTION('',(0.707106781187,0.707106781187,0.));
#3421 = ORIENTED_EDGE('',*,*,#2790,.T.);
#3422 = ORIENTED_EDGE('',*,*,#3399,.T.);
#3423 = ORIENTED_EDGE('',*,*,#3424,.T.);
#3424 = EDGE_CURVE('',#3393,#3425,#3427,.T.);
#3425 = VERTEX_POINT('',#3426);
#3426 = CARTESIAN_POINT('',(2.2,4.355,0.675));
#3427 = LINE('',#3428,#3429);
#3428 = CARTESIAN_POINT('',(2.2,4.65,0.675));
#3429 = VECTOR('',#3430,1.);
#3430 = DIRECTION('',(1.110223024625E-16,-1.,0.));
#3431 = ORIENTED_EDGE('',*,*,#3432,.T.);
#3432 = EDGE_CURVE('',#3425,#3433,#3435,.T.);
#3433 = VERTEX_POINT('',#3434);
#3434 = CARTESIAN_POINT('',(2.15,4.355,0.675));
#3435 = LINE('',#3436,#3437);
#3436 = CARTESIAN_POINT('',(2.4,4.355,0.675));
#3437 = VECTOR('',#3438,1.);
#3438 = DIRECTION('',(-1.,-1.110223024625E-16,0.));
#3439 = ORIENTED_EDGE('',*,*,#3440,.F.);
#3440 = EDGE_CURVE('',#3441,#3433,#3443,.T.);
#3441 = VERTEX_POINT('',#3442);
#3442 = CARTESIAN_POINT('',(2.15,4.625,0.675));
#3443 = LINE('',#3444,#3445);
#3444 = CARTESIAN_POINT('',(2.15,4.625,0.675));
#3445 = VECTOR('',#3446,1.);
#3446 = DIRECTION('',(1.110223024625E-16,-1.,0.));
#3447 = ORIENTED_EDGE('',*,*,#3448,.F.);
#3448 = EDGE_CURVE('',#3449,#3441,#3451,.T.);
#3449 = VERTEX_POINT('',#3450);
#3450 = CARTESIAN_POINT('',(1.975,4.8,0.675));
#3451 = LINE('',#3452,#3453);
#3452 = CARTESIAN_POINT('',(1.975,4.8,0.675));
#3453 = VECTOR('',#3454,1.);
#3454 = DIRECTION('',(0.707106781187,-0.707106781187,0.));
#3455 = ORIENTED_EDGE('',*,*,#3456,.F.);
#3456 = EDGE_CURVE('',#3457,#3449,#3459,.T.);
#3457 = VERTEX_POINT('',#3458);
#3458 = CARTESIAN_POINT('',(-1.975,4.8,0.675));
#3459 = LINE('',#3460,#3461);
#3460 = CARTESIAN_POINT('',(-1.975,4.8,0.675));
#3461 = VECTOR('',#3462,1.);
#3462 = DIRECTION('',(1.,1.110223024625E-16,0.));
#3463 = ORIENTED_EDGE('',*,*,#3464,.F.);
#3464 = EDGE_CURVE('',#3465,#3457,#3467,.T.);
#3465 = VERTEX_POINT('',#3466);
#3466 = CARTESIAN_POINT('',(-2.15,4.625,0.675));
#3467 = LINE('',#3468,#3469);
#3468 = CARTESIAN_POINT('',(-2.15,4.625,0.675));
#3469 = VECTOR('',#3470,1.);
#3470 = DIRECTION('',(0.707106781187,0.707106781187,0.));
#3471 = ORIENTED_EDGE('',*,*,#3472,.F.);
#3472 = EDGE_CURVE('',#3473,#3465,#3475,.T.);
#3473 = VERTEX_POINT('',#3474);
#3474 = CARTESIAN_POINT('',(-2.15,4.355,0.675));
#3475 = LINE('',#3476,#3477);
#3476 = CARTESIAN_POINT('',(-2.15,-4.625,0.675));
#3477 = VECTOR('',#3478,1.);
#3478 = DIRECTION('',(-1.110223024625E-16,1.,0.));
#3479 = ORIENTED_EDGE('',*,*,#3480,.F.);
#3480 = EDGE_CURVE('',#3481,#3473,#3483,.T.);
#3481 = VERTEX_POINT('',#3482);
#3482 = CARTESIAN_POINT('',(-2.2,4.355,0.675));
#3483 = LINE('',#3484,#3485);
#3484 = CARTESIAN_POINT('',(-2.4,4.355,0.675));
#3485 = VECTOR('',#3486,1.);
#3486 = DIRECTION('',(1.,-1.144237745222E-17,0.));
#3487 = ORIENTED_EDGE('',*,*,#3488,.T.);
#3488 = EDGE_CURVE('',#3481,#3415,#3489,.T.);
#3489 = LINE('',#3490,#3491);
#3490 = CARTESIAN_POINT('',(-2.2,-4.65,0.675));
#3491 = VECTOR('',#3492,1.);
#3492 = DIRECTION('',(-1.110223024625E-16,1.,0.));
#3493 = PLANE('',#3494);
#3494 = AXIS2_PLACEMENT_3D('',#3495,#3496,#3497);
#3495 = CARTESIAN_POINT('',(-2.640908612089E-16,4.825,0.675));
#3496 = DIRECTION('',(-8.458391581173E-32,3.012014365389E-27,-1.));
#3497 = DIRECTION('',(1.,1.108771071988E-16,-8.45839158114E-32));
#3498 = ADVANCED_FACE('',(#3499),#3509,.F.);
#3499 = FACE_BOUND('',#3500,.F.);
#3500 = EDGE_LOOP('',(#3501,#3502,#3503,#3504));
#3501 = ORIENTED_EDGE('',*,*,#2813,.T.);
#3502 = ORIENTED_EDGE('',*,*,#2798,.T.);
#3503 = ORIENTED_EDGE('',*,*,#3414,.F.);
#3504 = ORIENTED_EDGE('',*,*,#3505,.F.);
#3505 = EDGE_CURVE('',#2814,#3415,#3506,.T.);
#3506 = B_SPLINE_CURVE_WITH_KNOTS('',1,(#3507,#3508),.UNSPECIFIED.,.F.,
  .F.,(2,2),(0.,1.),.PIECEWISE_BEZIER_KNOTS.);
#3507 = CARTESIAN_POINT('',(-2.2,4.65,0.525));
#3508 = CARTESIAN_POINT('',(-2.2,4.65,0.675));
#3509 = PLANE('',#3510);
#3510 = AXIS2_PLACEMENT_3D('',#3511,#3512,#3513);
#3511 = CARTESIAN_POINT('',(-2.2,4.65,0.675));
#3512 = DIRECTION('',(0.707106781187,-0.707106781187,0.));
#3513 = DIRECTION('',(0.707106781187,0.707106781187,0.));
#3514 = ADVANCED_FACE('',(#3515),#3539,.F.);
#3515 = FACE_BOUND('',#3516,.F.);
#3516 = EDGE_LOOP('',(#3517,#3524,#3525,#3533));
#3517 = ORIENTED_EDGE('',*,*,#3518,.F.);
#3518 = EDGE_CURVE('',#3061,#3519,#3521,.T.);
#3519 = VERTEX_POINT('',#3520);
#3520 = CARTESIAN_POINT('',(-2.2,-4.65,0.675));
#3521 = B_SPLINE_CURVE_WITH_KNOTS('',1,(#3522,#3523),.UNSPECIFIED.,.F.,
  .F.,(2,2),(0.,1.),.PIECEWISE_BEZIER_KNOTS.);
#3522 = CARTESIAN_POINT('',(-2.2,-4.65,0.525));
#3523 = CARTESIAN_POINT('',(-2.2,-4.65,0.675));
#3524 = ORIENTED_EDGE('',*,*,#3060,.T.);
#3525 = ORIENTED_EDGE('',*,*,#3526,.T.);
#3526 = EDGE_CURVE('',#3053,#3527,#3529,.T.);
#3527 = VERTEX_POINT('',#3528);
#3528 = CARTESIAN_POINT('',(-2.2,-4.355,0.675));
#3529 = LINE('',#3530,#3531);
#3530 = CARTESIAN_POINT('',(-2.2,-4.355,0.496427282854));
#3531 = VECTOR('',#3532,1.);
#3532 = DIRECTION('',(0.,0.,1.));
#3533 = ORIENTED_EDGE('',*,*,#3534,.F.);
#3534 = EDGE_CURVE('',#3519,#3527,#3535,.T.);
#3535 = LINE('',#3536,#3537);
#3536 = CARTESIAN_POINT('',(-2.2,-4.65,0.675));
#3537 = VECTOR('',#3538,1.);
#3538 = DIRECTION('',(-1.110223024625E-16,1.,0.));
#3539 = PLANE('',#3540);
#3540 = AXIS2_PLACEMENT_3D('',#3541,#3542,#3543);
#3541 = CARTESIAN_POINT('',(-2.2,-4.65,0.675));
#3542 = DIRECTION('',(1.,1.110223024625E-16,0.));
#3543 = DIRECTION('',(-1.110223024625E-16,1.,0.));
#3544 = ADVANCED_FACE('',(#3545),#3570,.F.);
#3545 = FACE_BOUND('',#3546,.F.);
#3546 = EDGE_LOOP('',(#3547,#3555,#3556,#3564));
#3547 = ORIENTED_EDGE('',*,*,#3548,.F.);
#3548 = EDGE_CURVE('',#3053,#3549,#3551,.T.);
#3549 = VERTEX_POINT('',#3550);
#3550 = CARTESIAN_POINT('',(-2.4,-4.355,0.525));
#3551 = LINE('',#3552,#3553);
#3552 = CARTESIAN_POINT('',(-2.1,-4.355,0.525));
#3553 = VECTOR('',#3554,1.);
#3554 = DIRECTION('',(-1.,1.144237745222E-17,0.));
#3555 = ORIENTED_EDGE('',*,*,#3052,.T.);
#3556 = ORIENTED_EDGE('',*,*,#3557,.T.);
#3557 = EDGE_CURVE('',#3045,#3558,#3560,.T.);
#3558 = VERTEX_POINT('',#3559);
#3559 = CARTESIAN_POINT('',(-2.4,-4.095,0.525));
#3560 = LINE('',#3561,#3562);
#3561 = CARTESIAN_POINT('',(-2.1,-4.095,0.525));
#3562 = VECTOR('',#3563,1.);
#3563 = DIRECTION('',(-1.,1.144237745222E-17,0.));
#3564 = ORIENTED_EDGE('',*,*,#3565,.F.);
#3565 = EDGE_CURVE('',#3549,#3558,#3566,.T.);
#3566 = LINE('',#3567,#3568);
#3567 = CARTESIAN_POINT('',(-2.4,-4.355,0.525));
#3568 = VECTOR('',#3569,1.);
#3569 = DIRECTION('',(1.144237745222E-17,1.,0.));
#3570 = PLANE('',#3571);
#3571 = AXIS2_PLACEMENT_3D('',#3572,#3573,#3574);
#3572 = CARTESIAN_POINT('',(-2.1,-4.355,0.525));
#3573 = DIRECTION('',(0.,0.,1.));
#3574 = DIRECTION('',(-1.,1.144237745222E-17,0.));
#3575 = ADVANCED_FACE('',(#3576),#3601,.F.);
#3576 = FACE_BOUND('',#3577,.F.);
#3577 = EDGE_LOOP('',(#3578,#3586,#3587,#3595));
#3578 = ORIENTED_EDGE('',*,*,#3579,.F.);
#3579 = EDGE_CURVE('',#3045,#3580,#3582,.T.);
#3580 = VERTEX_POINT('',#3581);
#3581 = CARTESIAN_POINT('',(-2.2,-4.095,0.675));
#3582 = LINE('',#3583,#3584);
#3583 = CARTESIAN_POINT('',(-2.2,-4.095,0.496427282854));
#3584 = VECTOR('',#3585,1.);
#3585 = DIRECTION('',(0.,0.,1.));
#3586 = ORIENTED_EDGE('',*,*,#3044,.T.);
#3587 = ORIENTED_EDGE('',*,*,#3588,.T.);
#3588 = EDGE_CURVE('',#3037,#3589,#3591,.T.);
#3589 = VERTEX_POINT('',#3590);
#3590 = CARTESIAN_POINT('',(-2.2,-3.705,0.675));
#3591 = LINE('',#3592,#3593);
#3592 = CARTESIAN_POINT('',(-2.2,-3.705,0.496427282854));
#3593 = VECTOR('',#3594,1.);
#3594 = DIRECTION('',(0.,0.,1.));
#3595 = ORIENTED_EDGE('',*,*,#3596,.F.);
#3596 = EDGE_CURVE('',#3580,#3589,#3597,.T.);
#3597 = LINE('',#3598,#3599);
#3598 = CARTESIAN_POINT('',(-2.2,-4.65,0.675));
#3599 = VECTOR('',#3600,1.);
#3600 = DIRECTION('',(-1.110223024625E-16,1.,0.));
#3601 = PLANE('',#3602);
#3602 = AXIS2_PLACEMENT_3D('',#3603,#3604,#3605);
#3603 = CARTESIAN_POINT('',(-2.2,-4.65,0.675));
#3604 = DIRECTION('',(1.,1.110223024625E-16,0.));
#3605 = DIRECTION('',(-1.110223024625E-16,1.,0.));
#3606 = ADVANCED_FACE('',(#3607),#3632,.F.);
#3607 = FACE_BOUND('',#3608,.F.);
#3608 = EDGE_LOOP('',(#3609,#3617,#3618,#3626));
#3609 = ORIENTED_EDGE('',*,*,#3610,.F.);
#3610 = EDGE_CURVE('',#3037,#3611,#3613,.T.);
#3611 = VERTEX_POINT('',#3612);
#3612 = CARTESIAN_POINT('',(-2.4,-3.705,0.525));
#3613 = LINE('',#3614,#3615);
#3614 = CARTESIAN_POINT('',(-2.1,-3.705,0.525));
#3615 = VECTOR('',#3616,1.);
#3616 = DIRECTION('',(-1.,1.144237745222E-17,0.));
#3617 = ORIENTED_EDGE('',*,*,#3036,.T.);
#3618 = ORIENTED_EDGE('',*,*,#3619,.T.);
#3619 = EDGE_CURVE('',#3029,#3620,#3622,.T.);
#3620 = VERTEX_POINT('',#3621);
#3621 = CARTESIAN_POINT('',(-2.4,-3.445,0.525));
#3622 = LINE('',#3623,#3624);
#3623 = CARTESIAN_POINT('',(-2.1,-3.445,0.525));
#3624 = VECTOR('',#3625,1.);
#3625 = DIRECTION('',(-1.,1.144237745222E-17,0.));
#3626 = ORIENTED_EDGE('',*,*,#3627,.F.);
#3627 = EDGE_CURVE('',#3611,#3620,#3628,.T.);
#3628 = LINE('',#3629,#3630);
#3629 = CARTESIAN_POINT('',(-2.4,-3.705,0.525));
#3630 = VECTOR('',#3631,1.);
#3631 = DIRECTION('',(1.144237745222E-17,1.,0.));
#3632 = PLANE('',#3633);
#3633 = AXIS2_PLACEMENT_3D('',#3634,#3635,#3636);
#3634 = CARTESIAN_POINT('',(-2.1,-3.705,0.525));
#3635 = DIRECTION('',(0.,0.,1.));
#3636 = DIRECTION('',(-1.,1.144237745222E-17,0.));
#3637 = ADVANCED_FACE('',(#3638),#3663,.F.);
#3638 = FACE_BOUND('',#3639,.F.);
#3639 = EDGE_LOOP('',(#3640,#3648,#3649,#3657));
#3640 = ORIENTED_EDGE('',*,*,#3641,.F.);
#3641 = EDGE_CURVE('',#3029,#3642,#3644,.T.);
#3642 = VERTEX_POINT('',#3643);
#3643 = CARTESIAN_POINT('',(-2.2,-3.445,0.675));
#3644 = LINE('',#3645,#3646);
#3645 = CARTESIAN_POINT('',(-2.2,-3.445,0.496427282854));
#3646 = VECTOR('',#3647,1.);
#3647 = DIRECTION('',(0.,0.,1.));
#3648 = ORIENTED_EDGE('',*,*,#3028,.T.);
#3649 = ORIENTED_EDGE('',*,*,#3650,.T.);
#3650 = EDGE_CURVE('',#3021,#3651,#3653,.T.);
#3651 = VERTEX_POINT('',#3652);
#3652 = CARTESIAN_POINT('',(-2.2,-3.055,0.675));
#3653 = LINE('',#3654,#3655);
#3654 = CARTESIAN_POINT('',(-2.2,-3.055,0.496427282854));
#3655 = VECTOR('',#3656,1.);
#3656 = DIRECTION('',(0.,0.,1.));
#3657 = ORIENTED_EDGE('',*,*,#3658,.F.);
#3658 = EDGE_CURVE('',#3642,#3651,#3659,.T.);
#3659 = LINE('',#3660,#3661);
#3660 = CARTESIAN_POINT('',(-2.2,-4.65,0.675));
#3661 = VECTOR('',#3662,1.);
#3662 = DIRECTION('',(-1.110223024625E-16,1.,0.));
#3663 = PLANE('',#3664);
#3664 = AXIS2_PLACEMENT_3D('',#3665,#3666,#3667);
#3665 = CARTESIAN_POINT('',(-2.2,-4.65,0.675));
#3666 = DIRECTION('',(1.,1.110223024625E-16,0.));
#3667 = DIRECTION('',(-1.110223024625E-16,1.,0.));
#3668 = ADVANCED_FACE('',(#3669),#3694,.F.);
#3669 = FACE_BOUND('',#3670,.F.);
#3670 = EDGE_LOOP('',(#3671,#3679,#3680,#3688));
#3671 = ORIENTED_EDGE('',*,*,#3672,.F.);
#3672 = EDGE_CURVE('',#3021,#3673,#3675,.T.);
#3673 = VERTEX_POINT('',#3674);
#3674 = CARTESIAN_POINT('',(-2.4,-3.055,0.525));
#3675 = LINE('',#3676,#3677);
#3676 = CARTESIAN_POINT('',(-2.1,-3.055,0.525));
#3677 = VECTOR('',#3678,1.);
#3678 = DIRECTION('',(-1.,1.144237745222E-17,0.));
#3679 = ORIENTED_EDGE('',*,*,#3020,.T.);
#3680 = ORIENTED_EDGE('',*,*,#3681,.T.);
#3681 = EDGE_CURVE('',#3013,#3682,#3684,.T.);
#3682 = VERTEX_POINT('',#3683);
#3683 = CARTESIAN_POINT('',(-2.4,-2.795,0.525));
#3684 = LINE('',#3685,#3686);
#3685 = CARTESIAN_POINT('',(-2.1,-2.795,0.525));
#3686 = VECTOR('',#3687,1.);
#3687 = DIRECTION('',(-1.,1.144237745222E-17,0.));
#3688 = ORIENTED_EDGE('',*,*,#3689,.F.);
#3689 = EDGE_CURVE('',#3673,#3682,#3690,.T.);
#3690 = LINE('',#3691,#3692);
#3691 = CARTESIAN_POINT('',(-2.4,-3.055,0.525));
#3692 = VECTOR('',#3693,1.);
#3693 = DIRECTION('',(1.144237745222E-17,1.,0.));
#3694 = PLANE('',#3695);
#3695 = AXIS2_PLACEMENT_3D('',#3696,#3697,#3698);
#3696 = CARTESIAN_POINT('',(-2.1,-3.055,0.525));
#3697 = DIRECTION('',(0.,0.,1.));
#3698 = DIRECTION('',(-1.,1.144237745222E-17,0.));
#3699 = ADVANCED_FACE('',(#3700),#3725,.F.);
#3700 = FACE_BOUND('',#3701,.F.);
#3701 = EDGE_LOOP('',(#3702,#3710,#3711,#3719));
#3702 = ORIENTED_EDGE('',*,*,#3703,.F.);
#3703 = EDGE_CURVE('',#3013,#3704,#3706,.T.);
#3704 = VERTEX_POINT('',#3705);
#3705 = CARTESIAN_POINT('',(-2.2,-2.795,0.675));
#3706 = LINE('',#3707,#3708);
#3707 = CARTESIAN_POINT('',(-2.2,-2.795,0.496427282854));
#3708 = VECTOR('',#3709,1.);
#3709 = DIRECTION('',(0.,0.,1.));
#3710 = ORIENTED_EDGE('',*,*,#3012,.T.);
#3711 = ORIENTED_EDGE('',*,*,#3712,.T.);
#3712 = EDGE_CURVE('',#3005,#3713,#3715,.T.);
#3713 = VERTEX_POINT('',#3714);
#3714 = CARTESIAN_POINT('',(-2.2,-2.405,0.675));
#3715 = LINE('',#3716,#3717);
#3716 = CARTESIAN_POINT('',(-2.2,-2.405,0.496427282854));
#3717 = VECTOR('',#3718,1.);
#3718 = DIRECTION('',(0.,0.,1.));
#3719 = ORIENTED_EDGE('',*,*,#3720,.F.);
#3720 = EDGE_CURVE('',#3704,#3713,#3721,.T.);
#3721 = LINE('',#3722,#3723);
#3722 = CARTESIAN_POINT('',(-2.2,-4.65,0.675));
#3723 = VECTOR('',#3724,1.);
#3724 = DIRECTION('',(-1.110223024625E-16,1.,0.));
#3725 = PLANE('',#3726);
#3726 = AXIS2_PLACEMENT_3D('',#3727,#3728,#3729);
#3727 = CARTESIAN_POINT('',(-2.2,-4.65,0.675));
#3728 = DIRECTION('',(1.,1.110223024625E-16,0.));
#3729 = DIRECTION('',(-1.110223024625E-16,1.,0.));
#3730 = ADVANCED_FACE('',(#3731),#3756,.F.);
#3731 = FACE_BOUND('',#3732,.F.);
#3732 = EDGE_LOOP('',(#3733,#3741,#3742,#3750));
#3733 = ORIENTED_EDGE('',*,*,#3734,.F.);
#3734 = EDGE_CURVE('',#3005,#3735,#3737,.T.);
#3735 = VERTEX_POINT('',#3736);
#3736 = CARTESIAN_POINT('',(-2.4,-2.405,0.525));
#3737 = LINE('',#3738,#3739);
#3738 = CARTESIAN_POINT('',(-2.1,-2.405,0.525));
#3739 = VECTOR('',#3740,1.);
#3740 = DIRECTION('',(-1.,1.144237745222E-17,0.));
#3741 = ORIENTED_EDGE('',*,*,#3004,.T.);
#3742 = ORIENTED_EDGE('',*,*,#3743,.T.);
#3743 = EDGE_CURVE('',#2997,#3744,#3746,.T.);
#3744 = VERTEX_POINT('',#3745);
#3745 = CARTESIAN_POINT('',(-2.4,-2.145,0.525));
#3746 = LINE('',#3747,#3748);
#3747 = CARTESIAN_POINT('',(-2.1,-2.145,0.525));
#3748 = VECTOR('',#3749,1.);
#3749 = DIRECTION('',(-1.,1.144237745222E-17,0.));
#3750 = ORIENTED_EDGE('',*,*,#3751,.F.);
#3751 = EDGE_CURVE('',#3735,#3744,#3752,.T.);
#3752 = LINE('',#3753,#3754);
#3753 = CARTESIAN_POINT('',(-2.4,-2.405,0.525));
#3754 = VECTOR('',#3755,1.);
#3755 = DIRECTION('',(1.144237745222E-17,1.,0.));
#3756 = PLANE('',#3757);
#3757 = AXIS2_PLACEMENT_3D('',#3758,#3759,#3760);
#3758 = CARTESIAN_POINT('',(-2.1,-2.405,0.525));
#3759 = DIRECTION('',(0.,0.,1.));
#3760 = DIRECTION('',(-1.,1.144237745222E-17,0.));
#3761 = ADVANCED_FACE('',(#3762),#3787,.F.);
#3762 = FACE_BOUND('',#3763,.F.);
#3763 = EDGE_LOOP('',(#3764,#3772,#3773,#3781));
#3764 = ORIENTED_EDGE('',*,*,#3765,.F.);
#3765 = EDGE_CURVE('',#2997,#3766,#3768,.T.);
#3766 = VERTEX_POINT('',#3767);
#3767 = CARTESIAN_POINT('',(-2.2,-2.145,0.675));
#3768 = LINE('',#3769,#3770);
#3769 = CARTESIAN_POINT('',(-2.2,-2.145,0.496427282854));
#3770 = VECTOR('',#3771,1.);
#3771 = DIRECTION('',(0.,0.,1.));
#3772 = ORIENTED_EDGE('',*,*,#2996,.T.);
#3773 = ORIENTED_EDGE('',*,*,#3774,.T.);
#3774 = EDGE_CURVE('',#2989,#3775,#3777,.T.);
#3775 = VERTEX_POINT('',#3776);
#3776 = CARTESIAN_POINT('',(-2.2,-1.755,0.675));
#3777 = LINE('',#3778,#3779);
#3778 = CARTESIAN_POINT('',(-2.2,-1.755,0.496427282854));
#3779 = VECTOR('',#3780,1.);
#3780 = DIRECTION('',(0.,0.,1.));
#3781 = ORIENTED_EDGE('',*,*,#3782,.F.);
#3782 = EDGE_CURVE('',#3766,#3775,#3783,.T.);
#3783 = LINE('',#3784,#3785);
#3784 = CARTESIAN_POINT('',(-2.2,-4.65,0.675));
#3785 = VECTOR('',#3786,1.);
#3786 = DIRECTION('',(-1.110223024625E-16,1.,0.));
#3787 = PLANE('',#3788);
#3788 = AXIS2_PLACEMENT_3D('',#3789,#3790,#3791);
#3789 = CARTESIAN_POINT('',(-2.2,-4.65,0.675));
#3790 = DIRECTION('',(1.,1.110223024625E-16,0.));
#3791 = DIRECTION('',(-1.110223024625E-16,1.,0.));
#3792 = ADVANCED_FACE('',(#3793),#3818,.F.);
#3793 = FACE_BOUND('',#3794,.F.);
#3794 = EDGE_LOOP('',(#3795,#3803,#3804,#3812));
#3795 = ORIENTED_EDGE('',*,*,#3796,.F.);
#3796 = EDGE_CURVE('',#2989,#3797,#3799,.T.);
#3797 = VERTEX_POINT('',#3798);
#3798 = CARTESIAN_POINT('',(-2.4,-1.755,0.525));
#3799 = LINE('',#3800,#3801);
#3800 = CARTESIAN_POINT('',(-2.1,-1.755,0.525));
#3801 = VECTOR('',#3802,1.);
#3802 = DIRECTION('',(-1.,1.144237745222E-17,0.));
#3803 = ORIENTED_EDGE('',*,*,#2988,.T.);
#3804 = ORIENTED_EDGE('',*,*,#3805,.T.);
#3805 = EDGE_CURVE('',#2981,#3806,#3808,.T.);
#3806 = VERTEX_POINT('',#3807);
#3807 = CARTESIAN_POINT('',(-2.4,-1.495,0.525));
#3808 = LINE('',#3809,#3810);
#3809 = CARTESIAN_POINT('',(-2.1,-1.495,0.525));
#3810 = VECTOR('',#3811,1.);
#3811 = DIRECTION('',(-1.,1.144237745222E-17,0.));
#3812 = ORIENTED_EDGE('',*,*,#3813,.F.);
#3813 = EDGE_CURVE('',#3797,#3806,#3814,.T.);
#3814 = LINE('',#3815,#3816);
#3815 = CARTESIAN_POINT('',(-2.4,-1.755,0.525));
#3816 = VECTOR('',#3817,1.);
#3817 = DIRECTION('',(1.144237745222E-17,1.,0.));
#3818 = PLANE('',#3819);
#3819 = AXIS2_PLACEMENT_3D('',#3820,#3821,#3822);
#3820 = CARTESIAN_POINT('',(-2.1,-1.755,0.525));
#3821 = DIRECTION('',(0.,0.,1.));
#3822 = DIRECTION('',(-1.,1.144237745222E-17,0.));
#3823 = ADVANCED_FACE('',(#3824),#3849,.F.);
#3824 = FACE_BOUND('',#3825,.F.);
#3825 = EDGE_LOOP('',(#3826,#3834,#3835,#3843));
#3826 = ORIENTED_EDGE('',*,*,#3827,.F.);
#3827 = EDGE_CURVE('',#2981,#3828,#3830,.T.);
#3828 = VERTEX_POINT('',#3829);
#3829 = CARTESIAN_POINT('',(-2.2,-1.495,0.675));
#3830 = LINE('',#3831,#3832);
#3831 = CARTESIAN_POINT('',(-2.2,-1.495,0.496427282854));
#3832 = VECTOR('',#3833,1.);
#3833 = DIRECTION('',(0.,0.,1.));
#3834 = ORIENTED_EDGE('',*,*,#2980,.T.);
#3835 = ORIENTED_EDGE('',*,*,#3836,.T.);
#3836 = EDGE_CURVE('',#2973,#3837,#3839,.T.);
#3837 = VERTEX_POINT('',#3838);
#3838 = CARTESIAN_POINT('',(-2.2,-1.105,0.675));
#3839 = LINE('',#3840,#3841);
#3840 = CARTESIAN_POINT('',(-2.2,-1.105,0.496427282854));
#3841 = VECTOR('',#3842,1.);
#3842 = DIRECTION('',(0.,0.,1.));
#3843 = ORIENTED_EDGE('',*,*,#3844,.F.);
#3844 = EDGE_CURVE('',#3828,#3837,#3845,.T.);
#3845 = LINE('',#3846,#3847);
#3846 = CARTESIAN_POINT('',(-2.2,-4.65,0.675));
#3847 = VECTOR('',#3848,1.);
#3848 = DIRECTION('',(-1.110223024625E-16,1.,0.));
#3849 = PLANE('',#3850);
#3850 = AXIS2_PLACEMENT_3D('',#3851,#3852,#3853);
#3851 = CARTESIAN_POINT('',(-2.2,-4.65,0.675));
#3852 = DIRECTION('',(1.,1.110223024625E-16,0.));
#3853 = DIRECTION('',(-1.110223024625E-16,1.,0.));
#3854 = ADVANCED_FACE('',(#3855),#3880,.F.);
#3855 = FACE_BOUND('',#3856,.F.);
#3856 = EDGE_LOOP('',(#3857,#3865,#3866,#3874));
#3857 = ORIENTED_EDGE('',*,*,#3858,.F.);
#3858 = EDGE_CURVE('',#2973,#3859,#3861,.T.);
#3859 = VERTEX_POINT('',#3860);
#3860 = CARTESIAN_POINT('',(-2.4,-1.105,0.525));
#3861 = LINE('',#3862,#3863);
#3862 = CARTESIAN_POINT('',(-2.1,-1.105,0.525));
#3863 = VECTOR('',#3864,1.);
#3864 = DIRECTION('',(-1.,1.144237745222E-17,0.));
#3865 = ORIENTED_EDGE('',*,*,#2972,.T.);
#3866 = ORIENTED_EDGE('',*,*,#3867,.T.);
#3867 = EDGE_CURVE('',#2965,#3868,#3870,.T.);
#3868 = VERTEX_POINT('',#3869);
#3869 = CARTESIAN_POINT('',(-2.4,-0.845,0.525));
#3870 = LINE('',#3871,#3872);
#3871 = CARTESIAN_POINT('',(-2.1,-0.845,0.525));
#3872 = VECTOR('',#3873,1.);
#3873 = DIRECTION('',(-1.,1.144237745222E-17,0.));
#3874 = ORIENTED_EDGE('',*,*,#3875,.F.);
#3875 = EDGE_CURVE('',#3859,#3868,#3876,.T.);
#3876 = LINE('',#3877,#3878);
#3877 = CARTESIAN_POINT('',(-2.4,-1.105,0.525));
#3878 = VECTOR('',#3879,1.);
#3879 = DIRECTION('',(1.144237745222E-17,1.,0.));
#3880 = PLANE('',#3881);
#3881 = AXIS2_PLACEMENT_3D('',#3882,#3883,#3884);
#3882 = CARTESIAN_POINT('',(-2.1,-1.105,0.525));
#3883 = DIRECTION('',(0.,0.,1.));
#3884 = DIRECTION('',(-1.,1.144237745222E-17,0.));
#3885 = ADVANCED_FACE('',(#3886),#3911,.F.);
#3886 = FACE_BOUND('',#3887,.F.);
#3887 = EDGE_LOOP('',(#3888,#3896,#3897,#3905));
#3888 = ORIENTED_EDGE('',*,*,#3889,.F.);
#3889 = EDGE_CURVE('',#2965,#3890,#3892,.T.);
#3890 = VERTEX_POINT('',#3891);
#3891 = CARTESIAN_POINT('',(-2.2,-0.845,0.675));
#3892 = LINE('',#3893,#3894);
#3893 = CARTESIAN_POINT('',(-2.2,-0.845,0.496427282854));
#3894 = VECTOR('',#3895,1.);
#3895 = DIRECTION('',(0.,0.,1.));
#3896 = ORIENTED_EDGE('',*,*,#2964,.T.);
#3897 = ORIENTED_EDGE('',*,*,#3898,.T.);
#3898 = EDGE_CURVE('',#2957,#3899,#3901,.T.);
#3899 = VERTEX_POINT('',#3900);
#3900 = CARTESIAN_POINT('',(-2.2,-0.455,0.675));
#3901 = LINE('',#3902,#3903);
#3902 = CARTESIAN_POINT('',(-2.2,-0.455,0.496427282854));
#3903 = VECTOR('',#3904,1.);
#3904 = DIRECTION('',(0.,0.,1.));
#3905 = ORIENTED_EDGE('',*,*,#3906,.F.);
#3906 = EDGE_CURVE('',#3890,#3899,#3907,.T.);
#3907 = LINE('',#3908,#3909);
#3908 = CARTESIAN_POINT('',(-2.2,-4.65,0.675));
#3909 = VECTOR('',#3910,1.);
#3910 = DIRECTION('',(-1.110223024625E-16,1.,0.));
#3911 = PLANE('',#3912);
#3912 = AXIS2_PLACEMENT_3D('',#3913,#3914,#3915);
#3913 = CARTESIAN_POINT('',(-2.2,-4.65,0.675));
#3914 = DIRECTION('',(1.,1.110223024625E-16,0.));
#3915 = DIRECTION('',(-1.110223024625E-16,1.,0.));
#3916 = ADVANCED_FACE('',(#3917),#3942,.F.);
#3917 = FACE_BOUND('',#3918,.F.);
#3918 = EDGE_LOOP('',(#3919,#3927,#3928,#3936));
#3919 = ORIENTED_EDGE('',*,*,#3920,.F.);
#3920 = EDGE_CURVE('',#2957,#3921,#3923,.T.);
#3921 = VERTEX_POINT('',#3922);
#3922 = CARTESIAN_POINT('',(-2.4,-0.455,0.525));
#3923 = LINE('',#3924,#3925);
#3924 = CARTESIAN_POINT('',(-2.1,-0.455,0.525));
#3925 = VECTOR('',#3926,1.);
#3926 = DIRECTION('',(-1.,1.144237745222E-17,0.));
#3927 = ORIENTED_EDGE('',*,*,#2956,.T.);
#3928 = ORIENTED_EDGE('',*,*,#3929,.T.);
#3929 = EDGE_CURVE('',#2949,#3930,#3932,.T.);
#3930 = VERTEX_POINT('',#3931);
#3931 = CARTESIAN_POINT('',(-2.4,-0.195,0.525));
#3932 = LINE('',#3933,#3934);
#3933 = CARTESIAN_POINT('',(-2.1,-0.195,0.525));
#3934 = VECTOR('',#3935,1.);
#3935 = DIRECTION('',(-1.,1.144237745222E-17,0.));
#3936 = ORIENTED_EDGE('',*,*,#3937,.F.);
#3937 = EDGE_CURVE('',#3921,#3930,#3938,.T.);
#3938 = LINE('',#3939,#3940);
#3939 = CARTESIAN_POINT('',(-2.4,-0.455,0.525));
#3940 = VECTOR('',#3941,1.);
#3941 = DIRECTION('',(1.144237745222E-17,1.,0.));
#3942 = PLANE('',#3943);
#3943 = AXIS2_PLACEMENT_3D('',#3944,#3945,#3946);
#3944 = CARTESIAN_POINT('',(-2.1,-0.455,0.525));
#3945 = DIRECTION('',(0.,0.,1.));
#3946 = DIRECTION('',(-1.,1.144237745222E-17,0.));
#3947 = ADVANCED_FACE('',(#3948),#3973,.F.);
#3948 = FACE_BOUND('',#3949,.F.);
#3949 = EDGE_LOOP('',(#3950,#3958,#3959,#3967));
#3950 = ORIENTED_EDGE('',*,*,#3951,.F.);
#3951 = EDGE_CURVE('',#2949,#3952,#3954,.T.);
#3952 = VERTEX_POINT('',#3953);
#3953 = CARTESIAN_POINT('',(-2.2,-0.195,0.675));
#3954 = LINE('',#3955,#3956);
#3955 = CARTESIAN_POINT('',(-2.2,-0.195,0.496427282854));
#3956 = VECTOR('',#3957,1.);
#3957 = DIRECTION('',(0.,0.,1.));
#3958 = ORIENTED_EDGE('',*,*,#2948,.T.);
#3959 = ORIENTED_EDGE('',*,*,#3960,.T.);
#3960 = EDGE_CURVE('',#2941,#3961,#3963,.T.);
#3961 = VERTEX_POINT('',#3962);
#3962 = CARTESIAN_POINT('',(-2.2,0.195,0.675));
#3963 = LINE('',#3964,#3965);
#3964 = CARTESIAN_POINT('',(-2.2,0.195,0.496427282854));
#3965 = VECTOR('',#3966,1.);
#3966 = DIRECTION('',(0.,0.,1.));
#3967 = ORIENTED_EDGE('',*,*,#3968,.F.);
#3968 = EDGE_CURVE('',#3952,#3961,#3969,.T.);
#3969 = LINE('',#3970,#3971);
#3970 = CARTESIAN_POINT('',(-2.2,-4.65,0.675));
#3971 = VECTOR('',#3972,1.);
#3972 = DIRECTION('',(-1.110223024625E-16,1.,0.));
#3973 = PLANE('',#3974);
#3974 = AXIS2_PLACEMENT_3D('',#3975,#3976,#3977);
#3975 = CARTESIAN_POINT('',(-2.2,-4.65,0.675));
#3976 = DIRECTION('',(1.,1.110223024625E-16,0.));
#3977 = DIRECTION('',(-1.110223024625E-16,1.,0.));
#3978 = ADVANCED_FACE('',(#3979),#4004,.F.);
#3979 = FACE_BOUND('',#3980,.F.);
#3980 = EDGE_LOOP('',(#3981,#3989,#3990,#3998));
#3981 = ORIENTED_EDGE('',*,*,#3982,.F.);
#3982 = EDGE_CURVE('',#2941,#3983,#3985,.T.);
#3983 = VERTEX_POINT('',#3984);
#3984 = CARTESIAN_POINT('',(-2.4,0.195,0.525));
#3985 = LINE('',#3986,#3987);
#3986 = CARTESIAN_POINT('',(-2.1,0.195,0.525));
#3987 = VECTOR('',#3988,1.);
#3988 = DIRECTION('',(-1.,1.144237745222E-17,0.));
#3989 = ORIENTED_EDGE('',*,*,#2940,.T.);
#3990 = ORIENTED_EDGE('',*,*,#3991,.T.);
#3991 = EDGE_CURVE('',#2933,#3992,#3994,.T.);
#3992 = VERTEX_POINT('',#3993);
#3993 = CARTESIAN_POINT('',(-2.4,0.455,0.525));
#3994 = LINE('',#3995,#3996);
#3995 = CARTESIAN_POINT('',(-2.1,0.455,0.525));
#3996 = VECTOR('',#3997,1.);
#3997 = DIRECTION('',(-1.,1.144237745222E-17,0.));
#3998 = ORIENTED_EDGE('',*,*,#3999,.F.);
#3999 = EDGE_CURVE('',#3983,#3992,#4000,.T.);
#4000 = LINE('',#4001,#4002);
#4001 = CARTESIAN_POINT('',(-2.4,0.195,0.525));
#4002 = VECTOR('',#4003,1.);
#4003 = DIRECTION('',(1.144237745222E-17,1.,0.));
#4004 = PLANE('',#4005);
#4005 = AXIS2_PLACEMENT_3D('',#4006,#4007,#4008);
#4006 = CARTESIAN_POINT('',(-2.1,0.195,0.525));
#4007 = DIRECTION('',(0.,0.,1.));
#4008 = DIRECTION('',(-1.,1.144237745222E-17,0.));
#4009 = ADVANCED_FACE('',(#4010),#4035,.F.);
#4010 = FACE_BOUND('',#4011,.F.);
#4011 = EDGE_LOOP('',(#4012,#4020,#4021,#4029));
#4012 = ORIENTED_EDGE('',*,*,#4013,.F.);
#4013 = EDGE_CURVE('',#2933,#4014,#4016,.T.);
#4014 = VERTEX_POINT('',#4015);
#4015 = CARTESIAN_POINT('',(-2.2,0.455,0.675));
#4016 = LINE('',#4017,#4018);
#4017 = CARTESIAN_POINT('',(-2.2,0.455,0.496427282854));
#4018 = VECTOR('',#4019,1.);
#4019 = DIRECTION('',(0.,0.,1.));
#4020 = ORIENTED_EDGE('',*,*,#2932,.T.);
#4021 = ORIENTED_EDGE('',*,*,#4022,.T.);
#4022 = EDGE_CURVE('',#2925,#4023,#4025,.T.);
#4023 = VERTEX_POINT('',#4024);
#4024 = CARTESIAN_POINT('',(-2.2,0.845,0.675));
#4025 = LINE('',#4026,#4027);
#4026 = CARTESIAN_POINT('',(-2.2,0.845,0.496427282854));
#4027 = VECTOR('',#4028,1.);
#4028 = DIRECTION('',(0.,0.,1.));
#4029 = ORIENTED_EDGE('',*,*,#4030,.F.);
#4030 = EDGE_CURVE('',#4014,#4023,#4031,.T.);
#4031 = LINE('',#4032,#4033);
#4032 = CARTESIAN_POINT('',(-2.2,-4.65,0.675));
#4033 = VECTOR('',#4034,1.);
#4034 = DIRECTION('',(-1.110223024625E-16,1.,0.));
#4035 = PLANE('',#4036);
#4036 = AXIS2_PLACEMENT_3D('',#4037,#4038,#4039);
#4037 = CARTESIAN_POINT('',(-2.2,-4.65,0.675));
#4038 = DIRECTION('',(1.,1.110223024625E-16,0.));
#4039 = DIRECTION('',(-1.110223024625E-16,1.,0.));
#4040 = ADVANCED_FACE('',(#4041),#4066,.F.);
#4041 = FACE_BOUND('',#4042,.F.);
#4042 = EDGE_LOOP('',(#4043,#4051,#4052,#4060));
#4043 = ORIENTED_EDGE('',*,*,#4044,.F.);
#4044 = EDGE_CURVE('',#2925,#4045,#4047,.T.);
#4045 = VERTEX_POINT('',#4046);
#4046 = CARTESIAN_POINT('',(-2.4,0.845,0.525));
#4047 = LINE('',#4048,#4049);
#4048 = CARTESIAN_POINT('',(-2.1,0.845,0.525));
#4049 = VECTOR('',#4050,1.);
#4050 = DIRECTION('',(-1.,1.144237745222E-17,0.));
#4051 = ORIENTED_EDGE('',*,*,#2924,.T.);
#4052 = ORIENTED_EDGE('',*,*,#4053,.T.);
#4053 = EDGE_CURVE('',#2917,#4054,#4056,.T.);
#4054 = VERTEX_POINT('',#4055);
#4055 = CARTESIAN_POINT('',(-2.4,1.105,0.525));
#4056 = LINE('',#4057,#4058);
#4057 = CARTESIAN_POINT('',(-2.1,1.105,0.525));
#4058 = VECTOR('',#4059,1.);
#4059 = DIRECTION('',(-1.,1.144237745222E-17,0.));
#4060 = ORIENTED_EDGE('',*,*,#4061,.F.);
#4061 = EDGE_CURVE('',#4045,#4054,#4062,.T.);
#4062 = LINE('',#4063,#4064);
#4063 = CARTESIAN_POINT('',(-2.4,0.845,0.525));
#4064 = VECTOR('',#4065,1.);
#4065 = DIRECTION('',(1.144237745222E-17,1.,0.));
#4066 = PLANE('',#4067);
#4067 = AXIS2_PLACEMENT_3D('',#4068,#4069,#4070);
#4068 = CARTESIAN_POINT('',(-2.1,0.845,0.525));
#4069 = DIRECTION('',(0.,0.,1.));
#4070 = DIRECTION('',(-1.,1.144237745222E-17,0.));
#4071 = ADVANCED_FACE('',(#4072),#4097,.F.);
#4072 = FACE_BOUND('',#4073,.F.);
#4073 = EDGE_LOOP('',(#4074,#4082,#4083,#4091));
#4074 = ORIENTED_EDGE('',*,*,#4075,.F.);
#4075 = EDGE_CURVE('',#2917,#4076,#4078,.T.);
#4076 = VERTEX_POINT('',#4077);
#4077 = CARTESIAN_POINT('',(-2.2,1.105,0.675));
#4078 = LINE('',#4079,#4080);
#4079 = CARTESIAN_POINT('',(-2.2,1.105,0.496427282854));
#4080 = VECTOR('',#4081,1.);
#4081 = DIRECTION('',(0.,0.,1.));
#4082 = ORIENTED_EDGE('',*,*,#2916,.T.);
#4083 = ORIENTED_EDGE('',*,*,#4084,.T.);
#4084 = EDGE_CURVE('',#2909,#4085,#4087,.T.);
#4085 = VERTEX_POINT('',#4086);
#4086 = CARTESIAN_POINT('',(-2.2,1.495,0.675));
#4087 = LINE('',#4088,#4089);
#4088 = CARTESIAN_POINT('',(-2.2,1.495,0.496427282854));
#4089 = VECTOR('',#4090,1.);
#4090 = DIRECTION('',(0.,0.,1.));
#4091 = ORIENTED_EDGE('',*,*,#4092,.F.);
#4092 = EDGE_CURVE('',#4076,#4085,#4093,.T.);
#4093 = LINE('',#4094,#4095);
#4094 = CARTESIAN_POINT('',(-2.2,-4.65,0.675));
#4095 = VECTOR('',#4096,1.);
#4096 = DIRECTION('',(-1.110223024625E-16,1.,0.));
#4097 = PLANE('',#4098);
#4098 = AXIS2_PLACEMENT_3D('',#4099,#4100,#4101);
#4099 = CARTESIAN_POINT('',(-2.2,-4.65,0.675));
#4100 = DIRECTION('',(1.,1.110223024625E-16,0.));
#4101 = DIRECTION('',(-1.110223024625E-16,1.,0.));
#4102 = ADVANCED_FACE('',(#4103),#4128,.F.);
#4103 = FACE_BOUND('',#4104,.F.);
#4104 = EDGE_LOOP('',(#4105,#4113,#4114,#4122));
#4105 = ORIENTED_EDGE('',*,*,#4106,.F.);
#4106 = EDGE_CURVE('',#2909,#4107,#4109,.T.);
#4107 = VERTEX_POINT('',#4108);
#4108 = CARTESIAN_POINT('',(-2.4,1.495,0.525));
#4109 = LINE('',#4110,#4111);
#4110 = CARTESIAN_POINT('',(-2.1,1.495,0.525));
#4111 = VECTOR('',#4112,1.);
#4112 = DIRECTION('',(-1.,1.144237745222E-17,0.));
#4113 = ORIENTED_EDGE('',*,*,#2908,.T.);
#4114 = ORIENTED_EDGE('',*,*,#4115,.T.);
#4115 = EDGE_CURVE('',#2901,#4116,#4118,.T.);
#4116 = VERTEX_POINT('',#4117);
#4117 = CARTESIAN_POINT('',(-2.4,1.755,0.525));
#4118 = LINE('',#4119,#4120);
#4119 = CARTESIAN_POINT('',(-2.1,1.755,0.525));
#4120 = VECTOR('',#4121,1.);
#4121 = DIRECTION('',(-1.,1.144237745222E-17,0.));
#4122 = ORIENTED_EDGE('',*,*,#4123,.F.);
#4123 = EDGE_CURVE('',#4107,#4116,#4124,.T.);
#4124 = LINE('',#4125,#4126);
#4125 = CARTESIAN_POINT('',(-2.4,1.495,0.525));
#4126 = VECTOR('',#4127,1.);
#4127 = DIRECTION('',(1.144237745222E-17,1.,0.));
#4128 = PLANE('',#4129);
#4129 = AXIS2_PLACEMENT_3D('',#4130,#4131,#4132);
#4130 = CARTESIAN_POINT('',(-2.1,1.495,0.525));
#4131 = DIRECTION('',(0.,0.,1.));
#4132 = DIRECTION('',(-1.,1.144237745222E-17,0.));
#4133 = ADVANCED_FACE('',(#4134),#4159,.F.);
#4134 = FACE_BOUND('',#4135,.F.);
#4135 = EDGE_LOOP('',(#4136,#4144,#4145,#4153));
#4136 = ORIENTED_EDGE('',*,*,#4137,.F.);
#4137 = EDGE_CURVE('',#2901,#4138,#4140,.T.);
#4138 = VERTEX_POINT('',#4139);
#4139 = CARTESIAN_POINT('',(-2.2,1.755,0.675));
#4140 = LINE('',#4141,#4142);
#4141 = CARTESIAN_POINT('',(-2.2,1.755,0.496427282854));
#4142 = VECTOR('',#4143,1.);
#4143 = DIRECTION('',(0.,0.,1.));
#4144 = ORIENTED_EDGE('',*,*,#2900,.T.);
#4145 = ORIENTED_EDGE('',*,*,#4146,.T.);
#4146 = EDGE_CURVE('',#2893,#4147,#4149,.T.);
#4147 = VERTEX_POINT('',#4148);
#4148 = CARTESIAN_POINT('',(-2.2,2.145,0.675));
#4149 = LINE('',#4150,#4151);
#4150 = CARTESIAN_POINT('',(-2.2,2.145,0.496427282854));
#4151 = VECTOR('',#4152,1.);
#4152 = DIRECTION('',(0.,0.,1.));
#4153 = ORIENTED_EDGE('',*,*,#4154,.F.);
#4154 = EDGE_CURVE('',#4138,#4147,#4155,.T.);
#4155 = LINE('',#4156,#4157);
#4156 = CARTESIAN_POINT('',(-2.2,-4.65,0.675));
#4157 = VECTOR('',#4158,1.);
#4158 = DIRECTION('',(-1.110223024625E-16,1.,0.));
#4159 = PLANE('',#4160);
#4160 = AXIS2_PLACEMENT_3D('',#4161,#4162,#4163);
#4161 = CARTESIAN_POINT('',(-2.2,-4.65,0.675));
#4162 = DIRECTION('',(1.,1.110223024625E-16,0.));
#4163 = DIRECTION('',(-1.110223024625E-16,1.,0.));
#4164 = ADVANCED_FACE('',(#4165),#4190,.F.);
#4165 = FACE_BOUND('',#4166,.F.);
#4166 = EDGE_LOOP('',(#4167,#4175,#4176,#4184));
#4167 = ORIENTED_EDGE('',*,*,#4168,.F.);
#4168 = EDGE_CURVE('',#2893,#4169,#4171,.T.);
#4169 = VERTEX_POINT('',#4170);
#4170 = CARTESIAN_POINT('',(-2.4,2.145,0.525));
#4171 = LINE('',#4172,#4173);
#4172 = CARTESIAN_POINT('',(-2.1,2.145,0.525));
#4173 = VECTOR('',#4174,1.);
#4174 = DIRECTION('',(-1.,1.144237745222E-17,0.));
#4175 = ORIENTED_EDGE('',*,*,#2892,.T.);
#4176 = ORIENTED_EDGE('',*,*,#4177,.T.);
#4177 = EDGE_CURVE('',#2885,#4178,#4180,.T.);
#4178 = VERTEX_POINT('',#4179);
#4179 = CARTESIAN_POINT('',(-2.4,2.405,0.525));
#4180 = LINE('',#4181,#4182);
#4181 = CARTESIAN_POINT('',(-2.1,2.405,0.525));
#4182 = VECTOR('',#4183,1.);
#4183 = DIRECTION('',(-1.,1.144237745222E-17,0.));
#4184 = ORIENTED_EDGE('',*,*,#4185,.F.);
#4185 = EDGE_CURVE('',#4169,#4178,#4186,.T.);
#4186 = LINE('',#4187,#4188);
#4187 = CARTESIAN_POINT('',(-2.4,2.145,0.525));
#4188 = VECTOR('',#4189,1.);
#4189 = DIRECTION('',(1.144237745222E-17,1.,0.));
#4190 = PLANE('',#4191);
#4191 = AXIS2_PLACEMENT_3D('',#4192,#4193,#4194);
#4192 = CARTESIAN_POINT('',(-2.1,2.145,0.525));
#4193 = DIRECTION('',(0.,0.,1.));
#4194 = DIRECTION('',(-1.,1.144237745222E-17,0.));
#4195 = ADVANCED_FACE('',(#4196),#4221,.F.);
#4196 = FACE_BOUND('',#4197,.F.);
#4197 = EDGE_LOOP('',(#4198,#4206,#4207,#4215));
#4198 = ORIENTED_EDGE('',*,*,#4199,.F.);
#4199 = EDGE_CURVE('',#2885,#4200,#4202,.T.);
#4200 = VERTEX_POINT('',#4201);
#4201 = CARTESIAN_POINT('',(-2.2,2.405,0.675));
#4202 = LINE('',#4203,#4204);
#4203 = CARTESIAN_POINT('',(-2.2,2.405,0.496427282854));
#4204 = VECTOR('',#4205,1.);
#4205 = DIRECTION('',(0.,0.,1.));
#4206 = ORIENTED_EDGE('',*,*,#2884,.T.);
#4207 = ORIENTED_EDGE('',*,*,#4208,.T.);
#4208 = EDGE_CURVE('',#2877,#4209,#4211,.T.);
#4209 = VERTEX_POINT('',#4210);
#4210 = CARTESIAN_POINT('',(-2.2,2.795,0.675));
#4211 = LINE('',#4212,#4213);
#4212 = CARTESIAN_POINT('',(-2.2,2.795,0.496427282854));
#4213 = VECTOR('',#4214,1.);
#4214 = DIRECTION('',(0.,0.,1.));
#4215 = ORIENTED_EDGE('',*,*,#4216,.F.);
#4216 = EDGE_CURVE('',#4200,#4209,#4217,.T.);
#4217 = LINE('',#4218,#4219);
#4218 = CARTESIAN_POINT('',(-2.2,-4.65,0.675));
#4219 = VECTOR('',#4220,1.);
#4220 = DIRECTION('',(-1.110223024625E-16,1.,0.));
#4221 = PLANE('',#4222);
#4222 = AXIS2_PLACEMENT_3D('',#4223,#4224,#4225);
#4223 = CARTESIAN_POINT('',(-2.2,-4.65,0.675));
#4224 = DIRECTION('',(1.,1.110223024625E-16,0.));
#4225 = DIRECTION('',(-1.110223024625E-16,1.,0.));
#4226 = ADVANCED_FACE('',(#4227),#4252,.F.);
#4227 = FACE_BOUND('',#4228,.F.);
#4228 = EDGE_LOOP('',(#4229,#4237,#4238,#4246));
#4229 = ORIENTED_EDGE('',*,*,#4230,.F.);
#4230 = EDGE_CURVE('',#2877,#4231,#4233,.T.);
#4231 = VERTEX_POINT('',#4232);
#4232 = CARTESIAN_POINT('',(-2.4,2.795,0.525));
#4233 = LINE('',#4234,#4235);
#4234 = CARTESIAN_POINT('',(-2.1,2.795,0.525));
#4235 = VECTOR('',#4236,1.);
#4236 = DIRECTION('',(-1.,1.144237745222E-17,0.));
#4237 = ORIENTED_EDGE('',*,*,#2876,.T.);
#4238 = ORIENTED_EDGE('',*,*,#4239,.T.);
#4239 = EDGE_CURVE('',#2869,#4240,#4242,.T.);
#4240 = VERTEX_POINT('',#4241);
#4241 = CARTESIAN_POINT('',(-2.4,3.055,0.525));
#4242 = LINE('',#4243,#4244);
#4243 = CARTESIAN_POINT('',(-2.1,3.055,0.525));
#4244 = VECTOR('',#4245,1.);
#4245 = DIRECTION('',(-1.,1.144237745222E-17,0.));
#4246 = ORIENTED_EDGE('',*,*,#4247,.F.);
#4247 = EDGE_CURVE('',#4231,#4240,#4248,.T.);
#4248 = LINE('',#4249,#4250);
#4249 = CARTESIAN_POINT('',(-2.4,2.795,0.525));
#4250 = VECTOR('',#4251,1.);
#4251 = DIRECTION('',(1.144237745222E-17,1.,0.));
#4252 = PLANE('',#4253);
#4253 = AXIS2_PLACEMENT_3D('',#4254,#4255,#4256);
#4254 = CARTESIAN_POINT('',(-2.1,2.795,0.525));
#4255 = DIRECTION('',(0.,0.,1.));
#4256 = DIRECTION('',(-1.,1.144237745222E-17,0.));
#4257 = ADVANCED_FACE('',(#4258),#4283,.F.);
#4258 = FACE_BOUND('',#4259,.F.);
#4259 = EDGE_LOOP('',(#4260,#4268,#4269,#4277));
#4260 = ORIENTED_EDGE('',*,*,#4261,.F.);
#4261 = EDGE_CURVE('',#2869,#4262,#4264,.T.);
#4262 = VERTEX_POINT('',#4263);
#4263 = CARTESIAN_POINT('',(-2.2,3.055,0.675));
#4264 = LINE('',#4265,#4266);
#4265 = CARTESIAN_POINT('',(-2.2,3.055,0.496427282854));
#4266 = VECTOR('',#4267,1.);
#4267 = DIRECTION('',(0.,0.,1.));
#4268 = ORIENTED_EDGE('',*,*,#2868,.T.);
#4269 = ORIENTED_EDGE('',*,*,#4270,.T.);
#4270 = EDGE_CURVE('',#2861,#4271,#4273,.T.);
#4271 = VERTEX_POINT('',#4272);
#4272 = CARTESIAN_POINT('',(-2.2,3.445,0.675));
#4273 = LINE('',#4274,#4275);
#4274 = CARTESIAN_POINT('',(-2.2,3.445,0.496427282854));
#4275 = VECTOR('',#4276,1.);
#4276 = DIRECTION('',(0.,0.,1.));
#4277 = ORIENTED_EDGE('',*,*,#4278,.F.);
#4278 = EDGE_CURVE('',#4262,#4271,#4279,.T.);
#4279 = LINE('',#4280,#4281);
#4280 = CARTESIAN_POINT('',(-2.2,-4.65,0.675));
#4281 = VECTOR('',#4282,1.);
#4282 = DIRECTION('',(-1.110223024625E-16,1.,0.));
#4283 = PLANE('',#4284);
#4284 = AXIS2_PLACEMENT_3D('',#4285,#4286,#4287);
#4285 = CARTESIAN_POINT('',(-2.2,-4.65,0.675));
#4286 = DIRECTION('',(1.,1.110223024625E-16,0.));
#4287 = DIRECTION('',(-1.110223024625E-16,1.,0.));
#4288 = ADVANCED_FACE('',(#4289),#4314,.F.);
#4289 = FACE_BOUND('',#4290,.F.);
#4290 = EDGE_LOOP('',(#4291,#4299,#4300,#4308));
#4291 = ORIENTED_EDGE('',*,*,#4292,.F.);
#4292 = EDGE_CURVE('',#2861,#4293,#4295,.T.);
#4293 = VERTEX_POINT('',#4294);
#4294 = CARTESIAN_POINT('',(-2.4,3.445,0.525));
#4295 = LINE('',#4296,#4297);
#4296 = CARTESIAN_POINT('',(-2.1,3.445,0.525));
#4297 = VECTOR('',#4298,1.);
#4298 = DIRECTION('',(-1.,1.144237745222E-17,0.));
#4299 = ORIENTED_EDGE('',*,*,#2860,.T.);
#4300 = ORIENTED_EDGE('',*,*,#4301,.T.);
#4301 = EDGE_CURVE('',#2853,#4302,#4304,.T.);
#4302 = VERTEX_POINT('',#4303);
#4303 = CARTESIAN_POINT('',(-2.4,3.705,0.525));
#4304 = LINE('',#4305,#4306);
#4305 = CARTESIAN_POINT('',(-2.1,3.705,0.525));
#4306 = VECTOR('',#4307,1.);
#4307 = DIRECTION('',(-1.,1.144237745222E-17,0.));
#4308 = ORIENTED_EDGE('',*,*,#4309,.F.);
#4309 = EDGE_CURVE('',#4293,#4302,#4310,.T.);
#4310 = LINE('',#4311,#4312);
#4311 = CARTESIAN_POINT('',(-2.4,3.445,0.525));
#4312 = VECTOR('',#4313,1.);
#4313 = DIRECTION('',(1.144237745222E-17,1.,0.));
#4314 = PLANE('',#4315);
#4315 = AXIS2_PLACEMENT_3D('',#4316,#4317,#4318);
#4316 = CARTESIAN_POINT('',(-2.1,3.445,0.525));
#4317 = DIRECTION('',(0.,0.,1.));
#4318 = DIRECTION('',(-1.,1.144237745222E-17,0.));
#4319 = ADVANCED_FACE('',(#4320),#4345,.F.);
#4320 = FACE_BOUND('',#4321,.F.);
#4321 = EDGE_LOOP('',(#4322,#4330,#4331,#4339));
#4322 = ORIENTED_EDGE('',*,*,#4323,.F.);
#4323 = EDGE_CURVE('',#2853,#4324,#4326,.T.);
#4324 = VERTEX_POINT('',#4325);
#4325 = CARTESIAN_POINT('',(-2.2,3.705,0.675));
#4326 = LINE('',#4327,#4328);
#4327 = CARTESIAN_POINT('',(-2.2,3.705,0.496427282854));
#4328 = VECTOR('',#4329,1.);
#4329 = DIRECTION('',(0.,0.,1.));
#4330 = ORIENTED_EDGE('',*,*,#2852,.T.);
#4331 = ORIENTED_EDGE('',*,*,#4332,.T.);
#4332 = EDGE_CURVE('',#2845,#4333,#4335,.T.);
#4333 = VERTEX_POINT('',#4334);
#4334 = CARTESIAN_POINT('',(-2.2,4.095,0.675));
#4335 = LINE('',#4336,#4337);
#4336 = CARTESIAN_POINT('',(-2.2,4.095,0.496427282854));
#4337 = VECTOR('',#4338,1.);
#4338 = DIRECTION('',(0.,0.,1.));
#4339 = ORIENTED_EDGE('',*,*,#4340,.F.);
#4340 = EDGE_CURVE('',#4324,#4333,#4341,.T.);
#4341 = LINE('',#4342,#4343);
#4342 = CARTESIAN_POINT('',(-2.2,-4.65,0.675));
#4343 = VECTOR('',#4344,1.);
#4344 = DIRECTION('',(-1.110223024625E-16,1.,0.));
#4345 = PLANE('',#4346);
#4346 = AXIS2_PLACEMENT_3D('',#4347,#4348,#4349);
#4347 = CARTESIAN_POINT('',(-2.2,-4.65,0.675));
#4348 = DIRECTION('',(1.,1.110223024625E-16,0.));
#4349 = DIRECTION('',(-1.110223024625E-16,1.,0.));
#4350 = ADVANCED_FACE('',(#4351),#4376,.F.);
#4351 = FACE_BOUND('',#4352,.F.);
#4352 = EDGE_LOOP('',(#4353,#4361,#4362,#4370));
#4353 = ORIENTED_EDGE('',*,*,#4354,.F.);
#4354 = EDGE_CURVE('',#2845,#4355,#4357,.T.);
#4355 = VERTEX_POINT('',#4356);
#4356 = CARTESIAN_POINT('',(-2.4,4.095,0.525));
#4357 = LINE('',#4358,#4359);
#4358 = CARTESIAN_POINT('',(-2.1,4.095,0.525));
#4359 = VECTOR('',#4360,1.);
#4360 = DIRECTION('',(-1.,1.144237745222E-17,0.));
#4361 = ORIENTED_EDGE('',*,*,#2844,.T.);
#4362 = ORIENTED_EDGE('',*,*,#4363,.T.);
#4363 = EDGE_CURVE('',#2837,#4364,#4366,.T.);
#4364 = VERTEX_POINT('',#4365);
#4365 = CARTESIAN_POINT('',(-2.4,4.355,0.525));
#4366 = LINE('',#4367,#4368);
#4367 = CARTESIAN_POINT('',(-2.1,4.355,0.525));
#4368 = VECTOR('',#4369,1.);
#4369 = DIRECTION('',(-1.,1.144237745222E-17,0.));
#4370 = ORIENTED_EDGE('',*,*,#4371,.F.);
#4371 = EDGE_CURVE('',#4355,#4364,#4372,.T.);
#4372 = LINE('',#4373,#4374);
#4373 = CARTESIAN_POINT('',(-2.4,4.095,0.525));
#4374 = VECTOR('',#4375,1.);
#4375 = DIRECTION('',(1.144237745222E-17,1.,0.));
#4376 = PLANE('',#4377);
#4377 = AXIS2_PLACEMENT_3D('',#4378,#4379,#4380);
#4378 = CARTESIAN_POINT('',(-2.1,4.095,0.525));
#4379 = DIRECTION('',(0.,0.,1.));
#4380 = DIRECTION('',(-1.,1.144237745222E-17,0.));
#4381 = ADVANCED_FACE('',(#4382),#4393,.F.);
#4382 = FACE_BOUND('',#4383,.F.);
#4383 = EDGE_LOOP('',(#4384,#4390,#4391,#4392));
#4384 = ORIENTED_EDGE('',*,*,#4385,.F.);
#4385 = EDGE_CURVE('',#2837,#3481,#4386,.T.);
#4386 = LINE('',#4387,#4388);
#4387 = CARTESIAN_POINT('',(-2.2,4.355,0.496427282854));
#4388 = VECTOR('',#4389,1.);
#4389 = DIRECTION('',(0.,0.,1.));
#4390 = ORIENTED_EDGE('',*,*,#2836,.T.);
#4391 = ORIENTED_EDGE('',*,*,#3505,.T.);
#4392 = ORIENTED_EDGE('',*,*,#3488,.F.);
#4393 = PLANE('',#4394);
#4394 = AXIS2_PLACEMENT_3D('',#4395,#4396,#4397);
#4395 = CARTESIAN_POINT('',(-2.2,-4.65,0.675));
#4396 = DIRECTION('',(1.,1.110223024625E-16,0.));
#4397 = DIRECTION('',(-1.110223024625E-16,1.,0.));
#4398 = ADVANCED_FACE('',(#4399),#4410,.F.);
#4399 = FACE_BOUND('',#4400,.F.);
#4400 = EDGE_LOOP('',(#4401,#4402,#4403,#4409));
#4401 = ORIENTED_EDGE('',*,*,#3392,.F.);
#4402 = ORIENTED_EDGE('',*,*,#3313,.T.);
#4403 = ORIENTED_EDGE('',*,*,#4404,.T.);
#4404 = EDGE_CURVE('',#3306,#3425,#4405,.T.);
#4405 = LINE('',#4406,#4407);
#4406 = CARTESIAN_POINT('',(2.2,4.355,0.496427282854));
#4407 = VECTOR('',#4408,1.);
#4408 = DIRECTION('',(0.,0.,1.));
#4409 = ORIENTED_EDGE('',*,*,#3424,.F.);
#4410 = PLANE('',#4411);
#4411 = AXIS2_PLACEMENT_3D('',#4412,#4413,#4414);
#4412 = CARTESIAN_POINT('',(2.2,4.65,0.675));
#4413 = DIRECTION('',(-1.,-1.110223024625E-16,0.));
#4414 = DIRECTION('',(1.110223024625E-16,-1.,0.));
#4415 = ADVANCED_FACE('',(#4416),#4441,.F.);
#4416 = FACE_BOUND('',#4417,.F.);
#4417 = EDGE_LOOP('',(#4418,#4426,#4427,#4435));
#4418 = ORIENTED_EDGE('',*,*,#4419,.F.);
#4419 = EDGE_CURVE('',#3306,#4420,#4422,.T.);
#4420 = VERTEX_POINT('',#4421);
#4421 = CARTESIAN_POINT('',(2.4,4.355,0.525));
#4422 = LINE('',#4423,#4424);
#4423 = CARTESIAN_POINT('',(2.1,4.355,0.525));
#4424 = VECTOR('',#4425,1.);
#4425 = DIRECTION('',(1.,1.110223024625E-16,0.));
#4426 = ORIENTED_EDGE('',*,*,#3305,.T.);
#4427 = ORIENTED_EDGE('',*,*,#4428,.T.);
#4428 = EDGE_CURVE('',#3298,#4429,#4431,.T.);
#4429 = VERTEX_POINT('',#4430);
#4430 = CARTESIAN_POINT('',(2.4,4.095,0.525));
#4431 = LINE('',#4432,#4433);
#4432 = CARTESIAN_POINT('',(2.1,4.095,0.525));
#4433 = VECTOR('',#4434,1.);
#4434 = DIRECTION('',(1.,1.110223024625E-16,0.));
#4435 = ORIENTED_EDGE('',*,*,#4436,.F.);
#4436 = EDGE_CURVE('',#4420,#4429,#4437,.T.);
#4437 = LINE('',#4438,#4439);
#4438 = CARTESIAN_POINT('',(2.4,4.355,0.525));
#4439 = VECTOR('',#4440,1.);
#4440 = DIRECTION('',(1.110223024625E-16,-1.,0.));
#4441 = PLANE('',#4442);
#4442 = AXIS2_PLACEMENT_3D('',#4443,#4444,#4445);
#4443 = CARTESIAN_POINT('',(2.1,4.355,0.525));
#4444 = DIRECTION('',(0.,0.,1.));
#4445 = DIRECTION('',(1.,1.110223024625E-16,-0.));
#4446 = ADVANCED_FACE('',(#4447),#4472,.F.);
#4447 = FACE_BOUND('',#4448,.F.);
#4448 = EDGE_LOOP('',(#4449,#4457,#4458,#4466));
#4449 = ORIENTED_EDGE('',*,*,#4450,.F.);
#4450 = EDGE_CURVE('',#3298,#4451,#4453,.T.);
#4451 = VERTEX_POINT('',#4452);
#4452 = CARTESIAN_POINT('',(2.2,4.095,0.675));
#4453 = LINE('',#4454,#4455);
#4454 = CARTESIAN_POINT('',(2.2,4.095,0.496427282854));
#4455 = VECTOR('',#4456,1.);
#4456 = DIRECTION('',(0.,0.,1.));
#4457 = ORIENTED_EDGE('',*,*,#3297,.T.);
#4458 = ORIENTED_EDGE('',*,*,#4459,.T.);
#4459 = EDGE_CURVE('',#3290,#4460,#4462,.T.);
#4460 = VERTEX_POINT('',#4461);
#4461 = CARTESIAN_POINT('',(2.2,3.705,0.675));
#4462 = LINE('',#4463,#4464);
#4463 = CARTESIAN_POINT('',(2.2,3.705,0.496427282854));
#4464 = VECTOR('',#4465,1.);
#4465 = DIRECTION('',(0.,0.,1.));
#4466 = ORIENTED_EDGE('',*,*,#4467,.F.);
#4467 = EDGE_CURVE('',#4451,#4460,#4468,.T.);
#4468 = LINE('',#4469,#4470);
#4469 = CARTESIAN_POINT('',(2.2,4.65,0.675));
#4470 = VECTOR('',#4471,1.);
#4471 = DIRECTION('',(1.110223024625E-16,-1.,0.));
#4472 = PLANE('',#4473);
#4473 = AXIS2_PLACEMENT_3D('',#4474,#4475,#4476);
#4474 = CARTESIAN_POINT('',(2.2,4.65,0.675));
#4475 = DIRECTION('',(-1.,-1.110223024625E-16,0.));
#4476 = DIRECTION('',(1.110223024625E-16,-1.,0.));
#4477 = ADVANCED_FACE('',(#4478),#4503,.F.);
#4478 = FACE_BOUND('',#4479,.F.);
#4479 = EDGE_LOOP('',(#4480,#4488,#4489,#4497));
#4480 = ORIENTED_EDGE('',*,*,#4481,.F.);
#4481 = EDGE_CURVE('',#3290,#4482,#4484,.T.);
#4482 = VERTEX_POINT('',#4483);
#4483 = CARTESIAN_POINT('',(2.4,3.705,0.525));
#4484 = LINE('',#4485,#4486);
#4485 = CARTESIAN_POINT('',(2.1,3.705,0.525));
#4486 = VECTOR('',#4487,1.);
#4487 = DIRECTION('',(1.,1.110223024625E-16,0.));
#4488 = ORIENTED_EDGE('',*,*,#3289,.T.);
#4489 = ORIENTED_EDGE('',*,*,#4490,.T.);
#4490 = EDGE_CURVE('',#3282,#4491,#4493,.T.);
#4491 = VERTEX_POINT('',#4492);
#4492 = CARTESIAN_POINT('',(2.4,3.445,0.525));
#4493 = LINE('',#4494,#4495);
#4494 = CARTESIAN_POINT('',(2.1,3.445,0.525));
#4495 = VECTOR('',#4496,1.);
#4496 = DIRECTION('',(1.,1.110223024625E-16,0.));
#4497 = ORIENTED_EDGE('',*,*,#4498,.F.);
#4498 = EDGE_CURVE('',#4482,#4491,#4499,.T.);
#4499 = LINE('',#4500,#4501);
#4500 = CARTESIAN_POINT('',(2.4,3.705,0.525));
#4501 = VECTOR('',#4502,1.);
#4502 = DIRECTION('',(1.110223024625E-16,-1.,0.));
#4503 = PLANE('',#4504);
#4504 = AXIS2_PLACEMENT_3D('',#4505,#4506,#4507);
#4505 = CARTESIAN_POINT('',(2.1,3.705,0.525));
#4506 = DIRECTION('',(0.,0.,1.));
#4507 = DIRECTION('',(1.,1.110223024625E-16,-0.));
#4508 = ADVANCED_FACE('',(#4509),#4534,.F.);
#4509 = FACE_BOUND('',#4510,.F.);
#4510 = EDGE_LOOP('',(#4511,#4519,#4520,#4528));
#4511 = ORIENTED_EDGE('',*,*,#4512,.F.);
#4512 = EDGE_CURVE('',#3282,#4513,#4515,.T.);
#4513 = VERTEX_POINT('',#4514);
#4514 = CARTESIAN_POINT('',(2.2,3.445,0.675));
#4515 = LINE('',#4516,#4517);
#4516 = CARTESIAN_POINT('',(2.2,3.445,0.496427282854));
#4517 = VECTOR('',#4518,1.);
#4518 = DIRECTION('',(0.,0.,1.));
#4519 = ORIENTED_EDGE('',*,*,#3281,.T.);
#4520 = ORIENTED_EDGE('',*,*,#4521,.T.);
#4521 = EDGE_CURVE('',#3274,#4522,#4524,.T.);
#4522 = VERTEX_POINT('',#4523);
#4523 = CARTESIAN_POINT('',(2.2,3.055,0.675));
#4524 = LINE('',#4525,#4526);
#4525 = CARTESIAN_POINT('',(2.2,3.055,0.496427282854));
#4526 = VECTOR('',#4527,1.);
#4527 = DIRECTION('',(0.,0.,1.));
#4528 = ORIENTED_EDGE('',*,*,#4529,.F.);
#4529 = EDGE_CURVE('',#4513,#4522,#4530,.T.);
#4530 = LINE('',#4531,#4532);
#4531 = CARTESIAN_POINT('',(2.2,4.65,0.675));
#4532 = VECTOR('',#4533,1.);
#4533 = DIRECTION('',(1.110223024625E-16,-1.,0.));
#4534 = PLANE('',#4535);
#4535 = AXIS2_PLACEMENT_3D('',#4536,#4537,#4538);
#4536 = CARTESIAN_POINT('',(2.2,4.65,0.675));
#4537 = DIRECTION('',(-1.,-1.110223024625E-16,0.));
#4538 = DIRECTION('',(1.110223024625E-16,-1.,0.));
#4539 = ADVANCED_FACE('',(#4540),#4565,.F.);
#4540 = FACE_BOUND('',#4541,.F.);
#4541 = EDGE_LOOP('',(#4542,#4550,#4551,#4559));
#4542 = ORIENTED_EDGE('',*,*,#4543,.F.);
#4543 = EDGE_CURVE('',#3274,#4544,#4546,.T.);
#4544 = VERTEX_POINT('',#4545);
#4545 = CARTESIAN_POINT('',(2.4,3.055,0.525));
#4546 = LINE('',#4547,#4548);
#4547 = CARTESIAN_POINT('',(2.1,3.055,0.525));
#4548 = VECTOR('',#4549,1.);
#4549 = DIRECTION('',(1.,1.110223024625E-16,0.));
#4550 = ORIENTED_EDGE('',*,*,#3273,.T.);
#4551 = ORIENTED_EDGE('',*,*,#4552,.T.);
#4552 = EDGE_CURVE('',#3266,#4553,#4555,.T.);
#4553 = VERTEX_POINT('',#4554);
#4554 = CARTESIAN_POINT('',(2.4,2.795,0.525));
#4555 = LINE('',#4556,#4557);
#4556 = CARTESIAN_POINT('',(2.1,2.795,0.525));
#4557 = VECTOR('',#4558,1.);
#4558 = DIRECTION('',(1.,1.110223024625E-16,0.));
#4559 = ORIENTED_EDGE('',*,*,#4560,.F.);
#4560 = EDGE_CURVE('',#4544,#4553,#4561,.T.);
#4561 = LINE('',#4562,#4563);
#4562 = CARTESIAN_POINT('',(2.4,3.055,0.525));
#4563 = VECTOR('',#4564,1.);
#4564 = DIRECTION('',(1.110223024625E-16,-1.,0.));
#4565 = PLANE('',#4566);
#4566 = AXIS2_PLACEMENT_3D('',#4567,#4568,#4569);
#4567 = CARTESIAN_POINT('',(2.1,3.055,0.525));
#4568 = DIRECTION('',(0.,0.,1.));
#4569 = DIRECTION('',(1.,1.110223024625E-16,-0.));
#4570 = ADVANCED_FACE('',(#4571),#4596,.F.);
#4571 = FACE_BOUND('',#4572,.F.);
#4572 = EDGE_LOOP('',(#4573,#4581,#4582,#4590));
#4573 = ORIENTED_EDGE('',*,*,#4574,.F.);
#4574 = EDGE_CURVE('',#3266,#4575,#4577,.T.);
#4575 = VERTEX_POINT('',#4576);
#4576 = CARTESIAN_POINT('',(2.2,2.795,0.675));
#4577 = LINE('',#4578,#4579);
#4578 = CARTESIAN_POINT('',(2.2,2.795,0.496427282854));
#4579 = VECTOR('',#4580,1.);
#4580 = DIRECTION('',(0.,0.,1.));
#4581 = ORIENTED_EDGE('',*,*,#3265,.T.);
#4582 = ORIENTED_EDGE('',*,*,#4583,.T.);
#4583 = EDGE_CURVE('',#3258,#4584,#4586,.T.);
#4584 = VERTEX_POINT('',#4585);
#4585 = CARTESIAN_POINT('',(2.2,2.405,0.675));
#4586 = LINE('',#4587,#4588);
#4587 = CARTESIAN_POINT('',(2.2,2.405,0.496427282854));
#4588 = VECTOR('',#4589,1.);
#4589 = DIRECTION('',(0.,0.,1.));
#4590 = ORIENTED_EDGE('',*,*,#4591,.F.);
#4591 = EDGE_CURVE('',#4575,#4584,#4592,.T.);
#4592 = LINE('',#4593,#4594);
#4593 = CARTESIAN_POINT('',(2.2,4.65,0.675));
#4594 = VECTOR('',#4595,1.);
#4595 = DIRECTION('',(1.110223024625E-16,-1.,0.));
#4596 = PLANE('',#4597);
#4597 = AXIS2_PLACEMENT_3D('',#4598,#4599,#4600);
#4598 = CARTESIAN_POINT('',(2.2,4.65,0.675));
#4599 = DIRECTION('',(-1.,-1.110223024625E-16,0.));
#4600 = DIRECTION('',(1.110223024625E-16,-1.,0.));
#4601 = ADVANCED_FACE('',(#4602),#4627,.F.);
#4602 = FACE_BOUND('',#4603,.F.);
#4603 = EDGE_LOOP('',(#4604,#4612,#4613,#4621));
#4604 = ORIENTED_EDGE('',*,*,#4605,.F.);
#4605 = EDGE_CURVE('',#3258,#4606,#4608,.T.);
#4606 = VERTEX_POINT('',#4607);
#4607 = CARTESIAN_POINT('',(2.4,2.405,0.525));
#4608 = LINE('',#4609,#4610);
#4609 = CARTESIAN_POINT('',(2.1,2.405,0.525));
#4610 = VECTOR('',#4611,1.);
#4611 = DIRECTION('',(1.,1.110223024625E-16,0.));
#4612 = ORIENTED_EDGE('',*,*,#3257,.T.);
#4613 = ORIENTED_EDGE('',*,*,#4614,.T.);
#4614 = EDGE_CURVE('',#3250,#4615,#4617,.T.);
#4615 = VERTEX_POINT('',#4616);
#4616 = CARTESIAN_POINT('',(2.4,2.145,0.525));
#4617 = LINE('',#4618,#4619);
#4618 = CARTESIAN_POINT('',(2.1,2.145,0.525));
#4619 = VECTOR('',#4620,1.);
#4620 = DIRECTION('',(1.,1.110223024625E-16,0.));
#4621 = ORIENTED_EDGE('',*,*,#4622,.F.);
#4622 = EDGE_CURVE('',#4606,#4615,#4623,.T.);
#4623 = LINE('',#4624,#4625);
#4624 = CARTESIAN_POINT('',(2.4,2.405,0.525));
#4625 = VECTOR('',#4626,1.);
#4626 = DIRECTION('',(1.110223024625E-16,-1.,0.));
#4627 = PLANE('',#4628);
#4628 = AXIS2_PLACEMENT_3D('',#4629,#4630,#4631);
#4629 = CARTESIAN_POINT('',(2.1,2.405,0.525));
#4630 = DIRECTION('',(0.,0.,1.));
#4631 = DIRECTION('',(1.,1.110223024625E-16,-0.));
#4632 = ADVANCED_FACE('',(#4633),#4658,.F.);
#4633 = FACE_BOUND('',#4634,.F.);
#4634 = EDGE_LOOP('',(#4635,#4643,#4644,#4652));
#4635 = ORIENTED_EDGE('',*,*,#4636,.F.);
#4636 = EDGE_CURVE('',#3250,#4637,#4639,.T.);
#4637 = VERTEX_POINT('',#4638);
#4638 = CARTESIAN_POINT('',(2.2,2.145,0.675));
#4639 = LINE('',#4640,#4641);
#4640 = CARTESIAN_POINT('',(2.2,2.145,0.496427282854));
#4641 = VECTOR('',#4642,1.);
#4642 = DIRECTION('',(0.,0.,1.));
#4643 = ORIENTED_EDGE('',*,*,#3249,.T.);
#4644 = ORIENTED_EDGE('',*,*,#4645,.T.);
#4645 = EDGE_CURVE('',#3242,#4646,#4648,.T.);
#4646 = VERTEX_POINT('',#4647);
#4647 = CARTESIAN_POINT('',(2.2,1.755,0.675));
#4648 = LINE('',#4649,#4650);
#4649 = CARTESIAN_POINT('',(2.2,1.755,0.496427282854));
#4650 = VECTOR('',#4651,1.);
#4651 = DIRECTION('',(0.,0.,1.));
#4652 = ORIENTED_EDGE('',*,*,#4653,.F.);
#4653 = EDGE_CURVE('',#4637,#4646,#4654,.T.);
#4654 = LINE('',#4655,#4656);
#4655 = CARTESIAN_POINT('',(2.2,4.65,0.675));
#4656 = VECTOR('',#4657,1.);
#4657 = DIRECTION('',(1.110223024625E-16,-1.,0.));
#4658 = PLANE('',#4659);
#4659 = AXIS2_PLACEMENT_3D('',#4660,#4661,#4662);
#4660 = CARTESIAN_POINT('',(2.2,4.65,0.675));
#4661 = DIRECTION('',(-1.,-1.110223024625E-16,0.));
#4662 = DIRECTION('',(1.110223024625E-16,-1.,0.));
#4663 = ADVANCED_FACE('',(#4664),#4689,.F.);
#4664 = FACE_BOUND('',#4665,.F.);
#4665 = EDGE_LOOP('',(#4666,#4674,#4675,#4683));
#4666 = ORIENTED_EDGE('',*,*,#4667,.F.);
#4667 = EDGE_CURVE('',#3242,#4668,#4670,.T.);
#4668 = VERTEX_POINT('',#4669);
#4669 = CARTESIAN_POINT('',(2.4,1.755,0.525));
#4670 = LINE('',#4671,#4672);
#4671 = CARTESIAN_POINT('',(2.1,1.755,0.525));
#4672 = VECTOR('',#4673,1.);
#4673 = DIRECTION('',(1.,1.110223024625E-16,0.));
#4674 = ORIENTED_EDGE('',*,*,#3241,.T.);
#4675 = ORIENTED_EDGE('',*,*,#4676,.T.);
#4676 = EDGE_CURVE('',#3234,#4677,#4679,.T.);
#4677 = VERTEX_POINT('',#4678);
#4678 = CARTESIAN_POINT('',(2.4,1.495,0.525));
#4679 = LINE('',#4680,#4681);
#4680 = CARTESIAN_POINT('',(2.1,1.495,0.525));
#4681 = VECTOR('',#4682,1.);
#4682 = DIRECTION('',(1.,1.110223024625E-16,0.));
#4683 = ORIENTED_EDGE('',*,*,#4684,.F.);
#4684 = EDGE_CURVE('',#4668,#4677,#4685,.T.);
#4685 = LINE('',#4686,#4687);
#4686 = CARTESIAN_POINT('',(2.4,1.755,0.525));
#4687 = VECTOR('',#4688,1.);
#4688 = DIRECTION('',(1.110223024625E-16,-1.,0.));
#4689 = PLANE('',#4690);
#4690 = AXIS2_PLACEMENT_3D('',#4691,#4692,#4693);
#4691 = CARTESIAN_POINT('',(2.1,1.755,0.525));
#4692 = DIRECTION('',(0.,0.,1.));
#4693 = DIRECTION('',(1.,1.110223024625E-16,-0.));
#4694 = ADVANCED_FACE('',(#4695),#4720,.F.);
#4695 = FACE_BOUND('',#4696,.F.);
#4696 = EDGE_LOOP('',(#4697,#4705,#4706,#4714));
#4697 = ORIENTED_EDGE('',*,*,#4698,.F.);
#4698 = EDGE_CURVE('',#3234,#4699,#4701,.T.);
#4699 = VERTEX_POINT('',#4700);
#4700 = CARTESIAN_POINT('',(2.2,1.495,0.675));
#4701 = LINE('',#4702,#4703);
#4702 = CARTESIAN_POINT('',(2.2,1.495,0.496427282854));
#4703 = VECTOR('',#4704,1.);
#4704 = DIRECTION('',(0.,0.,1.));
#4705 = ORIENTED_EDGE('',*,*,#3233,.T.);
#4706 = ORIENTED_EDGE('',*,*,#4707,.T.);
#4707 = EDGE_CURVE('',#3226,#4708,#4710,.T.);
#4708 = VERTEX_POINT('',#4709);
#4709 = CARTESIAN_POINT('',(2.2,1.105,0.675));
#4710 = LINE('',#4711,#4712);
#4711 = CARTESIAN_POINT('',(2.2,1.105,0.496427282854));
#4712 = VECTOR('',#4713,1.);
#4713 = DIRECTION('',(0.,0.,1.));
#4714 = ORIENTED_EDGE('',*,*,#4715,.F.);
#4715 = EDGE_CURVE('',#4699,#4708,#4716,.T.);
#4716 = LINE('',#4717,#4718);
#4717 = CARTESIAN_POINT('',(2.2,4.65,0.675));
#4718 = VECTOR('',#4719,1.);
#4719 = DIRECTION('',(1.110223024625E-16,-1.,0.));
#4720 = PLANE('',#4721);
#4721 = AXIS2_PLACEMENT_3D('',#4722,#4723,#4724);
#4722 = CARTESIAN_POINT('',(2.2,4.65,0.675));
#4723 = DIRECTION('',(-1.,-1.110223024625E-16,0.));
#4724 = DIRECTION('',(1.110223024625E-16,-1.,0.));
#4725 = ADVANCED_FACE('',(#4726),#4751,.F.);
#4726 = FACE_BOUND('',#4727,.F.);
#4727 = EDGE_LOOP('',(#4728,#4736,#4737,#4745));
#4728 = ORIENTED_EDGE('',*,*,#4729,.F.);
#4729 = EDGE_CURVE('',#3226,#4730,#4732,.T.);
#4730 = VERTEX_POINT('',#4731);
#4731 = CARTESIAN_POINT('',(2.4,1.105,0.525));
#4732 = LINE('',#4733,#4734);
#4733 = CARTESIAN_POINT('',(2.1,1.105,0.525));
#4734 = VECTOR('',#4735,1.);
#4735 = DIRECTION('',(1.,1.110223024625E-16,0.));
#4736 = ORIENTED_EDGE('',*,*,#3225,.T.);
#4737 = ORIENTED_EDGE('',*,*,#4738,.T.);
#4738 = EDGE_CURVE('',#3218,#4739,#4741,.T.);
#4739 = VERTEX_POINT('',#4740);
#4740 = CARTESIAN_POINT('',(2.4,0.845,0.525));
#4741 = LINE('',#4742,#4743);
#4742 = CARTESIAN_POINT('',(2.1,0.845,0.525));
#4743 = VECTOR('',#4744,1.);
#4744 = DIRECTION('',(1.,1.110223024625E-16,0.));
#4745 = ORIENTED_EDGE('',*,*,#4746,.F.);
#4746 = EDGE_CURVE('',#4730,#4739,#4747,.T.);
#4747 = LINE('',#4748,#4749);
#4748 = CARTESIAN_POINT('',(2.4,1.105,0.525));
#4749 = VECTOR('',#4750,1.);
#4750 = DIRECTION('',(1.110223024625E-16,-1.,0.));
#4751 = PLANE('',#4752);
#4752 = AXIS2_PLACEMENT_3D('',#4753,#4754,#4755);
#4753 = CARTESIAN_POINT('',(2.1,1.105,0.525));
#4754 = DIRECTION('',(0.,0.,1.));
#4755 = DIRECTION('',(1.,1.110223024625E-16,-0.));
#4756 = ADVANCED_FACE('',(#4757),#4782,.F.);
#4757 = FACE_BOUND('',#4758,.F.);
#4758 = EDGE_LOOP('',(#4759,#4767,#4768,#4776));
#4759 = ORIENTED_EDGE('',*,*,#4760,.F.);
#4760 = EDGE_CURVE('',#3218,#4761,#4763,.T.);
#4761 = VERTEX_POINT('',#4762);
#4762 = CARTESIAN_POINT('',(2.2,0.845,0.675));
#4763 = LINE('',#4764,#4765);
#4764 = CARTESIAN_POINT('',(2.2,0.845,0.496427282854));
#4765 = VECTOR('',#4766,1.);
#4766 = DIRECTION('',(0.,0.,1.));
#4767 = ORIENTED_EDGE('',*,*,#3217,.T.);
#4768 = ORIENTED_EDGE('',*,*,#4769,.T.);
#4769 = EDGE_CURVE('',#3210,#4770,#4772,.T.);
#4770 = VERTEX_POINT('',#4771);
#4771 = CARTESIAN_POINT('',(2.2,0.455,0.675));
#4772 = LINE('',#4773,#4774);
#4773 = CARTESIAN_POINT('',(2.2,0.455,0.496427282854));
#4774 = VECTOR('',#4775,1.);
#4775 = DIRECTION('',(0.,0.,1.));
#4776 = ORIENTED_EDGE('',*,*,#4777,.F.);
#4777 = EDGE_CURVE('',#4761,#4770,#4778,.T.);
#4778 = LINE('',#4779,#4780);
#4779 = CARTESIAN_POINT('',(2.2,4.65,0.675));
#4780 = VECTOR('',#4781,1.);
#4781 = DIRECTION('',(1.110223024625E-16,-1.,0.));
#4782 = PLANE('',#4783);
#4783 = AXIS2_PLACEMENT_3D('',#4784,#4785,#4786);
#4784 = CARTESIAN_POINT('',(2.2,4.65,0.675));
#4785 = DIRECTION('',(-1.,-1.110223024625E-16,0.));
#4786 = DIRECTION('',(1.110223024625E-16,-1.,0.));
#4787 = ADVANCED_FACE('',(#4788),#4813,.F.);
#4788 = FACE_BOUND('',#4789,.F.);
#4789 = EDGE_LOOP('',(#4790,#4798,#4799,#4807));
#4790 = ORIENTED_EDGE('',*,*,#4791,.F.);
#4791 = EDGE_CURVE('',#3210,#4792,#4794,.T.);
#4792 = VERTEX_POINT('',#4793);
#4793 = CARTESIAN_POINT('',(2.4,0.455,0.525));
#4794 = LINE('',#4795,#4796);
#4795 = CARTESIAN_POINT('',(2.1,0.455,0.525));
#4796 = VECTOR('',#4797,1.);
#4797 = DIRECTION('',(1.,1.110223024625E-16,0.));
#4798 = ORIENTED_EDGE('',*,*,#3209,.T.);
#4799 = ORIENTED_EDGE('',*,*,#4800,.T.);
#4800 = EDGE_CURVE('',#3202,#4801,#4803,.T.);
#4801 = VERTEX_POINT('',#4802);
#4802 = CARTESIAN_POINT('',(2.4,0.195,0.525));
#4803 = LINE('',#4804,#4805);
#4804 = CARTESIAN_POINT('',(2.1,0.195,0.525));
#4805 = VECTOR('',#4806,1.);
#4806 = DIRECTION('',(1.,1.110223024625E-16,0.));
#4807 = ORIENTED_EDGE('',*,*,#4808,.F.);
#4808 = EDGE_CURVE('',#4792,#4801,#4809,.T.);
#4809 = LINE('',#4810,#4811);
#4810 = CARTESIAN_POINT('',(2.4,0.455,0.525));
#4811 = VECTOR('',#4812,1.);
#4812 = DIRECTION('',(1.110223024625E-16,-1.,0.));
#4813 = PLANE('',#4814);
#4814 = AXIS2_PLACEMENT_3D('',#4815,#4816,#4817);
#4815 = CARTESIAN_POINT('',(2.1,0.455,0.525));
#4816 = DIRECTION('',(0.,0.,1.));
#4817 = DIRECTION('',(1.,1.110223024625E-16,-0.));
#4818 = ADVANCED_FACE('',(#4819),#4844,.F.);
#4819 = FACE_BOUND('',#4820,.F.);
#4820 = EDGE_LOOP('',(#4821,#4829,#4830,#4838));
#4821 = ORIENTED_EDGE('',*,*,#4822,.F.);
#4822 = EDGE_CURVE('',#3202,#4823,#4825,.T.);
#4823 = VERTEX_POINT('',#4824);
#4824 = CARTESIAN_POINT('',(2.2,0.195,0.675));
#4825 = LINE('',#4826,#4827);
#4826 = CARTESIAN_POINT('',(2.2,0.195,0.496427282854));
#4827 = VECTOR('',#4828,1.);
#4828 = DIRECTION('',(0.,0.,1.));
#4829 = ORIENTED_EDGE('',*,*,#3201,.T.);
#4830 = ORIENTED_EDGE('',*,*,#4831,.T.);
#4831 = EDGE_CURVE('',#3194,#4832,#4834,.T.);
#4832 = VERTEX_POINT('',#4833);
#4833 = CARTESIAN_POINT('',(2.2,-0.195,0.675));
#4834 = LINE('',#4835,#4836);
#4835 = CARTESIAN_POINT('',(2.2,-0.195,0.496427282854));
#4836 = VECTOR('',#4837,1.);
#4837 = DIRECTION('',(0.,0.,1.));
#4838 = ORIENTED_EDGE('',*,*,#4839,.F.);
#4839 = EDGE_CURVE('',#4823,#4832,#4840,.T.);
#4840 = LINE('',#4841,#4842);
#4841 = CARTESIAN_POINT('',(2.2,4.65,0.675));
#4842 = VECTOR('',#4843,1.);
#4843 = DIRECTION('',(1.110223024625E-16,-1.,0.));
#4844 = PLANE('',#4845);
#4845 = AXIS2_PLACEMENT_3D('',#4846,#4847,#4848);
#4846 = CARTESIAN_POINT('',(2.2,4.65,0.675));
#4847 = DIRECTION('',(-1.,-1.110223024625E-16,0.));
#4848 = DIRECTION('',(1.110223024625E-16,-1.,0.));
#4849 = ADVANCED_FACE('',(#4850),#4875,.F.);
#4850 = FACE_BOUND('',#4851,.F.);
#4851 = EDGE_LOOP('',(#4852,#4860,#4861,#4869));
#4852 = ORIENTED_EDGE('',*,*,#4853,.F.);
#4853 = EDGE_CURVE('',#3194,#4854,#4856,.T.);
#4854 = VERTEX_POINT('',#4855);
#4855 = CARTESIAN_POINT('',(2.4,-0.195,0.525));
#4856 = LINE('',#4857,#4858);
#4857 = CARTESIAN_POINT('',(2.1,-0.195,0.525));
#4858 = VECTOR('',#4859,1.);
#4859 = DIRECTION('',(1.,1.110223024625E-16,0.));
#4860 = ORIENTED_EDGE('',*,*,#3193,.T.);
#4861 = ORIENTED_EDGE('',*,*,#4862,.T.);
#4862 = EDGE_CURVE('',#3186,#4863,#4865,.T.);
#4863 = VERTEX_POINT('',#4864);
#4864 = CARTESIAN_POINT('',(2.4,-0.455,0.525));
#4865 = LINE('',#4866,#4867);
#4866 = CARTESIAN_POINT('',(2.1,-0.455,0.525));
#4867 = VECTOR('',#4868,1.);
#4868 = DIRECTION('',(1.,1.110223024625E-16,0.));
#4869 = ORIENTED_EDGE('',*,*,#4870,.F.);
#4870 = EDGE_CURVE('',#4854,#4863,#4871,.T.);
#4871 = LINE('',#4872,#4873);
#4872 = CARTESIAN_POINT('',(2.4,-0.195,0.525));
#4873 = VECTOR('',#4874,1.);
#4874 = DIRECTION('',(1.110223024625E-16,-1.,0.));
#4875 = PLANE('',#4876);
#4876 = AXIS2_PLACEMENT_3D('',#4877,#4878,#4879);
#4877 = CARTESIAN_POINT('',(2.1,-0.195,0.525));
#4878 = DIRECTION('',(0.,0.,1.));
#4879 = DIRECTION('',(1.,1.110223024625E-16,-0.));
#4880 = ADVANCED_FACE('',(#4881),#4906,.F.);
#4881 = FACE_BOUND('',#4882,.F.);
#4882 = EDGE_LOOP('',(#4883,#4891,#4892,#4900));
#4883 = ORIENTED_EDGE('',*,*,#4884,.F.);
#4884 = EDGE_CURVE('',#3186,#4885,#4887,.T.);
#4885 = VERTEX_POINT('',#4886);
#4886 = CARTESIAN_POINT('',(2.2,-0.455,0.675));
#4887 = LINE('',#4888,#4889);
#4888 = CARTESIAN_POINT('',(2.2,-0.455,0.496427282854));
#4889 = VECTOR('',#4890,1.);
#4890 = DIRECTION('',(0.,0.,1.));
#4891 = ORIENTED_EDGE('',*,*,#3185,.T.);
#4892 = ORIENTED_EDGE('',*,*,#4893,.T.);
#4893 = EDGE_CURVE('',#3178,#4894,#4896,.T.);
#4894 = VERTEX_POINT('',#4895);
#4895 = CARTESIAN_POINT('',(2.2,-0.845,0.675));
#4896 = LINE('',#4897,#4898);
#4897 = CARTESIAN_POINT('',(2.2,-0.845,0.496427282854));
#4898 = VECTOR('',#4899,1.);
#4899 = DIRECTION('',(0.,0.,1.));
#4900 = ORIENTED_EDGE('',*,*,#4901,.F.);
#4901 = EDGE_CURVE('',#4885,#4894,#4902,.T.);
#4902 = LINE('',#4903,#4904);
#4903 = CARTESIAN_POINT('',(2.2,4.65,0.675));
#4904 = VECTOR('',#4905,1.);
#4905 = DIRECTION('',(1.110223024625E-16,-1.,0.));
#4906 = PLANE('',#4907);
#4907 = AXIS2_PLACEMENT_3D('',#4908,#4909,#4910);
#4908 = CARTESIAN_POINT('',(2.2,4.65,0.675));
#4909 = DIRECTION('',(-1.,-1.110223024625E-16,0.));
#4910 = DIRECTION('',(1.110223024625E-16,-1.,0.));
#4911 = ADVANCED_FACE('',(#4912),#4937,.F.);
#4912 = FACE_BOUND('',#4913,.F.);
#4913 = EDGE_LOOP('',(#4914,#4922,#4923,#4931));
#4914 = ORIENTED_EDGE('',*,*,#4915,.F.);
#4915 = EDGE_CURVE('',#3178,#4916,#4918,.T.);
#4916 = VERTEX_POINT('',#4917);
#4917 = CARTESIAN_POINT('',(2.4,-0.845,0.525));
#4918 = LINE('',#4919,#4920);
#4919 = CARTESIAN_POINT('',(2.1,-0.845,0.525));
#4920 = VECTOR('',#4921,1.);
#4921 = DIRECTION('',(1.,1.110223024625E-16,0.));
#4922 = ORIENTED_EDGE('',*,*,#3177,.T.);
#4923 = ORIENTED_EDGE('',*,*,#4924,.T.);
#4924 = EDGE_CURVE('',#3170,#4925,#4927,.T.);
#4925 = VERTEX_POINT('',#4926);
#4926 = CARTESIAN_POINT('',(2.4,-1.105,0.525));
#4927 = LINE('',#4928,#4929);
#4928 = CARTESIAN_POINT('',(2.1,-1.105,0.525));
#4929 = VECTOR('',#4930,1.);
#4930 = DIRECTION('',(1.,1.110223024625E-16,0.));
#4931 = ORIENTED_EDGE('',*,*,#4932,.F.);
#4932 = EDGE_CURVE('',#4916,#4925,#4933,.T.);
#4933 = LINE('',#4934,#4935);
#4934 = CARTESIAN_POINT('',(2.4,-0.845,0.525));
#4935 = VECTOR('',#4936,1.);
#4936 = DIRECTION('',(1.110223024625E-16,-1.,0.));
#4937 = PLANE('',#4938);
#4938 = AXIS2_PLACEMENT_3D('',#4939,#4940,#4941);
#4939 = CARTESIAN_POINT('',(2.1,-0.845,0.525));
#4940 = DIRECTION('',(0.,0.,1.));
#4941 = DIRECTION('',(1.,1.110223024625E-16,-0.));
#4942 = ADVANCED_FACE('',(#4943),#4968,.F.);
#4943 = FACE_BOUND('',#4944,.F.);
#4944 = EDGE_LOOP('',(#4945,#4953,#4954,#4962));
#4945 = ORIENTED_EDGE('',*,*,#4946,.F.);
#4946 = EDGE_CURVE('',#3170,#4947,#4949,.T.);
#4947 = VERTEX_POINT('',#4948);
#4948 = CARTESIAN_POINT('',(2.2,-1.105,0.675));
#4949 = LINE('',#4950,#4951);
#4950 = CARTESIAN_POINT('',(2.2,-1.105,0.496427282854));
#4951 = VECTOR('',#4952,1.);
#4952 = DIRECTION('',(0.,0.,1.));
#4953 = ORIENTED_EDGE('',*,*,#3169,.T.);
#4954 = ORIENTED_EDGE('',*,*,#4955,.T.);
#4955 = EDGE_CURVE('',#3162,#4956,#4958,.T.);
#4956 = VERTEX_POINT('',#4957);
#4957 = CARTESIAN_POINT('',(2.2,-1.495,0.675));
#4958 = LINE('',#4959,#4960);
#4959 = CARTESIAN_POINT('',(2.2,-1.495,0.496427282854));
#4960 = VECTOR('',#4961,1.);
#4961 = DIRECTION('',(0.,0.,1.));
#4962 = ORIENTED_EDGE('',*,*,#4963,.F.);
#4963 = EDGE_CURVE('',#4947,#4956,#4964,.T.);
#4964 = LINE('',#4965,#4966);
#4965 = CARTESIAN_POINT('',(2.2,4.65,0.675));
#4966 = VECTOR('',#4967,1.);
#4967 = DIRECTION('',(1.110223024625E-16,-1.,0.));
#4968 = PLANE('',#4969);
#4969 = AXIS2_PLACEMENT_3D('',#4970,#4971,#4972);
#4970 = CARTESIAN_POINT('',(2.2,4.65,0.675));
#4971 = DIRECTION('',(-1.,-1.110223024625E-16,0.));
#4972 = DIRECTION('',(1.110223024625E-16,-1.,0.));
#4973 = ADVANCED_FACE('',(#4974),#4999,.F.);
#4974 = FACE_BOUND('',#4975,.F.);
#4975 = EDGE_LOOP('',(#4976,#4984,#4985,#4993));
#4976 = ORIENTED_EDGE('',*,*,#4977,.F.);
#4977 = EDGE_CURVE('',#3162,#4978,#4980,.T.);
#4978 = VERTEX_POINT('',#4979);
#4979 = CARTESIAN_POINT('',(2.4,-1.495,0.525));
#4980 = LINE('',#4981,#4982);
#4981 = CARTESIAN_POINT('',(2.1,-1.495,0.525));
#4982 = VECTOR('',#4983,1.);
#4983 = DIRECTION('',(1.,1.110223024625E-16,0.));
#4984 = ORIENTED_EDGE('',*,*,#3161,.T.);
#4985 = ORIENTED_EDGE('',*,*,#4986,.T.);
#4986 = EDGE_CURVE('',#3154,#4987,#4989,.T.);
#4987 = VERTEX_POINT('',#4988);
#4988 = CARTESIAN_POINT('',(2.4,-1.755,0.525));
#4989 = LINE('',#4990,#4991);
#4990 = CARTESIAN_POINT('',(2.1,-1.755,0.525));
#4991 = VECTOR('',#4992,1.);
#4992 = DIRECTION('',(1.,1.110223024625E-16,0.));
#4993 = ORIENTED_EDGE('',*,*,#4994,.F.);
#4994 = EDGE_CURVE('',#4978,#4987,#4995,.T.);
#4995 = LINE('',#4996,#4997);
#4996 = CARTESIAN_POINT('',(2.4,-1.495,0.525));
#4997 = VECTOR('',#4998,1.);
#4998 = DIRECTION('',(1.110223024625E-16,-1.,0.));
#4999 = PLANE('',#5000);
#5000 = AXIS2_PLACEMENT_3D('',#5001,#5002,#5003);
#5001 = CARTESIAN_POINT('',(2.1,-1.495,0.525));
#5002 = DIRECTION('',(0.,0.,1.));
#5003 = DIRECTION('',(1.,1.110223024625E-16,-0.));
#5004 = ADVANCED_FACE('',(#5005),#5030,.F.);
#5005 = FACE_BOUND('',#5006,.F.);
#5006 = EDGE_LOOP('',(#5007,#5015,#5016,#5024));
#5007 = ORIENTED_EDGE('',*,*,#5008,.F.);
#5008 = EDGE_CURVE('',#3154,#5009,#5011,.T.);
#5009 = VERTEX_POINT('',#5010);
#5010 = CARTESIAN_POINT('',(2.2,-1.755,0.675));
#5011 = LINE('',#5012,#5013);
#5012 = CARTESIAN_POINT('',(2.2,-1.755,0.496427282854));
#5013 = VECTOR('',#5014,1.);
#5014 = DIRECTION('',(0.,0.,1.));
#5015 = ORIENTED_EDGE('',*,*,#3153,.T.);
#5016 = ORIENTED_EDGE('',*,*,#5017,.T.);
#5017 = EDGE_CURVE('',#3146,#5018,#5020,.T.);
#5018 = VERTEX_POINT('',#5019);
#5019 = CARTESIAN_POINT('',(2.2,-2.145,0.675));
#5020 = LINE('',#5021,#5022);
#5021 = CARTESIAN_POINT('',(2.2,-2.145,0.496427282854));
#5022 = VECTOR('',#5023,1.);
#5023 = DIRECTION('',(0.,0.,1.));
#5024 = ORIENTED_EDGE('',*,*,#5025,.F.);
#5025 = EDGE_CURVE('',#5009,#5018,#5026,.T.);
#5026 = LINE('',#5027,#5028);
#5027 = CARTESIAN_POINT('',(2.2,4.65,0.675));
#5028 = VECTOR('',#5029,1.);
#5029 = DIRECTION('',(1.110223024625E-16,-1.,0.));
#5030 = PLANE('',#5031);
#5031 = AXIS2_PLACEMENT_3D('',#5032,#5033,#5034);
#5032 = CARTESIAN_POINT('',(2.2,4.65,0.675));
#5033 = DIRECTION('',(-1.,-1.110223024625E-16,0.));
#5034 = DIRECTION('',(1.110223024625E-16,-1.,0.));
#5035 = ADVANCED_FACE('',(#5036),#5061,.F.);
#5036 = FACE_BOUND('',#5037,.F.);
#5037 = EDGE_LOOP('',(#5038,#5046,#5047,#5055));
#5038 = ORIENTED_EDGE('',*,*,#5039,.F.);
#5039 = EDGE_CURVE('',#3146,#5040,#5042,.T.);
#5040 = VERTEX_POINT('',#5041);
#5041 = CARTESIAN_POINT('',(2.4,-2.145,0.525));
#5042 = LINE('',#5043,#5044);
#5043 = CARTESIAN_POINT('',(2.1,-2.145,0.525));
#5044 = VECTOR('',#5045,1.);
#5045 = DIRECTION('',(1.,1.110223024625E-16,0.));
#5046 = ORIENTED_EDGE('',*,*,#3145,.T.);
#5047 = ORIENTED_EDGE('',*,*,#5048,.T.);
#5048 = EDGE_CURVE('',#3138,#5049,#5051,.T.);
#5049 = VERTEX_POINT('',#5050);
#5050 = CARTESIAN_POINT('',(2.4,-2.405,0.525));
#5051 = LINE('',#5052,#5053);
#5052 = CARTESIAN_POINT('',(2.1,-2.405,0.525));
#5053 = VECTOR('',#5054,1.);
#5054 = DIRECTION('',(1.,1.110223024625E-16,0.));
#5055 = ORIENTED_EDGE('',*,*,#5056,.F.);
#5056 = EDGE_CURVE('',#5040,#5049,#5057,.T.);
#5057 = LINE('',#5058,#5059);
#5058 = CARTESIAN_POINT('',(2.4,-2.145,0.525));
#5059 = VECTOR('',#5060,1.);
#5060 = DIRECTION('',(1.110223024625E-16,-1.,0.));
#5061 = PLANE('',#5062);
#5062 = AXIS2_PLACEMENT_3D('',#5063,#5064,#5065);
#5063 = CARTESIAN_POINT('',(2.1,-2.145,0.525));
#5064 = DIRECTION('',(0.,0.,1.));
#5065 = DIRECTION('',(1.,1.110223024625E-16,-0.));
#5066 = ADVANCED_FACE('',(#5067),#5092,.F.);
#5067 = FACE_BOUND('',#5068,.F.);
#5068 = EDGE_LOOP('',(#5069,#5077,#5078,#5086));
#5069 = ORIENTED_EDGE('',*,*,#5070,.F.);
#5070 = EDGE_CURVE('',#3138,#5071,#5073,.T.);
#5071 = VERTEX_POINT('',#5072);
#5072 = CARTESIAN_POINT('',(2.2,-2.405,0.675));
#5073 = LINE('',#5074,#5075);
#5074 = CARTESIAN_POINT('',(2.2,-2.405,0.496427282854));
#5075 = VECTOR('',#5076,1.);
#5076 = DIRECTION('',(0.,0.,1.));
#5077 = ORIENTED_EDGE('',*,*,#3137,.T.);
#5078 = ORIENTED_EDGE('',*,*,#5079,.T.);
#5079 = EDGE_CURVE('',#3130,#5080,#5082,.T.);
#5080 = VERTEX_POINT('',#5081);
#5081 = CARTESIAN_POINT('',(2.2,-2.795,0.675));
#5082 = LINE('',#5083,#5084);
#5083 = CARTESIAN_POINT('',(2.2,-2.795,0.496427282854));
#5084 = VECTOR('',#5085,1.);
#5085 = DIRECTION('',(0.,0.,1.));
#5086 = ORIENTED_EDGE('',*,*,#5087,.F.);
#5087 = EDGE_CURVE('',#5071,#5080,#5088,.T.);
#5088 = LINE('',#5089,#5090);
#5089 = CARTESIAN_POINT('',(2.2,4.65,0.675));
#5090 = VECTOR('',#5091,1.);
#5091 = DIRECTION('',(1.110223024625E-16,-1.,0.));
#5092 = PLANE('',#5093);
#5093 = AXIS2_PLACEMENT_3D('',#5094,#5095,#5096);
#5094 = CARTESIAN_POINT('',(2.2,4.65,0.675));
#5095 = DIRECTION('',(-1.,-1.110223024625E-16,0.));
#5096 = DIRECTION('',(1.110223024625E-16,-1.,0.));
#5097 = ADVANCED_FACE('',(#5098),#5123,.F.);
#5098 = FACE_BOUND('',#5099,.F.);
#5099 = EDGE_LOOP('',(#5100,#5108,#5109,#5117));
#5100 = ORIENTED_EDGE('',*,*,#5101,.F.);
#5101 = EDGE_CURVE('',#3130,#5102,#5104,.T.);
#5102 = VERTEX_POINT('',#5103);
#5103 = CARTESIAN_POINT('',(2.4,-2.795,0.525));
#5104 = LINE('',#5105,#5106);
#5105 = CARTESIAN_POINT('',(2.1,-2.795,0.525));
#5106 = VECTOR('',#5107,1.);
#5107 = DIRECTION('',(1.,1.110223024625E-16,0.));
#5108 = ORIENTED_EDGE('',*,*,#3129,.T.);
#5109 = ORIENTED_EDGE('',*,*,#5110,.T.);
#5110 = EDGE_CURVE('',#3122,#5111,#5113,.T.);
#5111 = VERTEX_POINT('',#5112);
#5112 = CARTESIAN_POINT('',(2.4,-3.055,0.525));
#5113 = LINE('',#5114,#5115);
#5114 = CARTESIAN_POINT('',(2.1,-3.055,0.525));
#5115 = VECTOR('',#5116,1.);
#5116 = DIRECTION('',(1.,1.110223024625E-16,0.));
#5117 = ORIENTED_EDGE('',*,*,#5118,.F.);
#5118 = EDGE_CURVE('',#5102,#5111,#5119,.T.);
#5119 = LINE('',#5120,#5121);
#5120 = CARTESIAN_POINT('',(2.4,-2.795,0.525));
#5121 = VECTOR('',#5122,1.);
#5122 = DIRECTION('',(1.110223024625E-16,-1.,0.));
#5123 = PLANE('',#5124);
#5124 = AXIS2_PLACEMENT_3D('',#5125,#5126,#5127);
#5125 = CARTESIAN_POINT('',(2.1,-2.795,0.525));
#5126 = DIRECTION('',(0.,0.,1.));
#5127 = DIRECTION('',(1.,1.110223024625E-16,-0.));
#5128 = ADVANCED_FACE('',(#5129),#5154,.F.);
#5129 = FACE_BOUND('',#5130,.F.);
#5130 = EDGE_LOOP('',(#5131,#5139,#5140,#5148));
#5131 = ORIENTED_EDGE('',*,*,#5132,.F.);
#5132 = EDGE_CURVE('',#3122,#5133,#5135,.T.);
#5133 = VERTEX_POINT('',#5134);
#5134 = CARTESIAN_POINT('',(2.2,-3.055,0.675));
#5135 = LINE('',#5136,#5137);
#5136 = CARTESIAN_POINT('',(2.2,-3.055,0.496427282854));
#5137 = VECTOR('',#5138,1.);
#5138 = DIRECTION('',(0.,0.,1.));
#5139 = ORIENTED_EDGE('',*,*,#3121,.T.);
#5140 = ORIENTED_EDGE('',*,*,#5141,.T.);
#5141 = EDGE_CURVE('',#3114,#5142,#5144,.T.);
#5142 = VERTEX_POINT('',#5143);
#5143 = CARTESIAN_POINT('',(2.2,-3.445,0.675));
#5144 = LINE('',#5145,#5146);
#5145 = CARTESIAN_POINT('',(2.2,-3.445,0.496427282854));
#5146 = VECTOR('',#5147,1.);
#5147 = DIRECTION('',(0.,0.,1.));
#5148 = ORIENTED_EDGE('',*,*,#5149,.F.);
#5149 = EDGE_CURVE('',#5133,#5142,#5150,.T.);
#5150 = LINE('',#5151,#5152);
#5151 = CARTESIAN_POINT('',(2.2,4.65,0.675));
#5152 = VECTOR('',#5153,1.);
#5153 = DIRECTION('',(1.110223024625E-16,-1.,0.));
#5154 = PLANE('',#5155);
#5155 = AXIS2_PLACEMENT_3D('',#5156,#5157,#5158);
#5156 = CARTESIAN_POINT('',(2.2,4.65,0.675));
#5157 = DIRECTION('',(-1.,-1.110223024625E-16,0.));
#5158 = DIRECTION('',(1.110223024625E-16,-1.,0.));
#5159 = ADVANCED_FACE('',(#5160),#5185,.F.);
#5160 = FACE_BOUND('',#5161,.F.);
#5161 = EDGE_LOOP('',(#5162,#5170,#5171,#5179));
#5162 = ORIENTED_EDGE('',*,*,#5163,.F.);
#5163 = EDGE_CURVE('',#3114,#5164,#5166,.T.);
#5164 = VERTEX_POINT('',#5165);
#5165 = CARTESIAN_POINT('',(2.4,-3.445,0.525));
#5166 = LINE('',#5167,#5168);
#5167 = CARTESIAN_POINT('',(2.1,-3.445,0.525));
#5168 = VECTOR('',#5169,1.);
#5169 = DIRECTION('',(1.,1.110223024625E-16,0.));
#5170 = ORIENTED_EDGE('',*,*,#3113,.T.);
#5171 = ORIENTED_EDGE('',*,*,#5172,.T.);
#5172 = EDGE_CURVE('',#3106,#5173,#5175,.T.);
#5173 = VERTEX_POINT('',#5174);
#5174 = CARTESIAN_POINT('',(2.4,-3.705,0.525));
#5175 = LINE('',#5176,#5177);
#5176 = CARTESIAN_POINT('',(2.1,-3.705,0.525));
#5177 = VECTOR('',#5178,1.);
#5178 = DIRECTION('',(1.,1.110223024625E-16,0.));
#5179 = ORIENTED_EDGE('',*,*,#5180,.F.);
#5180 = EDGE_CURVE('',#5164,#5173,#5181,.T.);
#5181 = LINE('',#5182,#5183);
#5182 = CARTESIAN_POINT('',(2.4,-3.445,0.525));
#5183 = VECTOR('',#5184,1.);
#5184 = DIRECTION('',(1.110223024625E-16,-1.,0.));
#5185 = PLANE('',#5186);
#5186 = AXIS2_PLACEMENT_3D('',#5187,#5188,#5189);
#5187 = CARTESIAN_POINT('',(2.1,-3.445,0.525));
#5188 = DIRECTION('',(0.,0.,1.));
#5189 = DIRECTION('',(1.,1.110223024625E-16,-0.));
#5190 = ADVANCED_FACE('',(#5191),#5216,.F.);
#5191 = FACE_BOUND('',#5192,.F.);
#5192 = EDGE_LOOP('',(#5193,#5201,#5202,#5210));
#5193 = ORIENTED_EDGE('',*,*,#5194,.F.);
#5194 = EDGE_CURVE('',#3106,#5195,#5197,.T.);
#5195 = VERTEX_POINT('',#5196);
#5196 = CARTESIAN_POINT('',(2.2,-3.705,0.675));
#5197 = LINE('',#5198,#5199);
#5198 = CARTESIAN_POINT('',(2.2,-3.705,0.496427282854));
#5199 = VECTOR('',#5200,1.);
#5200 = DIRECTION('',(0.,0.,1.));
#5201 = ORIENTED_EDGE('',*,*,#3105,.T.);
#5202 = ORIENTED_EDGE('',*,*,#5203,.T.);
#5203 = EDGE_CURVE('',#3098,#5204,#5206,.T.);
#5204 = VERTEX_POINT('',#5205);
#5205 = CARTESIAN_POINT('',(2.2,-4.095,0.675));
#5206 = LINE('',#5207,#5208);
#5207 = CARTESIAN_POINT('',(2.2,-4.095,0.496427282854));
#5208 = VECTOR('',#5209,1.);
#5209 = DIRECTION('',(0.,0.,1.));
#5210 = ORIENTED_EDGE('',*,*,#5211,.F.);
#5211 = EDGE_CURVE('',#5195,#5204,#5212,.T.);
#5212 = LINE('',#5213,#5214);
#5213 = CARTESIAN_POINT('',(2.2,4.65,0.675));
#5214 = VECTOR('',#5215,1.);
#5215 = DIRECTION('',(1.110223024625E-16,-1.,0.));
#5216 = PLANE('',#5217);
#5217 = AXIS2_PLACEMENT_3D('',#5218,#5219,#5220);
#5218 = CARTESIAN_POINT('',(2.2,4.65,0.675));
#5219 = DIRECTION('',(-1.,-1.110223024625E-16,0.));
#5220 = DIRECTION('',(1.110223024625E-16,-1.,0.));
#5221 = ADVANCED_FACE('',(#5222),#5247,.F.);
#5222 = FACE_BOUND('',#5223,.F.);
#5223 = EDGE_LOOP('',(#5224,#5232,#5233,#5241));
#5224 = ORIENTED_EDGE('',*,*,#5225,.F.);
#5225 = EDGE_CURVE('',#3098,#5226,#5228,.T.);
#5226 = VERTEX_POINT('',#5227);
#5227 = CARTESIAN_POINT('',(2.4,-4.095,0.525));
#5228 = LINE('',#5229,#5230);
#5229 = CARTESIAN_POINT('',(2.1,-4.095,0.525));
#5230 = VECTOR('',#5231,1.);
#5231 = DIRECTION('',(1.,1.110223024625E-16,0.));
#5232 = ORIENTED_EDGE('',*,*,#3097,.T.);
#5233 = ORIENTED_EDGE('',*,*,#5234,.T.);
#5234 = EDGE_CURVE('',#3090,#5235,#5237,.T.);
#5235 = VERTEX_POINT('',#5236);
#5236 = CARTESIAN_POINT('',(2.4,-4.355,0.525));
#5237 = LINE('',#5238,#5239);
#5238 = CARTESIAN_POINT('',(2.1,-4.355,0.525));
#5239 = VECTOR('',#5240,1.);
#5240 = DIRECTION('',(1.,1.110223024625E-16,0.));
#5241 = ORIENTED_EDGE('',*,*,#5242,.F.);
#5242 = EDGE_CURVE('',#5226,#5235,#5243,.T.);
#5243 = LINE('',#5244,#5245);
#5244 = CARTESIAN_POINT('',(2.4,-4.095,0.525));
#5245 = VECTOR('',#5246,1.);
#5246 = DIRECTION('',(1.110223024625E-16,-1.,0.));
#5247 = PLANE('',#5248);
#5248 = AXIS2_PLACEMENT_3D('',#5249,#5250,#5251);
#5249 = CARTESIAN_POINT('',(2.1,-4.095,0.525));
#5250 = DIRECTION('',(0.,0.,1.));
#5251 = DIRECTION('',(1.,1.110223024625E-16,-0.));
#5252 = ADVANCED_FACE('',(#5253),#5277,.F.);
#5253 = FACE_BOUND('',#5254,.F.);
#5254 = EDGE_LOOP('',(#5255,#5263,#5264,#5271));
#5255 = ORIENTED_EDGE('',*,*,#5256,.F.);
#5256 = EDGE_CURVE('',#3090,#5257,#5259,.T.);
#5257 = VERTEX_POINT('',#5258);
#5258 = CARTESIAN_POINT('',(2.2,-4.355,0.675));
#5259 = LINE('',#5260,#5261);
#5260 = CARTESIAN_POINT('',(2.2,-4.355,0.496427282854));
#5261 = VECTOR('',#5262,1.);
#5262 = DIRECTION('',(0.,0.,1.));
#5263 = ORIENTED_EDGE('',*,*,#3089,.T.);
#5264 = ORIENTED_EDGE('',*,*,#5265,.T.);
#5265 = EDGE_CURVE('',#3083,#5266,#5268,.T.);
#5266 = VERTEX_POINT('',#5267);
#5267 = CARTESIAN_POINT('',(2.2,-4.65,0.675));
#5268 = B_SPLINE_CURVE_WITH_KNOTS('',1,(#5269,#5270),.UNSPECIFIED.,.F.,
  .F.,(2,2),(0.,1.),.PIECEWISE_BEZIER_KNOTS.);
#5269 = CARTESIAN_POINT('',(2.2,-4.65,0.525));
#5270 = CARTESIAN_POINT('',(2.2,-4.65,0.675));
#5271 = ORIENTED_EDGE('',*,*,#5272,.F.);
#5272 = EDGE_CURVE('',#5257,#5266,#5273,.T.);
#5273 = LINE('',#5274,#5275);
#5274 = CARTESIAN_POINT('',(2.2,4.65,0.675));
#5275 = VECTOR('',#5276,1.);
#5276 = DIRECTION('',(1.110223024625E-16,-1.,0.));
#5277 = PLANE('',#5278);
#5278 = AXIS2_PLACEMENT_3D('',#5279,#5280,#5281);
#5279 = CARTESIAN_POINT('',(2.2,4.65,0.675));
#5280 = DIRECTION('',(-1.,-1.110223024625E-16,0.));
#5281 = DIRECTION('',(1.110223024625E-16,-1.,0.));
#5282 = ADVANCED_FACE('',(#5283),#5300,.F.);
#5283 = FACE_BOUND('',#5284,.F.);
#5284 = EDGE_LOOP('',(#5285,#5286,#5287,#5295));
#5285 = ORIENTED_EDGE('',*,*,#3330,.T.);
#5286 = ORIENTED_EDGE('',*,*,#3518,.T.);
#5287 = ORIENTED_EDGE('',*,*,#5288,.F.);
#5288 = EDGE_CURVE('',#5289,#3519,#5291,.T.);
#5289 = VERTEX_POINT('',#5290);
#5290 = CARTESIAN_POINT('',(-2.,-4.85,0.675));
#5291 = LINE('',#5292,#5293);
#5292 = CARTESIAN_POINT('',(-2.,-4.85,0.675));
#5293 = VECTOR('',#5294,1.);
#5294 = DIRECTION('',(-0.707106781187,0.707106781187,0.));
#5295 = ORIENTED_EDGE('',*,*,#5296,.F.);
#5296 = EDGE_CURVE('',#3331,#5289,#5297,.T.);
#5297 = B_SPLINE_CURVE_WITH_KNOTS('',1,(#5298,#5299),.UNSPECIFIED.,.F.,
  .F.,(2,2),(0.,1.),.PIECEWISE_BEZIER_KNOTS.);
#5298 = CARTESIAN_POINT('',(-2.,-4.85,0.525));
#5299 = CARTESIAN_POINT('',(-2.,-4.85,0.675));
#5300 = PLANE('',#5301);
#5301 = AXIS2_PLACEMENT_3D('',#5302,#5303,#5304);
#5302 = CARTESIAN_POINT('',(-2.,-4.85,0.675));
#5303 = DIRECTION('',(0.707106781187,0.707106781187,0.));
#5304 = DIRECTION('',(-0.707106781187,0.707106781187,0.));
#5305 = ADVANCED_FACE('',(#5306),#5323,.F.);
#5306 = FACE_BOUND('',#5307,.F.);
#5307 = EDGE_LOOP('',(#5308,#5309,#5316,#5322));
#5308 = ORIENTED_EDGE('',*,*,#3359,.T.);
#5309 = ORIENTED_EDGE('',*,*,#5310,.T.);
#5310 = EDGE_CURVE('',#3353,#5311,#5313,.T.);
#5311 = VERTEX_POINT('',#5312);
#5312 = CARTESIAN_POINT('',(2.,-4.85,0.675));
#5313 = B_SPLINE_CURVE_WITH_KNOTS('',1,(#5314,#5315),.UNSPECIFIED.,.F.,
  .F.,(2,2),(0.,1.),.PIECEWISE_BEZIER_KNOTS.);
#5314 = CARTESIAN_POINT('',(2.,-4.85,0.525));
#5315 = CARTESIAN_POINT('',(2.,-4.85,0.675));
#5316 = ORIENTED_EDGE('',*,*,#5317,.F.);
#5317 = EDGE_CURVE('',#5266,#5311,#5318,.T.);
#5318 = LINE('',#5319,#5320);
#5319 = CARTESIAN_POINT('',(2.2,-4.65,0.675));
#5320 = VECTOR('',#5321,1.);
#5321 = DIRECTION('',(-0.707106781187,-0.707106781187,0.));
#5322 = ORIENTED_EDGE('',*,*,#5265,.F.);
#5323 = PLANE('',#5324);
#5324 = AXIS2_PLACEMENT_3D('',#5325,#5326,#5327);
#5325 = CARTESIAN_POINT('',(2.2,-4.65,0.675));
#5326 = DIRECTION('',(-0.707106781187,0.707106781187,0.));
#5327 = DIRECTION('',(-0.707106781187,-0.707106781187,0.));
#5328 = ADVANCED_FACE('',(#5329),#5340,.F.);
#5329 = FACE_BOUND('',#5330,.F.);
#5330 = EDGE_LOOP('',(#5331,#5332,#5333,#5339));
#5331 = ORIENTED_EDGE('',*,*,#3376,.T.);
#5332 = ORIENTED_EDGE('',*,*,#5296,.T.);
#5333 = ORIENTED_EDGE('',*,*,#5334,.F.);
#5334 = EDGE_CURVE('',#5311,#5289,#5335,.T.);
#5335 = LINE('',#5336,#5337);
#5336 = CARTESIAN_POINT('',(2.,-4.85,0.675));
#5337 = VECTOR('',#5338,1.);
#5338 = DIRECTION('',(-1.,-1.110223024625E-16,0.));
#5339 = ORIENTED_EDGE('',*,*,#5310,.F.);
#5340 = PLANE('',#5341);
#5341 = AXIS2_PLACEMENT_3D('',#5342,#5343,#5344);
#5342 = CARTESIAN_POINT('',(2.,-4.85,0.675));
#5343 = DIRECTION('',(-1.110223024625E-16,1.,0.));
#5344 = DIRECTION('',(-1.,-1.110223024625E-16,0.));
#5345 = ADVANCED_FACE('',(#5346),#5385,.F.);
#5346 = FACE_BOUND('',#5347,.F.);
#5347 = EDGE_LOOP('',(#5348,#5356,#5364,#5370,#5371,#5379));
#5348 = ORIENTED_EDGE('',*,*,#5349,.F.);
#5349 = EDGE_CURVE('',#5350,#4333,#5352,.T.);
#5350 = VERTEX_POINT('',#5351);
#5351 = CARTESIAN_POINT('',(-2.4,4.095,0.675));
#5352 = LINE('',#5353,#5354);
#5353 = CARTESIAN_POINT('',(-2.4,4.095,0.675));
#5354 = VECTOR('',#5355,1.);
#5355 = DIRECTION('',(1.,-1.144237745222E-17,0.));
#5356 = ORIENTED_EDGE('',*,*,#5357,.T.);
#5357 = EDGE_CURVE('',#5350,#5358,#5360,.T.);
#5358 = VERTEX_POINT('',#5359);
#5359 = CARTESIAN_POINT('',(-2.4,4.355,0.675));
#5360 = LINE('',#5361,#5362);
#5361 = CARTESIAN_POINT('',(-2.4,4.095,0.675));
#5362 = VECTOR('',#5363,1.);
#5363 = DIRECTION('',(1.144237745222E-17,1.,0.));
#5364 = ORIENTED_EDGE('',*,*,#5365,.T.);
#5365 = EDGE_CURVE('',#5358,#3481,#5366,.T.);
#5366 = LINE('',#5367,#5368);
#5367 = CARTESIAN_POINT('',(-2.4,4.355,0.675));
#5368 = VECTOR('',#5369,1.);
#5369 = DIRECTION('',(1.,-1.144237745222E-17,0.));
#5370 = ORIENTED_EDGE('',*,*,#3480,.T.);
#5371 = ORIENTED_EDGE('',*,*,#5372,.F.);
#5372 = EDGE_CURVE('',#5373,#3473,#5375,.T.);
#5373 = VERTEX_POINT('',#5374);
#5374 = CARTESIAN_POINT('',(-2.15,4.095,0.675));
#5375 = LINE('',#5376,#5377);
#5376 = CARTESIAN_POINT('',(-2.15,-4.625,0.675));
#5377 = VECTOR('',#5378,1.);
#5378 = DIRECTION('',(-1.110223024625E-16,1.,0.));
#5379 = ORIENTED_EDGE('',*,*,#5380,.F.);
#5380 = EDGE_CURVE('',#4333,#5373,#5381,.T.);
#5381 = LINE('',#5382,#5383);
#5382 = CARTESIAN_POINT('',(-2.4,4.095,0.675));
#5383 = VECTOR('',#5384,1.);
#5384 = DIRECTION('',(1.,-1.144237745222E-17,0.));
#5385 = PLANE('',#5386);
#5386 = AXIS2_PLACEMENT_3D('',#5387,#5388,#5389);
#5387 = CARTESIAN_POINT('',(-2.4,4.095,0.675));
#5388 = DIRECTION('',(0.,0.,-1.));
#5389 = DIRECTION('',(1.,-1.144237745222E-17,0.));
#5390 = ADVANCED_FACE('',(#5391),#5631,.F.);
#5391 = FACE_BOUND('',#5392,.F.);
#5392 = EDGE_LOOP('',(#5393,#5403,#5411,#5419,#5427,#5435,#5443,#5451,
    #5459,#5467,#5475,#5483,#5491,#5499,#5507,#5515,#5523,#5531,#5539,
    #5547,#5555,#5563,#5571,#5579,#5587,#5595,#5603,#5609,#5610,#5611,
    #5618,#5626));
#5393 = ORIENTED_EDGE('',*,*,#5394,.T.);
#5394 = EDGE_CURVE('',#5395,#5397,#5399,.T.);
#5395 = VERTEX_POINT('',#5396);
#5396 = CARTESIAN_POINT('',(-2.15,-4.625,0.675));
#5397 = VERTEX_POINT('',#5398);
#5398 = CARTESIAN_POINT('',(-2.15,-4.355,0.675));
#5399 = LINE('',#5400,#5401);
#5400 = CARTESIAN_POINT('',(-2.15,-4.625,0.675));
#5401 = VECTOR('',#5402,1.);
#5402 = DIRECTION('',(-1.110223024625E-16,1.,0.));
#5403 = ORIENTED_EDGE('',*,*,#5404,.T.);
#5404 = EDGE_CURVE('',#5397,#5405,#5407,.T.);
#5405 = VERTEX_POINT('',#5406);
#5406 = CARTESIAN_POINT('',(-2.15,-4.095,0.675));
#5407 = LINE('',#5408,#5409);
#5408 = CARTESIAN_POINT('',(-2.15,-4.625,0.675));
#5409 = VECTOR('',#5410,1.);
#5410 = DIRECTION('',(-1.110223024625E-16,1.,0.));
#5411 = ORIENTED_EDGE('',*,*,#5412,.T.);
#5412 = EDGE_CURVE('',#5405,#5413,#5415,.T.);
#5413 = VERTEX_POINT('',#5414);
#5414 = CARTESIAN_POINT('',(-2.15,-3.705,0.675));
#5415 = LINE('',#5416,#5417);
#5416 = CARTESIAN_POINT('',(-2.15,-4.625,0.675));
#5417 = VECTOR('',#5418,1.);
#5418 = DIRECTION('',(-1.110223024625E-16,1.,0.));
#5419 = ORIENTED_EDGE('',*,*,#5420,.T.);
#5420 = EDGE_CURVE('',#5413,#5421,#5423,.T.);
#5421 = VERTEX_POINT('',#5422);
#5422 = CARTESIAN_POINT('',(-2.15,-3.445,0.675));
#5423 = LINE('',#5424,#5425);
#5424 = CARTESIAN_POINT('',(-2.15,-4.625,0.675));
#5425 = VECTOR('',#5426,1.);
#5426 = DIRECTION('',(-1.110223024625E-16,1.,0.));
#5427 = ORIENTED_EDGE('',*,*,#5428,.T.);
#5428 = EDGE_CURVE('',#5421,#5429,#5431,.T.);
#5429 = VERTEX_POINT('',#5430);
#5430 = CARTESIAN_POINT('',(-2.15,-3.055,0.675));
#5431 = LINE('',#5432,#5433);
#5432 = CARTESIAN_POINT('',(-2.15,-4.625,0.675));
#5433 = VECTOR('',#5434,1.);
#5434 = DIRECTION('',(-1.110223024625E-16,1.,0.));
#5435 = ORIENTED_EDGE('',*,*,#5436,.T.);
#5436 = EDGE_CURVE('',#5429,#5437,#5439,.T.);
#5437 = VERTEX_POINT('',#5438);
#5438 = CARTESIAN_POINT('',(-2.15,-2.795,0.675));
#5439 = LINE('',#5440,#5441);
#5440 = CARTESIAN_POINT('',(-2.15,-4.625,0.675));
#5441 = VECTOR('',#5442,1.);
#5442 = DIRECTION('',(-1.110223024625E-16,1.,0.));
#5443 = ORIENTED_EDGE('',*,*,#5444,.T.);
#5444 = EDGE_CURVE('',#5437,#5445,#5447,.T.);
#5445 = VERTEX_POINT('',#5446);
#5446 = CARTESIAN_POINT('',(-2.15,-2.405,0.675));
#5447 = LINE('',#5448,#5449);
#5448 = CARTESIAN_POINT('',(-2.15,-4.625,0.675));
#5449 = VECTOR('',#5450,1.);
#5450 = DIRECTION('',(-1.110223024625E-16,1.,0.));
#5451 = ORIENTED_EDGE('',*,*,#5452,.T.);
#5452 = EDGE_CURVE('',#5445,#5453,#5455,.T.);
#5453 = VERTEX_POINT('',#5454);
#5454 = CARTESIAN_POINT('',(-2.15,-2.145,0.675));
#5455 = LINE('',#5456,#5457);
#5456 = CARTESIAN_POINT('',(-2.15,-4.625,0.675));
#5457 = VECTOR('',#5458,1.);
#5458 = DIRECTION('',(-1.110223024625E-16,1.,0.));
#5459 = ORIENTED_EDGE('',*,*,#5460,.T.);
#5460 = EDGE_CURVE('',#5453,#5461,#5463,.T.);
#5461 = VERTEX_POINT('',#5462);
#5462 = CARTESIAN_POINT('',(-2.15,-1.755,0.675));
#5463 = LINE('',#5464,#5465);
#5464 = CARTESIAN_POINT('',(-2.15,-4.625,0.675));
#5465 = VECTOR('',#5466,1.);
#5466 = DIRECTION('',(-1.110223024625E-16,1.,0.));
#5467 = ORIENTED_EDGE('',*,*,#5468,.T.);
#5468 = EDGE_CURVE('',#5461,#5469,#5471,.T.);
#5469 = VERTEX_POINT('',#5470);
#5470 = CARTESIAN_POINT('',(-2.15,-1.495,0.675));
#5471 = LINE('',#5472,#5473);
#5472 = CARTESIAN_POINT('',(-2.15,-4.625,0.675));
#5473 = VECTOR('',#5474,1.);
#5474 = DIRECTION('',(-1.110223024625E-16,1.,0.));
#5475 = ORIENTED_EDGE('',*,*,#5476,.T.);
#5476 = EDGE_CURVE('',#5469,#5477,#5479,.T.);
#5477 = VERTEX_POINT('',#5478);
#5478 = CARTESIAN_POINT('',(-2.15,-1.105,0.675));
#5479 = LINE('',#5480,#5481);
#5480 = CARTESIAN_POINT('',(-2.15,-4.625,0.675));
#5481 = VECTOR('',#5482,1.);
#5482 = DIRECTION('',(-1.110223024625E-16,1.,0.));
#5483 = ORIENTED_EDGE('',*,*,#5484,.T.);
#5484 = EDGE_CURVE('',#5477,#5485,#5487,.T.);
#5485 = VERTEX_POINT('',#5486);
#5486 = CARTESIAN_POINT('',(-2.15,-0.845,0.675));
#5487 = LINE('',#5488,#5489);
#5488 = CARTESIAN_POINT('',(-2.15,-4.625,0.675));
#5489 = VECTOR('',#5490,1.);
#5490 = DIRECTION('',(-1.110223024625E-16,1.,0.));
#5491 = ORIENTED_EDGE('',*,*,#5492,.T.);
#5492 = EDGE_CURVE('',#5485,#5493,#5495,.T.);
#5493 = VERTEX_POINT('',#5494);
#5494 = CARTESIAN_POINT('',(-2.15,-0.455,0.675));
#5495 = LINE('',#5496,#5497);
#5496 = CARTESIAN_POINT('',(-2.15,-4.625,0.675));
#5497 = VECTOR('',#5498,1.);
#5498 = DIRECTION('',(-1.110223024625E-16,1.,0.));
#5499 = ORIENTED_EDGE('',*,*,#5500,.T.);
#5500 = EDGE_CURVE('',#5493,#5501,#5503,.T.);
#5501 = VERTEX_POINT('',#5502);
#5502 = CARTESIAN_POINT('',(-2.15,-0.195,0.675));
#5503 = LINE('',#5504,#5505);
#5504 = CARTESIAN_POINT('',(-2.15,-4.625,0.675));
#5505 = VECTOR('',#5506,1.);
#5506 = DIRECTION('',(-1.110223024625E-16,1.,0.));
#5507 = ORIENTED_EDGE('',*,*,#5508,.T.);
#5508 = EDGE_CURVE('',#5501,#5509,#5511,.T.);
#5509 = VERTEX_POINT('',#5510);
#5510 = CARTESIAN_POINT('',(-2.15,0.195,0.675));
#5511 = LINE('',#5512,#5513);
#5512 = CARTESIAN_POINT('',(-2.15,-4.625,0.675));
#5513 = VECTOR('',#5514,1.);
#5514 = DIRECTION('',(-1.110223024625E-16,1.,0.));
#5515 = ORIENTED_EDGE('',*,*,#5516,.T.);
#5516 = EDGE_CURVE('',#5509,#5517,#5519,.T.);
#5517 = VERTEX_POINT('',#5518);
#5518 = CARTESIAN_POINT('',(-2.15,0.455,0.675));
#5519 = LINE('',#5520,#5521);
#5520 = CARTESIAN_POINT('',(-2.15,-4.625,0.675));
#5521 = VECTOR('',#5522,1.);
#5522 = DIRECTION('',(-1.110223024625E-16,1.,0.));
#5523 = ORIENTED_EDGE('',*,*,#5524,.T.);
#5524 = EDGE_CURVE('',#5517,#5525,#5527,.T.);
#5525 = VERTEX_POINT('',#5526);
#5526 = CARTESIAN_POINT('',(-2.15,0.845,0.675));
#5527 = LINE('',#5528,#5529);
#5528 = CARTESIAN_POINT('',(-2.15,-4.625,0.675));
#5529 = VECTOR('',#5530,1.);
#5530 = DIRECTION('',(-1.110223024625E-16,1.,0.));
#5531 = ORIENTED_EDGE('',*,*,#5532,.T.);
#5532 = EDGE_CURVE('',#5525,#5533,#5535,.T.);
#5533 = VERTEX_POINT('',#5534);
#5534 = CARTESIAN_POINT('',(-2.15,1.105,0.675));
#5535 = LINE('',#5536,#5537);
#5536 = CARTESIAN_POINT('',(-2.15,-4.625,0.675));
#5537 = VECTOR('',#5538,1.);
#5538 = DIRECTION('',(-1.110223024625E-16,1.,0.));
#5539 = ORIENTED_EDGE('',*,*,#5540,.T.);
#5540 = EDGE_CURVE('',#5533,#5541,#5543,.T.);
#5541 = VERTEX_POINT('',#5542);
#5542 = CARTESIAN_POINT('',(-2.15,1.495,0.675));
#5543 = LINE('',#5544,#5545);
#5544 = CARTESIAN_POINT('',(-2.15,-4.625,0.675));
#5545 = VECTOR('',#5546,1.);
#5546 = DIRECTION('',(-1.110223024625E-16,1.,0.));
#5547 = ORIENTED_EDGE('',*,*,#5548,.T.);
#5548 = EDGE_CURVE('',#5541,#5549,#5551,.T.);
#5549 = VERTEX_POINT('',#5550);
#5550 = CARTESIAN_POINT('',(-2.15,1.755,0.675));
#5551 = LINE('',#5552,#5553);
#5552 = CARTESIAN_POINT('',(-2.15,-4.625,0.675));
#5553 = VECTOR('',#5554,1.);
#5554 = DIRECTION('',(-1.110223024625E-16,1.,0.));
#5555 = ORIENTED_EDGE('',*,*,#5556,.T.);
#5556 = EDGE_CURVE('',#5549,#5557,#5559,.T.);
#5557 = VERTEX_POINT('',#5558);
#5558 = CARTESIAN_POINT('',(-2.15,2.145,0.675));
#5559 = LINE('',#5560,#5561);
#5560 = CARTESIAN_POINT('',(-2.15,-4.625,0.675));
#5561 = VECTOR('',#5562,1.);
#5562 = DIRECTION('',(-1.110223024625E-16,1.,0.));
#5563 = ORIENTED_EDGE('',*,*,#5564,.T.);
#5564 = EDGE_CURVE('',#5557,#5565,#5567,.T.);
#5565 = VERTEX_POINT('',#5566);
#5566 = CARTESIAN_POINT('',(-2.15,2.405,0.675));
#5567 = LINE('',#5568,#5569);
#5568 = CARTESIAN_POINT('',(-2.15,-4.625,0.675));
#5569 = VECTOR('',#5570,1.);
#5570 = DIRECTION('',(-1.110223024625E-16,1.,0.));
#5571 = ORIENTED_EDGE('',*,*,#5572,.T.);
#5572 = EDGE_CURVE('',#5565,#5573,#5575,.T.);
#5573 = VERTEX_POINT('',#5574);
#5574 = CARTESIAN_POINT('',(-2.15,2.795,0.675));
#5575 = LINE('',#5576,#5577);
#5576 = CARTESIAN_POINT('',(-2.15,-4.625,0.675));
#5577 = VECTOR('',#5578,1.);
#5578 = DIRECTION('',(-1.110223024625E-16,1.,0.));
#5579 = ORIENTED_EDGE('',*,*,#5580,.T.);
#5580 = EDGE_CURVE('',#5573,#5581,#5583,.T.);
#5581 = VERTEX_POINT('',#5582);
#5582 = CARTESIAN_POINT('',(-2.15,3.055,0.675));
#5583 = LINE('',#5584,#5585);
#5584 = CARTESIAN_POINT('',(-2.15,-4.625,0.675));
#5585 = VECTOR('',#5586,1.);
#5586 = DIRECTION('',(-1.110223024625E-16,1.,0.));
#5587 = ORIENTED_EDGE('',*,*,#5588,.T.);
#5588 = EDGE_CURVE('',#5581,#5589,#5591,.T.);
#5589 = VERTEX_POINT('',#5590);
#5590 = CARTESIAN_POINT('',(-2.15,3.445,0.675));
#5591 = LINE('',#5592,#5593);
#5592 = CARTESIAN_POINT('',(-2.15,-4.625,0.675));
#5593 = VECTOR('',#5594,1.);
#5594 = DIRECTION('',(-1.110223024625E-16,1.,0.));
#5595 = ORIENTED_EDGE('',*,*,#5596,.T.);
#5596 = EDGE_CURVE('',#5589,#5597,#5599,.T.);
#5597 = VERTEX_POINT('',#5598);
#5598 = CARTESIAN_POINT('',(-2.15,3.705,0.675));
#5599 = LINE('',#5600,#5601);
#5600 = CARTESIAN_POINT('',(-2.15,-4.625,0.675));
#5601 = VECTOR('',#5602,1.);
#5602 = DIRECTION('',(-1.110223024625E-16,1.,0.));
#5603 = ORIENTED_EDGE('',*,*,#5604,.T.);
#5604 = EDGE_CURVE('',#5597,#5373,#5605,.T.);
#5605 = LINE('',#5606,#5607);
#5606 = CARTESIAN_POINT('',(-2.15,-4.625,0.675));
#5607 = VECTOR('',#5608,1.);
#5608 = DIRECTION('',(-1.110223024625E-16,1.,0.));
#5609 = ORIENTED_EDGE('',*,*,#5372,.T.);
#5610 = ORIENTED_EDGE('',*,*,#3472,.T.);
#5611 = ORIENTED_EDGE('',*,*,#5612,.T.);
#5612 = EDGE_CURVE('',#3465,#5613,#5615,.T.);
#5613 = VERTEX_POINT('',#5614);
#5614 = CARTESIAN_POINT('',(-2.05966346129,4.579831730645,1.1));
#5615 = B_SPLINE_CURVE_WITH_KNOTS('',1,(#5616,#5617),.UNSPECIFIED.,.F.,
  .F.,(2,2),(0.,1.),.PIECEWISE_BEZIER_KNOTS.);
#5616 = CARTESIAN_POINT('',(-2.15,4.625,0.675));
#5617 = CARTESIAN_POINT('',(-2.05966346129,4.579831730645,1.1));
#5618 = ORIENTED_EDGE('',*,*,#5619,.F.);
#5619 = EDGE_CURVE('',#5620,#5613,#5622,.T.);
#5620 = VERTEX_POINT('',#5621);
#5621 = CARTESIAN_POINT('',(-2.05966346129,-4.579831730645,1.1));
#5622 = LINE('',#5623,#5624);
#5623 = CARTESIAN_POINT('',(-2.05966346129,-4.579831730645,1.1));
#5624 = VECTOR('',#5625,1.);
#5625 = DIRECTION('',(-1.110223024625E-16,1.,0.));
#5626 = ORIENTED_EDGE('',*,*,#5627,.F.);
#5627 = EDGE_CURVE('',#5395,#5620,#5628,.T.);
#5628 = B_SPLINE_CURVE_WITH_KNOTS('',1,(#5629,#5630),.UNSPECIFIED.,.F.,
  .F.,(2,2),(0.,1.),.PIECEWISE_BEZIER_KNOTS.);
#5629 = CARTESIAN_POINT('',(-2.15,-4.625,0.675));
#5630 = CARTESIAN_POINT('',(-2.05966346129,-4.579831730645,1.1));
#5631 = B_SPLINE_SURFACE_WITH_KNOTS('',1,1,(
    (#5632,#5633)
    ,(#5634,#5635
    )),.UNSPECIFIED.,.F.,.F.,.F.,(2,2),(2,2),(0.,9.25),(0.,1.),
  .PIECEWISE_BEZIER_KNOTS.);
#5632 = CARTESIAN_POINT('',(-2.15,-4.625,0.675));
#5633 = CARTESIAN_POINT('',(-2.05966346129,-4.579831730645,1.1));
#5634 = CARTESIAN_POINT('',(-2.15,4.625,0.675));
#5635 = CARTESIAN_POINT('',(-2.05966346129,4.579831730645,1.1));
#5636 = ADVANCED_FACE('',(#5637),#5654,.F.);
#5637 = FACE_BOUND('',#5638,.F.);
#5638 = EDGE_LOOP('',(#5639,#5640,#5647,#5653));
#5639 = ORIENTED_EDGE('',*,*,#3464,.T.);
#5640 = ORIENTED_EDGE('',*,*,#5641,.T.);
#5641 = EDGE_CURVE('',#3457,#5642,#5644,.T.);
#5642 = VERTEX_POINT('',#5643);
#5643 = CARTESIAN_POINT('',(-1.929831730645,4.70966346129,1.1));
#5644 = B_SPLINE_CURVE_WITH_KNOTS('',1,(#5645,#5646),.UNSPECIFIED.,.F.,
  .F.,(2,2),(0.,1.),.PIECEWISE_BEZIER_KNOTS.);
#5645 = CARTESIAN_POINT('',(-1.975,4.8,0.675));
#5646 = CARTESIAN_POINT('',(-1.929831730645,4.70966346129,1.1));
#5647 = ORIENTED_EDGE('',*,*,#5648,.F.);
#5648 = EDGE_CURVE('',#5613,#5642,#5649,.T.);
#5649 = LINE('',#5650,#5651);
#5650 = CARTESIAN_POINT('',(-2.05966346129,4.579831730645,1.1));
#5651 = VECTOR('',#5652,1.);
#5652 = DIRECTION('',(0.707106781187,0.707106781187,0.));
#5653 = ORIENTED_EDGE('',*,*,#5612,.F.);
#5654 = B_SPLINE_SURFACE_WITH_KNOTS('',1,1,(
    (#5655,#5656)
    ,(#5657,#5658
    )),.UNSPECIFIED.,.F.,.F.,.F.,(2,2),(2,2),(0.,0.247487373415),(0.,1.)
  ,.PIECEWISE_BEZIER_KNOTS.);
#5655 = CARTESIAN_POINT('',(-2.15,4.625,0.675));
#5656 = CARTESIAN_POINT('',(-2.05966346129,4.579831730645,1.1));
#5657 = CARTESIAN_POINT('',(-1.975,4.8,0.675));
#5658 = CARTESIAN_POINT('',(-1.929831730645,4.70966346129,1.1));
#5659 = ADVANCED_FACE('',(#5660),#5677,.F.);
#5660 = FACE_BOUND('',#5661,.F.);
#5661 = EDGE_LOOP('',(#5662,#5663,#5670,#5676));
#5662 = ORIENTED_EDGE('',*,*,#3456,.T.);
#5663 = ORIENTED_EDGE('',*,*,#5664,.T.);
#5664 = EDGE_CURVE('',#3449,#5665,#5667,.T.);
#5665 = VERTEX_POINT('',#5666);
#5666 = CARTESIAN_POINT('',(1.929831730645,4.70966346129,1.1));
#5667 = B_SPLINE_CURVE_WITH_KNOTS('',1,(#5668,#5669),.UNSPECIFIED.,.F.,
  .F.,(2,2),(0.,1.),.PIECEWISE_BEZIER_KNOTS.);
#5668 = CARTESIAN_POINT('',(1.975,4.8,0.675));
#5669 = CARTESIAN_POINT('',(1.929831730645,4.70966346129,1.1));
#5670 = ORIENTED_EDGE('',*,*,#5671,.F.);
#5671 = EDGE_CURVE('',#5642,#5665,#5672,.T.);
#5672 = LINE('',#5673,#5674);
#5673 = CARTESIAN_POINT('',(-1.929831730645,4.70966346129,1.1));
#5674 = VECTOR('',#5675,1.);
#5675 = DIRECTION('',(1.,1.110223024625E-16,0.));
#5676 = ORIENTED_EDGE('',*,*,#5641,.F.);
#5677 = B_SPLINE_SURFACE_WITH_KNOTS('',1,1,(
    (#5678,#5679)
    ,(#5680,#5681
    )),.UNSPECIFIED.,.F.,.F.,.F.,(2,2),(2,2),(0.,3.95),(0.,1.),
  .PIECEWISE_BEZIER_KNOTS.);
#5678 = CARTESIAN_POINT('',(-1.975,4.8,0.675));
#5679 = CARTESIAN_POINT('',(-1.929831730645,4.70966346129,1.1));
#5680 = CARTESIAN_POINT('',(1.975,4.8,0.675));
#5681 = CARTESIAN_POINT('',(1.929831730645,4.70966346129,1.1));
#5682 = ADVANCED_FACE('',(#5683),#5700,.F.);
#5683 = FACE_BOUND('',#5684,.F.);
#5684 = EDGE_LOOP('',(#5685,#5686,#5693,#5699));
#5685 = ORIENTED_EDGE('',*,*,#3448,.T.);
#5686 = ORIENTED_EDGE('',*,*,#5687,.T.);
#5687 = EDGE_CURVE('',#3441,#5688,#5690,.T.);
#5688 = VERTEX_POINT('',#5689);
#5689 = CARTESIAN_POINT('',(2.05966346129,4.579831730645,1.1));
#5690 = B_SPLINE_CURVE_WITH_KNOTS('',1,(#5691,#5692),.UNSPECIFIED.,.F.,
  .F.,(2,2),(0.,1.),.PIECEWISE_BEZIER_KNOTS.);
#5691 = CARTESIAN_POINT('',(2.15,4.625,0.675));
#5692 = CARTESIAN_POINT('',(2.05966346129,4.579831730645,1.1));
#5693 = ORIENTED_EDGE('',*,*,#5694,.F.);
#5694 = EDGE_CURVE('',#5665,#5688,#5695,.T.);
#5695 = LINE('',#5696,#5697);
#5696 = CARTESIAN_POINT('',(1.929831730645,4.70966346129,1.1));
#5697 = VECTOR('',#5698,1.);
#5698 = DIRECTION('',(0.707106781187,-0.707106781187,0.));
#5699 = ORIENTED_EDGE('',*,*,#5664,.F.);
#5700 = B_SPLINE_SURFACE_WITH_KNOTS('',1,1,(
    (#5701,#5702)
    ,(#5703,#5704
    )),.UNSPECIFIED.,.F.,.F.,.F.,(2,2),(2,2),(0.,0.247487373415),(0.,1.)
  ,.PIECEWISE_BEZIER_KNOTS.);
#5701 = CARTESIAN_POINT('',(1.975,4.8,0.675));
#5702 = CARTESIAN_POINT('',(1.929831730645,4.70966346129,1.1));
#5703 = CARTESIAN_POINT('',(2.15,4.625,0.675));
#5704 = CARTESIAN_POINT('',(2.05966346129,4.579831730645,1.1));
#5705 = ADVANCED_FACE('',(#5706),#5947,.F.);
#5706 = FACE_BOUND('',#5707,.F.);
#5707 = EDGE_LOOP('',(#5708,#5709,#5717,#5725,#5733,#5741,#5749,#5757,
    #5765,#5773,#5781,#5789,#5797,#5805,#5813,#5821,#5829,#5837,#5845,
    #5853,#5861,#5869,#5877,#5885,#5893,#5901,#5909,#5917,#5925,#5933,
    #5940,#5946));
#5708 = ORIENTED_EDGE('',*,*,#3440,.T.);
#5709 = ORIENTED_EDGE('',*,*,#5710,.T.);
#5710 = EDGE_CURVE('',#3433,#5711,#5713,.T.);
#5711 = VERTEX_POINT('',#5712);
#5712 = CARTESIAN_POINT('',(2.15,4.095,0.675));
#5713 = LINE('',#5714,#5715);
#5714 = CARTESIAN_POINT('',(2.15,4.625,0.675));
#5715 = VECTOR('',#5716,1.);
#5716 = DIRECTION('',(1.110223024625E-16,-1.,0.));
#5717 = ORIENTED_EDGE('',*,*,#5718,.T.);
#5718 = EDGE_CURVE('',#5711,#5719,#5721,.T.);
#5719 = VERTEX_POINT('',#5720);
#5720 = CARTESIAN_POINT('',(2.15,3.705,0.675));
#5721 = LINE('',#5722,#5723);
#5722 = CARTESIAN_POINT('',(2.15,4.625,0.675));
#5723 = VECTOR('',#5724,1.);
#5724 = DIRECTION('',(1.110223024625E-16,-1.,0.));
#5725 = ORIENTED_EDGE('',*,*,#5726,.T.);
#5726 = EDGE_CURVE('',#5719,#5727,#5729,.T.);
#5727 = VERTEX_POINT('',#5728);
#5728 = CARTESIAN_POINT('',(2.15,3.445,0.675));
#5729 = LINE('',#5730,#5731);
#5730 = CARTESIAN_POINT('',(2.15,4.625,0.675));
#5731 = VECTOR('',#5732,1.);
#5732 = DIRECTION('',(1.110223024625E-16,-1.,0.));
#5733 = ORIENTED_EDGE('',*,*,#5734,.T.);
#5734 = EDGE_CURVE('',#5727,#5735,#5737,.T.);
#5735 = VERTEX_POINT('',#5736);
#5736 = CARTESIAN_POINT('',(2.15,3.055,0.675));
#5737 = LINE('',#5738,#5739);
#5738 = CARTESIAN_POINT('',(2.15,4.625,0.675));
#5739 = VECTOR('',#5740,1.);
#5740 = DIRECTION('',(1.110223024625E-16,-1.,0.));
#5741 = ORIENTED_EDGE('',*,*,#5742,.T.);
#5742 = EDGE_CURVE('',#5735,#5743,#5745,.T.);
#5743 = VERTEX_POINT('',#5744);
#5744 = CARTESIAN_POINT('',(2.15,2.795,0.675));
#5745 = LINE('',#5746,#5747);
#5746 = CARTESIAN_POINT('',(2.15,4.625,0.675));
#5747 = VECTOR('',#5748,1.);
#5748 = DIRECTION('',(1.110223024625E-16,-1.,0.));
#5749 = ORIENTED_EDGE('',*,*,#5750,.T.);
#5750 = EDGE_CURVE('',#5743,#5751,#5753,.T.);
#5751 = VERTEX_POINT('',#5752);
#5752 = CARTESIAN_POINT('',(2.15,2.405,0.675));
#5753 = LINE('',#5754,#5755);
#5754 = CARTESIAN_POINT('',(2.15,4.625,0.675));
#5755 = VECTOR('',#5756,1.);
#5756 = DIRECTION('',(1.110223024625E-16,-1.,0.));
#5757 = ORIENTED_EDGE('',*,*,#5758,.T.);
#5758 = EDGE_CURVE('',#5751,#5759,#5761,.T.);
#5759 = VERTEX_POINT('',#5760);
#5760 = CARTESIAN_POINT('',(2.15,2.145,0.675));
#5761 = LINE('',#5762,#5763);
#5762 = CARTESIAN_POINT('',(2.15,4.625,0.675));
#5763 = VECTOR('',#5764,1.);
#5764 = DIRECTION('',(1.110223024625E-16,-1.,0.));
#5765 = ORIENTED_EDGE('',*,*,#5766,.T.);
#5766 = EDGE_CURVE('',#5759,#5767,#5769,.T.);
#5767 = VERTEX_POINT('',#5768);
#5768 = CARTESIAN_POINT('',(2.15,1.755,0.675));
#5769 = LINE('',#5770,#5771);
#5770 = CARTESIAN_POINT('',(2.15,4.625,0.675));
#5771 = VECTOR('',#5772,1.);
#5772 = DIRECTION('',(1.110223024625E-16,-1.,0.));
#5773 = ORIENTED_EDGE('',*,*,#5774,.T.);
#5774 = EDGE_CURVE('',#5767,#5775,#5777,.T.);
#5775 = VERTEX_POINT('',#5776);
#5776 = CARTESIAN_POINT('',(2.15,1.495,0.675));
#5777 = LINE('',#5778,#5779);
#5778 = CARTESIAN_POINT('',(2.15,4.625,0.675));
#5779 = VECTOR('',#5780,1.);
#5780 = DIRECTION('',(1.110223024625E-16,-1.,0.));
#5781 = ORIENTED_EDGE('',*,*,#5782,.T.);
#5782 = EDGE_CURVE('',#5775,#5783,#5785,.T.);
#5783 = VERTEX_POINT('',#5784);
#5784 = CARTESIAN_POINT('',(2.15,1.105,0.675));
#5785 = LINE('',#5786,#5787);
#5786 = CARTESIAN_POINT('',(2.15,4.625,0.675));
#5787 = VECTOR('',#5788,1.);
#5788 = DIRECTION('',(1.110223024625E-16,-1.,0.));
#5789 = ORIENTED_EDGE('',*,*,#5790,.T.);
#5790 = EDGE_CURVE('',#5783,#5791,#5793,.T.);
#5791 = VERTEX_POINT('',#5792);
#5792 = CARTESIAN_POINT('',(2.15,0.845,0.675));
#5793 = LINE('',#5794,#5795);
#5794 = CARTESIAN_POINT('',(2.15,4.625,0.675));
#5795 = VECTOR('',#5796,1.);
#5796 = DIRECTION('',(1.110223024625E-16,-1.,0.));
#5797 = ORIENTED_EDGE('',*,*,#5798,.T.);
#5798 = EDGE_CURVE('',#5791,#5799,#5801,.T.);
#5799 = VERTEX_POINT('',#5800);
#5800 = CARTESIAN_POINT('',(2.15,0.455,0.675));
#5801 = LINE('',#5802,#5803);
#5802 = CARTESIAN_POINT('',(2.15,4.625,0.675));
#5803 = VECTOR('',#5804,1.);
#5804 = DIRECTION('',(1.110223024625E-16,-1.,0.));
#5805 = ORIENTED_EDGE('',*,*,#5806,.T.);
#5806 = EDGE_CURVE('',#5799,#5807,#5809,.T.);
#5807 = VERTEX_POINT('',#5808);
#5808 = CARTESIAN_POINT('',(2.15,0.195,0.675));
#5809 = LINE('',#5810,#5811);
#5810 = CARTESIAN_POINT('',(2.15,4.625,0.675));
#5811 = VECTOR('',#5812,1.);
#5812 = DIRECTION('',(1.110223024625E-16,-1.,0.));
#5813 = ORIENTED_EDGE('',*,*,#5814,.T.);
#5814 = EDGE_CURVE('',#5807,#5815,#5817,.T.);
#5815 = VERTEX_POINT('',#5816);
#5816 = CARTESIAN_POINT('',(2.15,-0.195,0.675));
#5817 = LINE('',#5818,#5819);
#5818 = CARTESIAN_POINT('',(2.15,4.625,0.675));
#5819 = VECTOR('',#5820,1.);
#5820 = DIRECTION('',(1.110223024625E-16,-1.,0.));
#5821 = ORIENTED_EDGE('',*,*,#5822,.T.);
#5822 = EDGE_CURVE('',#5815,#5823,#5825,.T.);
#5823 = VERTEX_POINT('',#5824);
#5824 = CARTESIAN_POINT('',(2.15,-0.455,0.675));
#5825 = LINE('',#5826,#5827);
#5826 = CARTESIAN_POINT('',(2.15,4.625,0.675));
#5827 = VECTOR('',#5828,1.);
#5828 = DIRECTION('',(1.110223024625E-16,-1.,0.));
#5829 = ORIENTED_EDGE('',*,*,#5830,.T.);
#5830 = EDGE_CURVE('',#5823,#5831,#5833,.T.);
#5831 = VERTEX_POINT('',#5832);
#5832 = CARTESIAN_POINT('',(2.15,-0.845,0.675));
#5833 = LINE('',#5834,#5835);
#5834 = CARTESIAN_POINT('',(2.15,4.625,0.675));
#5835 = VECTOR('',#5836,1.);
#5836 = DIRECTION('',(1.110223024625E-16,-1.,0.));
#5837 = ORIENTED_EDGE('',*,*,#5838,.T.);
#5838 = EDGE_CURVE('',#5831,#5839,#5841,.T.);
#5839 = VERTEX_POINT('',#5840);
#5840 = CARTESIAN_POINT('',(2.15,-1.105,0.675));
#5841 = LINE('',#5842,#5843);
#5842 = CARTESIAN_POINT('',(2.15,4.625,0.675));
#5843 = VECTOR('',#5844,1.);
#5844 = DIRECTION('',(1.110223024625E-16,-1.,0.));
#5845 = ORIENTED_EDGE('',*,*,#5846,.T.);
#5846 = EDGE_CURVE('',#5839,#5847,#5849,.T.);
#5847 = VERTEX_POINT('',#5848);
#5848 = CARTESIAN_POINT('',(2.15,-1.495,0.675));
#5849 = LINE('',#5850,#5851);
#5850 = CARTESIAN_POINT('',(2.15,4.625,0.675));
#5851 = VECTOR('',#5852,1.);
#5852 = DIRECTION('',(1.110223024625E-16,-1.,0.));
#5853 = ORIENTED_EDGE('',*,*,#5854,.T.);
#5854 = EDGE_CURVE('',#5847,#5855,#5857,.T.);
#5855 = VERTEX_POINT('',#5856);
#5856 = CARTESIAN_POINT('',(2.15,-1.755,0.675));
#5857 = LINE('',#5858,#5859);
#5858 = CARTESIAN_POINT('',(2.15,4.625,0.675));
#5859 = VECTOR('',#5860,1.);
#5860 = DIRECTION('',(1.110223024625E-16,-1.,0.));
#5861 = ORIENTED_EDGE('',*,*,#5862,.T.);
#5862 = EDGE_CURVE('',#5855,#5863,#5865,.T.);
#5863 = VERTEX_POINT('',#5864);
#5864 = CARTESIAN_POINT('',(2.15,-2.145,0.675));
#5865 = LINE('',#5866,#5867);
#5866 = CARTESIAN_POINT('',(2.15,4.625,0.675));
#5867 = VECTOR('',#5868,1.);
#5868 = DIRECTION('',(1.110223024625E-16,-1.,0.));
#5869 = ORIENTED_EDGE('',*,*,#5870,.T.);
#5870 = EDGE_CURVE('',#5863,#5871,#5873,.T.);
#5871 = VERTEX_POINT('',#5872);
#5872 = CARTESIAN_POINT('',(2.15,-2.405,0.675));
#5873 = LINE('',#5874,#5875);
#5874 = CARTESIAN_POINT('',(2.15,4.625,0.675));
#5875 = VECTOR('',#5876,1.);
#5876 = DIRECTION('',(1.110223024625E-16,-1.,0.));
#5877 = ORIENTED_EDGE('',*,*,#5878,.T.);
#5878 = EDGE_CURVE('',#5871,#5879,#5881,.T.);
#5879 = VERTEX_POINT('',#5880);
#5880 = CARTESIAN_POINT('',(2.15,-2.795,0.675));
#5881 = LINE('',#5882,#5883);
#5882 = CARTESIAN_POINT('',(2.15,4.625,0.675));
#5883 = VECTOR('',#5884,1.);
#5884 = DIRECTION('',(1.110223024625E-16,-1.,0.));
#5885 = ORIENTED_EDGE('',*,*,#5886,.T.);
#5886 = EDGE_CURVE('',#5879,#5887,#5889,.T.);
#5887 = VERTEX_POINT('',#5888);
#5888 = CARTESIAN_POINT('',(2.15,-3.055,0.675));
#5889 = LINE('',#5890,#5891);
#5890 = CARTESIAN_POINT('',(2.15,4.625,0.675));
#5891 = VECTOR('',#5892,1.);
#5892 = DIRECTION('',(1.110223024625E-16,-1.,0.));
#5893 = ORIENTED_EDGE('',*,*,#5894,.T.);
#5894 = EDGE_CURVE('',#5887,#5895,#5897,.T.);
#5895 = VERTEX_POINT('',#5896);
#5896 = CARTESIAN_POINT('',(2.15,-3.445,0.675));
#5897 = LINE('',#5898,#5899);
#5898 = CARTESIAN_POINT('',(2.15,4.625,0.675));
#5899 = VECTOR('',#5900,1.);
#5900 = DIRECTION('',(1.110223024625E-16,-1.,0.));
#5901 = ORIENTED_EDGE('',*,*,#5902,.T.);
#5902 = EDGE_CURVE('',#5895,#5903,#5905,.T.);
#5903 = VERTEX_POINT('',#5904);
#5904 = CARTESIAN_POINT('',(2.15,-3.705,0.675));
#5905 = LINE('',#5906,#5907);
#5906 = CARTESIAN_POINT('',(2.15,4.625,0.675));
#5907 = VECTOR('',#5908,1.);
#5908 = DIRECTION('',(1.110223024625E-16,-1.,0.));
#5909 = ORIENTED_EDGE('',*,*,#5910,.T.);
#5910 = EDGE_CURVE('',#5903,#5911,#5913,.T.);
#5911 = VERTEX_POINT('',#5912);
#5912 = CARTESIAN_POINT('',(2.15,-4.095,0.675));
#5913 = LINE('',#5914,#5915);
#5914 = CARTESIAN_POINT('',(2.15,4.625,0.675));
#5915 = VECTOR('',#5916,1.);
#5916 = DIRECTION('',(1.110223024625E-16,-1.,0.));
#5917 = ORIENTED_EDGE('',*,*,#5918,.T.);
#5918 = EDGE_CURVE('',#5911,#5919,#5921,.T.);
#5919 = VERTEX_POINT('',#5920);
#5920 = CARTESIAN_POINT('',(2.15,-4.355,0.675));
#5921 = LINE('',#5922,#5923);
#5922 = CARTESIAN_POINT('',(2.15,4.625,0.675));
#5923 = VECTOR('',#5924,1.);
#5924 = DIRECTION('',(1.110223024625E-16,-1.,0.));
#5925 = ORIENTED_EDGE('',*,*,#5926,.T.);
#5926 = EDGE_CURVE('',#5919,#5927,#5929,.T.);
#5927 = VERTEX_POINT('',#5928);
#5928 = CARTESIAN_POINT('',(2.15,-4.625,0.675));
#5929 = LINE('',#5930,#5931);
#5930 = CARTESIAN_POINT('',(2.15,4.625,0.675));
#5931 = VECTOR('',#5932,1.);
#5932 = DIRECTION('',(1.110223024625E-16,-1.,0.));
#5933 = ORIENTED_EDGE('',*,*,#5934,.T.);
#5934 = EDGE_CURVE('',#5927,#5935,#5937,.T.);
#5935 = VERTEX_POINT('',#5936);
#5936 = CARTESIAN_POINT('',(2.05966346129,-4.579831730645,1.1));
#5937 = B_SPLINE_CURVE_WITH_KNOTS('',1,(#5938,#5939),.UNSPECIFIED.,.F.,
  .F.,(2,2),(0.,1.),.PIECEWISE_BEZIER_KNOTS.);
#5938 = CARTESIAN_POINT('',(2.15,-4.625,0.675));
#5939 = CARTESIAN_POINT('',(2.05966346129,-4.579831730645,1.1));
#5940 = ORIENTED_EDGE('',*,*,#5941,.F.);
#5941 = EDGE_CURVE('',#5688,#5935,#5942,.T.);
#5942 = LINE('',#5943,#5944);
#5943 = CARTESIAN_POINT('',(2.05966346129,4.579831730645,1.1));
#5944 = VECTOR('',#5945,1.);
#5945 = DIRECTION('',(1.110223024625E-16,-1.,0.));
#5946 = ORIENTED_EDGE('',*,*,#5687,.F.);
#5947 = B_SPLINE_SURFACE_WITH_KNOTS('',1,1,(
    (#5948,#5949)
    ,(#5950,#5951
    )),.UNSPECIFIED.,.F.,.F.,.F.,(2,2),(2,2),(0.,9.25),(0.,1.),
  .PIECEWISE_BEZIER_KNOTS.);
#5948 = CARTESIAN_POINT('',(2.15,4.625,0.675));
#5949 = CARTESIAN_POINT('',(2.05966346129,4.579831730645,1.1));
#5950 = CARTESIAN_POINT('',(2.15,-4.625,0.675));
#5951 = CARTESIAN_POINT('',(2.05966346129,-4.579831730645,1.1));
#5952 = ADVANCED_FACE('',(#5953),#5985,.F.);
#5953 = FACE_BOUND('',#5954,.F.);
#5954 = EDGE_LOOP('',(#5955,#5963,#5971,#5977,#5983,#5984));
#5955 = ORIENTED_EDGE('',*,*,#5956,.F.);
#5956 = EDGE_CURVE('',#5957,#3425,#5959,.T.);
#5957 = VERTEX_POINT('',#5958);
#5958 = CARTESIAN_POINT('',(2.4,4.355,0.675));
#5959 = LINE('',#5960,#5961);
#5960 = CARTESIAN_POINT('',(2.4,4.355,0.675));
#5961 = VECTOR('',#5962,1.);
#5962 = DIRECTION('',(-1.,-1.110223024625E-16,0.));
#5963 = ORIENTED_EDGE('',*,*,#5964,.T.);
#5964 = EDGE_CURVE('',#5957,#5965,#5967,.T.);
#5965 = VERTEX_POINT('',#5966);
#5966 = CARTESIAN_POINT('',(2.4,4.095,0.675));
#5967 = LINE('',#5968,#5969);
#5968 = CARTESIAN_POINT('',(2.4,4.355,0.675));
#5969 = VECTOR('',#5970,1.);
#5970 = DIRECTION('',(1.110223024625E-16,-1.,0.));
#5971 = ORIENTED_EDGE('',*,*,#5972,.T.);
#5972 = EDGE_CURVE('',#5965,#4451,#5973,.T.);
#5973 = LINE('',#5974,#5975);
#5974 = CARTESIAN_POINT('',(2.4,4.095,0.675));
#5975 = VECTOR('',#5976,1.);
#5976 = DIRECTION('',(-1.,-1.110223024625E-16,0.));
#5977 = ORIENTED_EDGE('',*,*,#5978,.T.);
#5978 = EDGE_CURVE('',#4451,#5711,#5979,.T.);
#5979 = LINE('',#5980,#5981);
#5980 = CARTESIAN_POINT('',(2.4,4.095,0.675));
#5981 = VECTOR('',#5982,1.);
#5982 = DIRECTION('',(-1.,-1.110223024625E-16,0.));
#5983 = ORIENTED_EDGE('',*,*,#5710,.F.);
#5984 = ORIENTED_EDGE('',*,*,#3432,.F.);
#5985 = PLANE('',#5986);
#5986 = AXIS2_PLACEMENT_3D('',#5987,#5988,#5989);
#5987 = CARTESIAN_POINT('',(2.4,4.355,0.675));
#5988 = DIRECTION('',(0.,0.,-1.));
#5989 = DIRECTION('',(-1.,-1.110223024625E-16,-0.));
#5990 = ADVANCED_FACE('',(#5991),#6034,.F.);
#5991 = FACE_BOUND('',#5992,.F.);
#5992 = EDGE_LOOP('',(#5993,#5994,#6000,#6001,#6009,#6017,#6023,#6024,
    #6030,#6031,#6032,#6033));
#5993 = ORIENTED_EDGE('',*,*,#3534,.T.);
#5994 = ORIENTED_EDGE('',*,*,#5995,.T.);
#5995 = EDGE_CURVE('',#3527,#5397,#5996,.T.);
#5996 = LINE('',#5997,#5998);
#5997 = CARTESIAN_POINT('',(-2.4,-4.355,0.675));
#5998 = VECTOR('',#5999,1.);
#5999 = DIRECTION('',(1.,-1.144237745222E-17,0.));
#6000 = ORIENTED_EDGE('',*,*,#5394,.F.);
#6001 = ORIENTED_EDGE('',*,*,#6002,.F.);
#6002 = EDGE_CURVE('',#6003,#5395,#6005,.T.);
#6003 = VERTEX_POINT('',#6004);
#6004 = CARTESIAN_POINT('',(-1.975,-4.8,0.675));
#6005 = LINE('',#6006,#6007);
#6006 = CARTESIAN_POINT('',(-1.975,-4.8,0.675));
#6007 = VECTOR('',#6008,1.);
#6008 = DIRECTION('',(-0.707106781187,0.707106781187,0.));
#6009 = ORIENTED_EDGE('',*,*,#6010,.F.);
#6010 = EDGE_CURVE('',#6011,#6003,#6013,.T.);
#6011 = VERTEX_POINT('',#6012);
#6012 = CARTESIAN_POINT('',(1.975,-4.8,0.675));
#6013 = LINE('',#6014,#6015);
#6014 = CARTESIAN_POINT('',(1.975,-4.8,0.675));
#6015 = VECTOR('',#6016,1.);
#6016 = DIRECTION('',(-1.,-1.110223024625E-16,0.));
#6017 = ORIENTED_EDGE('',*,*,#6018,.F.);
#6018 = EDGE_CURVE('',#5927,#6011,#6019,.T.);
#6019 = LINE('',#6020,#6021);
#6020 = CARTESIAN_POINT('',(2.15,-4.625,0.675));
#6021 = VECTOR('',#6022,1.);
#6022 = DIRECTION('',(-0.707106781187,-0.707106781187,0.));
#6023 = ORIENTED_EDGE('',*,*,#5926,.F.);
#6024 = ORIENTED_EDGE('',*,*,#6025,.F.);
#6025 = EDGE_CURVE('',#5257,#5919,#6026,.T.);
#6026 = LINE('',#6027,#6028);
#6027 = CARTESIAN_POINT('',(2.4,-4.355,0.675));
#6028 = VECTOR('',#6029,1.);
#6029 = DIRECTION('',(-1.,-1.110223024625E-16,0.));
#6030 = ORIENTED_EDGE('',*,*,#5272,.T.);
#6031 = ORIENTED_EDGE('',*,*,#5317,.T.);
#6032 = ORIENTED_EDGE('',*,*,#5334,.T.);
#6033 = ORIENTED_EDGE('',*,*,#5288,.T.);
#6034 = PLANE('',#6035);
#6035 = AXIS2_PLACEMENT_3D('',#6036,#6037,#6038);
#6036 = CARTESIAN_POINT('',(-2.640908612089E-16,4.825,0.675));
#6037 = DIRECTION('',(-8.458391581173E-32,3.012014365389E-27,-1.));
#6038 = DIRECTION('',(1.,1.108771071988E-16,-8.45839158114E-32));
#6039 = ADVANCED_FACE('',(#6040),#6126,.F.);
#6040 = FACE_BOUND('',#6041,.F.);
#6041 = EDGE_LOOP('',(#6042,#6043,#6044,#6053,#6061,#6070,#6078,#6086,
    #6094,#6103,#6111,#6120));
#6042 = ORIENTED_EDGE('',*,*,#3526,.F.);
#6043 = ORIENTED_EDGE('',*,*,#3548,.T.);
#6044 = ORIENTED_EDGE('',*,*,#6045,.T.);
#6045 = EDGE_CURVE('',#3549,#6046,#6048,.T.);
#6046 = VERTEX_POINT('',#6047);
#6047 = CARTESIAN_POINT('',(-2.498480775301,-4.355,0.442364817767));
#6048 = CIRCLE('',#6049,0.1);
#6049 = AXIS2_PLACEMENT_3D('',#6050,#6051,#6052);
#6050 = CARTESIAN_POINT('',(-2.4,-4.355,0.425));
#6051 = DIRECTION('',(-1.144237745222E-17,-1.,4.379057701015E-47));
#6052 = DIRECTION('',(-4.440892098501E-15,5.081436361563E-32,1.));
#6053 = ORIENTED_EDGE('',*,*,#6054,.T.);
#6054 = EDGE_CURVE('',#6046,#6055,#6057,.T.);
#6055 = VERTEX_POINT('',#6056);
#6056 = CARTESIAN_POINT('',(-2.534655283371,-4.355,0.206587955583));
#6057 = LINE('',#6058,#6059);
#6058 = CARTESIAN_POINT('',(-2.498480775301,-4.355,0.442364817767));
#6059 = VECTOR('',#6060,1.);
#6060 = DIRECTION('',(-0.151652327974,1.735263178185E-18,-0.988433898356
    ));
#6061 = ORIENTED_EDGE('',*,*,#6062,.T.);
#6062 = EDGE_CURVE('',#6055,#6063,#6065,.T.);
#6063 = VERTEX_POINT('',#6064);
#6064 = CARTESIAN_POINT('',(-2.780857221624,-4.355,-1.665334536938E-16)
  );
#6065 = CIRCLE('',#6066,0.25);
#6066 = AXIS2_PLACEMENT_3D('',#6067,#6068,#6069);
#6067 = CARTESIAN_POINT('',(-2.780857221624,-4.355,0.25));
#6068 = DIRECTION('',(1.144237745222E-17,1.,7.703719777549E-34));
#6069 = DIRECTION('',(0.984807753012,-1.126854202784E-17,-0.173648177667
    ));
#6070 = ORIENTED_EDGE('',*,*,#6071,.T.);
#6071 = EDGE_CURVE('',#6063,#6072,#6074,.T.);
#6072 = VERTEX_POINT('',#6073);
#6073 = CARTESIAN_POINT('',(-3.2,-4.355,-1.665334536938E-16));
#6074 = LINE('',#6075,#6076);
#6075 = CARTESIAN_POINT('',(-2.780857221624,-4.355,-1.665334536938E-16)
  );
#6076 = VECTOR('',#6077,1.);
#6077 = DIRECTION('',(-1.,1.144237745222E-17,0.));
#6078 = ORIENTED_EDGE('',*,*,#6079,.T.);
#6079 = EDGE_CURVE('',#6072,#6080,#6082,.T.);
#6080 = VERTEX_POINT('',#6081);
#6081 = CARTESIAN_POINT('',(-3.2,-4.355,0.15));
#6082 = LINE('',#6083,#6084);
#6083 = CARTESIAN_POINT('',(-3.2,-4.355,-1.665334536938E-16));
#6084 = VECTOR('',#6085,1.);
#6085 = DIRECTION('',(0.,0.,1.));
#6086 = ORIENTED_EDGE('',*,*,#6087,.T.);
#6087 = EDGE_CURVE('',#6080,#6088,#6090,.T.);
#6088 = VERTEX_POINT('',#6089);
#6089 = CARTESIAN_POINT('',(-2.780857221624,-4.355,0.15));
#6090 = LINE('',#6091,#6092);
#6091 = CARTESIAN_POINT('',(-3.2,-4.355,0.15));
#6092 = VECTOR('',#6093,1.);
#6093 = DIRECTION('',(1.,-1.144237745222E-17,0.));
#6094 = ORIENTED_EDGE('',*,*,#6095,.T.);
#6095 = EDGE_CURVE('',#6088,#6096,#6098,.T.);
#6096 = VERTEX_POINT('',#6097);
#6097 = CARTESIAN_POINT('',(-2.682376446323,-4.355,0.232635182233));
#6098 = CIRCLE('',#6099,0.1);
#6099 = AXIS2_PLACEMENT_3D('',#6100,#6101,#6102);
#6100 = CARTESIAN_POINT('',(-2.780857221624,-4.355,0.25));
#6101 = DIRECTION('',(-1.144237745222E-17,-1.,-0.));
#6102 = DIRECTION('',(0.,0.,-1.));
#6103 = ORIENTED_EDGE('',*,*,#6104,.T.);
#6104 = EDGE_CURVE('',#6096,#6105,#6107,.T.);
#6105 = VERTEX_POINT('',#6106);
#6106 = CARTESIAN_POINT('',(-2.646201938253,-4.355,0.468412044417));
#6107 = LINE('',#6108,#6109);
#6108 = CARTESIAN_POINT('',(-2.682376446323,-4.355,0.232635182233));
#6109 = VECTOR('',#6110,1.);
#6110 = DIRECTION('',(0.151652327974,-1.735263178185E-18,0.988433898356)
  );
#6111 = ORIENTED_EDGE('',*,*,#6112,.T.);
#6112 = EDGE_CURVE('',#6105,#6113,#6115,.T.);
#6113 = VERTEX_POINT('',#6114);
#6114 = CARTESIAN_POINT('',(-2.4,-4.355,0.675));
#6115 = CIRCLE('',#6116,0.25);
#6116 = AXIS2_PLACEMENT_3D('',#6117,#6118,#6119);
#6117 = CARTESIAN_POINT('',(-2.4,-4.355,0.425));
#6118 = DIRECTION('',(1.144237745222E-17,1.,-3.851859888774E-34));
#6119 = DIRECTION('',(-0.984807753012,1.126854202784E-17,0.173648177667)
  );
#6120 = ORIENTED_EDGE('',*,*,#6121,.T.);
#6121 = EDGE_CURVE('',#6113,#3527,#6122,.T.);
#6122 = LINE('',#6123,#6124);
#6123 = CARTESIAN_POINT('',(-2.4,-4.355,0.675));
#6124 = VECTOR('',#6125,1.);
#6125 = DIRECTION('',(1.,-1.144237745222E-17,0.));
#6126 = PLANE('',#6127);
#6127 = AXIS2_PLACEMENT_3D('',#6128,#6129,#6130);
#6128 = CARTESIAN_POINT('',(-2.637203454365,-4.355,0.317854565708));
#6129 = DIRECTION('',(1.144237745222E-17,1.,0.));
#6130 = DIRECTION('',(0.,-0.,1.));
#6131 = ADVANCED_FACE('',(#6132),#6151,.F.);
#6132 = FACE_BOUND('',#6133,.F.);
#6133 = EDGE_LOOP('',(#6134,#6135,#6144,#6150));
#6134 = ORIENTED_EDGE('',*,*,#3565,.T.);
#6135 = ORIENTED_EDGE('',*,*,#6136,.T.);
#6136 = EDGE_CURVE('',#3558,#6137,#6139,.T.);
#6137 = VERTEX_POINT('',#6138);
#6138 = CARTESIAN_POINT('',(-2.498480775301,-4.095,0.442364817767));
#6139 = CIRCLE('',#6140,0.1);
#6140 = AXIS2_PLACEMENT_3D('',#6141,#6142,#6143);
#6141 = CARTESIAN_POINT('',(-2.4,-4.095,0.425));
#6142 = DIRECTION('',(-1.144237745222E-17,-1.,4.379057701015E-47));
#6143 = DIRECTION('',(-4.440892098501E-15,5.081436361563E-32,1.));
#6144 = ORIENTED_EDGE('',*,*,#6145,.F.);
#6145 = EDGE_CURVE('',#6046,#6137,#6146,.T.);
#6146 = LINE('',#6147,#6148);
#6147 = CARTESIAN_POINT('',(-2.498480775301,-4.355,0.442364817767));
#6148 = VECTOR('',#6149,1.);
#6149 = DIRECTION('',(1.144237745222E-17,1.,0.));
#6150 = ORIENTED_EDGE('',*,*,#6045,.F.);
#6151 = CYLINDRICAL_SURFACE('',#6152,0.1);
#6152 = AXIS2_PLACEMENT_3D('',#6153,#6154,#6155);
#6153 = CARTESIAN_POINT('',(-2.4,-4.355,0.425));
#6154 = DIRECTION('',(-1.144237745222E-17,-1.,0.));
#6155 = DIRECTION('',(-4.440892098501E-15,5.081436361563E-32,1.));
#6156 = ADVANCED_FACE('',(#6157),#6235,.T.);
#6157 = FACE_BOUND('',#6158,.T.);
#6158 = EDGE_LOOP('',(#6159,#6160,#6161,#6162,#6170,#6179,#6187,#6195,
    #6203,#6212,#6220,#6229));
#6159 = ORIENTED_EDGE('',*,*,#3579,.F.);
#6160 = ORIENTED_EDGE('',*,*,#3557,.T.);
#6161 = ORIENTED_EDGE('',*,*,#6136,.T.);
#6162 = ORIENTED_EDGE('',*,*,#6163,.T.);
#6163 = EDGE_CURVE('',#6137,#6164,#6166,.T.);
#6164 = VERTEX_POINT('',#6165);
#6165 = CARTESIAN_POINT('',(-2.534655283371,-4.095,0.206587955583));
#6166 = LINE('',#6167,#6168);
#6167 = CARTESIAN_POINT('',(-2.498480775301,-4.095,0.442364817767));
#6168 = VECTOR('',#6169,1.);
#6169 = DIRECTION('',(-0.151652327974,1.735263178185E-18,-0.988433898356
    ));
#6170 = ORIENTED_EDGE('',*,*,#6171,.T.);
#6171 = EDGE_CURVE('',#6164,#6172,#6174,.T.);
#6172 = VERTEX_POINT('',#6173);
#6173 = CARTESIAN_POINT('',(-2.780857221624,-4.095,-1.665334536938E-16)
  );
#6174 = CIRCLE('',#6175,0.25);
#6175 = AXIS2_PLACEMENT_3D('',#6176,#6177,#6178);
#6176 = CARTESIAN_POINT('',(-2.780857221624,-4.095,0.25));
#6177 = DIRECTION('',(1.144237745222E-17,1.,7.703719777549E-34));
#6178 = DIRECTION('',(0.984807753012,-1.126854202784E-17,-0.173648177667
    ));
#6179 = ORIENTED_EDGE('',*,*,#6180,.T.);
#6180 = EDGE_CURVE('',#6172,#6181,#6183,.T.);
#6181 = VERTEX_POINT('',#6182);
#6182 = CARTESIAN_POINT('',(-3.2,-4.095,-1.665334536938E-16));
#6183 = LINE('',#6184,#6185);
#6184 = CARTESIAN_POINT('',(-2.780857221624,-4.095,-1.665334536938E-16)
  );
#6185 = VECTOR('',#6186,1.);
#6186 = DIRECTION('',(-1.,1.144237745222E-17,0.));
#6187 = ORIENTED_EDGE('',*,*,#6188,.T.);
#6188 = EDGE_CURVE('',#6181,#6189,#6191,.T.);
#6189 = VERTEX_POINT('',#6190);
#6190 = CARTESIAN_POINT('',(-3.2,-4.095,0.15));
#6191 = LINE('',#6192,#6193);
#6192 = CARTESIAN_POINT('',(-3.2,-4.095,-1.665334536938E-16));
#6193 = VECTOR('',#6194,1.);
#6194 = DIRECTION('',(0.,0.,1.));
#6195 = ORIENTED_EDGE('',*,*,#6196,.T.);
#6196 = EDGE_CURVE('',#6189,#6197,#6199,.T.);
#6197 = VERTEX_POINT('',#6198);
#6198 = CARTESIAN_POINT('',(-2.780857221624,-4.095,0.15));
#6199 = LINE('',#6200,#6201);
#6200 = CARTESIAN_POINT('',(-3.2,-4.095,0.15));
#6201 = VECTOR('',#6202,1.);
#6202 = DIRECTION('',(1.,-1.144237745222E-17,0.));
#6203 = ORIENTED_EDGE('',*,*,#6204,.T.);
#6204 = EDGE_CURVE('',#6197,#6205,#6207,.T.);
#6205 = VERTEX_POINT('',#6206);
#6206 = CARTESIAN_POINT('',(-2.682376446323,-4.095,0.232635182233));
#6207 = CIRCLE('',#6208,0.1);
#6208 = AXIS2_PLACEMENT_3D('',#6209,#6210,#6211);
#6209 = CARTESIAN_POINT('',(-2.780857221624,-4.095,0.25));
#6210 = DIRECTION('',(-1.144237745222E-17,-1.,-0.));
#6211 = DIRECTION('',(0.,0.,-1.));
#6212 = ORIENTED_EDGE('',*,*,#6213,.T.);
#6213 = EDGE_CURVE('',#6205,#6214,#6216,.T.);
#6214 = VERTEX_POINT('',#6215);
#6215 = CARTESIAN_POINT('',(-2.646201938253,-4.095,0.468412044417));
#6216 = LINE('',#6217,#6218);
#6217 = CARTESIAN_POINT('',(-2.682376446323,-4.095,0.232635182233));
#6218 = VECTOR('',#6219,1.);
#6219 = DIRECTION('',(0.151652327974,-1.735263178185E-18,0.988433898356)
  );
#6220 = ORIENTED_EDGE('',*,*,#6221,.T.);
#6221 = EDGE_CURVE('',#6214,#6222,#6224,.T.);
#6222 = VERTEX_POINT('',#6223);
#6223 = CARTESIAN_POINT('',(-2.4,-4.095,0.675));
#6224 = CIRCLE('',#6225,0.25);
#6225 = AXIS2_PLACEMENT_3D('',#6226,#6227,#6228);
#6226 = CARTESIAN_POINT('',(-2.4,-4.095,0.425));
#6227 = DIRECTION('',(1.144237745222E-17,1.,-3.851859888774E-34));
#6228 = DIRECTION('',(-0.984807753012,1.126854202784E-17,0.173648177667)
  );
#6229 = ORIENTED_EDGE('',*,*,#6230,.T.);
#6230 = EDGE_CURVE('',#6222,#3580,#6231,.T.);
#6231 = LINE('',#6232,#6233);
#6232 = CARTESIAN_POINT('',(-2.4,-4.095,0.675));
#6233 = VECTOR('',#6234,1.);
#6234 = DIRECTION('',(1.,-1.144237745222E-17,0.));
#6235 = PLANE('',#6236);
#6236 = AXIS2_PLACEMENT_3D('',#6237,#6238,#6239);
#6237 = CARTESIAN_POINT('',(-2.637203454365,-4.095,0.317854565708));
#6238 = DIRECTION('',(1.144237745222E-17,1.,0.));
#6239 = DIRECTION('',(0.,-0.,1.));
#6240 = ADVANCED_FACE('',(#6241),#6257,.F.);
#6241 = FACE_BOUND('',#6242,.F.);
#6242 = EDGE_LOOP('',(#6243,#6244,#6250,#6251));
#6243 = ORIENTED_EDGE('',*,*,#3596,.T.);
#6244 = ORIENTED_EDGE('',*,*,#6245,.T.);
#6245 = EDGE_CURVE('',#3589,#5413,#6246,.T.);
#6246 = LINE('',#6247,#6248);
#6247 = CARTESIAN_POINT('',(-2.4,-3.705,0.675));
#6248 = VECTOR('',#6249,1.);
#6249 = DIRECTION('',(1.,-1.144237745222E-17,0.));
#6250 = ORIENTED_EDGE('',*,*,#5412,.F.);
#6251 = ORIENTED_EDGE('',*,*,#6252,.F.);
#6252 = EDGE_CURVE('',#3580,#5405,#6253,.T.);
#6253 = LINE('',#6254,#6255);
#6254 = CARTESIAN_POINT('',(-2.4,-4.095,0.675));
#6255 = VECTOR('',#6256,1.);
#6256 = DIRECTION('',(1.,-1.144237745222E-17,0.));
#6257 = PLANE('',#6258);
#6258 = AXIS2_PLACEMENT_3D('',#6259,#6260,#6261);
#6259 = CARTESIAN_POINT('',(-2.640908612089E-16,4.825,0.675));
#6260 = DIRECTION('',(-8.458391581173E-32,3.012014365389E-27,-1.));
#6261 = DIRECTION('',(1.,1.108771071988E-16,-8.45839158114E-32));
#6262 = ADVANCED_FACE('',(#6263),#6349,.F.);
#6263 = FACE_BOUND('',#6264,.F.);
#6264 = EDGE_LOOP('',(#6265,#6266,#6267,#6276,#6284,#6293,#6301,#6309,
    #6317,#6326,#6334,#6343));
#6265 = ORIENTED_EDGE('',*,*,#3588,.F.);
#6266 = ORIENTED_EDGE('',*,*,#3610,.T.);
#6267 = ORIENTED_EDGE('',*,*,#6268,.T.);
#6268 = EDGE_CURVE('',#3611,#6269,#6271,.T.);
#6269 = VERTEX_POINT('',#6270);
#6270 = CARTESIAN_POINT('',(-2.498480775301,-3.705,0.442364817767));
#6271 = CIRCLE('',#6272,0.1);
#6272 = AXIS2_PLACEMENT_3D('',#6273,#6274,#6275);
#6273 = CARTESIAN_POINT('',(-2.4,-3.705,0.425));
#6274 = DIRECTION('',(-1.144237745222E-17,-1.,4.379057701015E-47));
#6275 = DIRECTION('',(-4.440892098501E-15,5.081436361563E-32,1.));
#6276 = ORIENTED_EDGE('',*,*,#6277,.T.);
#6277 = EDGE_CURVE('',#6269,#6278,#6280,.T.);
#6278 = VERTEX_POINT('',#6279);
#6279 = CARTESIAN_POINT('',(-2.534655283371,-3.705,0.206587955583));
#6280 = LINE('',#6281,#6282);
#6281 = CARTESIAN_POINT('',(-2.498480775301,-3.705,0.442364817767));
#6282 = VECTOR('',#6283,1.);
#6283 = DIRECTION('',(-0.151652327974,1.735263178185E-18,-0.988433898356
    ));
#6284 = ORIENTED_EDGE('',*,*,#6285,.T.);
#6285 = EDGE_CURVE('',#6278,#6286,#6288,.T.);
#6286 = VERTEX_POINT('',#6287);
#6287 = CARTESIAN_POINT('',(-2.780857221624,-3.705,-1.665334536938E-16)
  );
#6288 = CIRCLE('',#6289,0.25);
#6289 = AXIS2_PLACEMENT_3D('',#6290,#6291,#6292);
#6290 = CARTESIAN_POINT('',(-2.780857221624,-3.705,0.25));
#6291 = DIRECTION('',(1.144237745222E-17,1.,7.703719777549E-34));
#6292 = DIRECTION('',(0.984807753012,-1.126854202784E-17,-0.173648177667
    ));
#6293 = ORIENTED_EDGE('',*,*,#6294,.T.);
#6294 = EDGE_CURVE('',#6286,#6295,#6297,.T.);
#6295 = VERTEX_POINT('',#6296);
#6296 = CARTESIAN_POINT('',(-3.2,-3.705,-1.665334536938E-16));
#6297 = LINE('',#6298,#6299);
#6298 = CARTESIAN_POINT('',(-2.780857221624,-3.705,-1.665334536938E-16)
  );
#6299 = VECTOR('',#6300,1.);
#6300 = DIRECTION('',(-1.,1.144237745222E-17,0.));
#6301 = ORIENTED_EDGE('',*,*,#6302,.T.);
#6302 = EDGE_CURVE('',#6295,#6303,#6305,.T.);
#6303 = VERTEX_POINT('',#6304);
#6304 = CARTESIAN_POINT('',(-3.2,-3.705,0.15));
#6305 = LINE('',#6306,#6307);
#6306 = CARTESIAN_POINT('',(-3.2,-3.705,-1.665334536938E-16));
#6307 = VECTOR('',#6308,1.);
#6308 = DIRECTION('',(0.,0.,1.));
#6309 = ORIENTED_EDGE('',*,*,#6310,.T.);
#6310 = EDGE_CURVE('',#6303,#6311,#6313,.T.);
#6311 = VERTEX_POINT('',#6312);
#6312 = CARTESIAN_POINT('',(-2.780857221624,-3.705,0.15));
#6313 = LINE('',#6314,#6315);
#6314 = CARTESIAN_POINT('',(-3.2,-3.705,0.15));
#6315 = VECTOR('',#6316,1.);
#6316 = DIRECTION('',(1.,-1.144237745222E-17,0.));
#6317 = ORIENTED_EDGE('',*,*,#6318,.T.);
#6318 = EDGE_CURVE('',#6311,#6319,#6321,.T.);
#6319 = VERTEX_POINT('',#6320);
#6320 = CARTESIAN_POINT('',(-2.682376446323,-3.705,0.232635182233));
#6321 = CIRCLE('',#6322,0.1);
#6322 = AXIS2_PLACEMENT_3D('',#6323,#6324,#6325);
#6323 = CARTESIAN_POINT('',(-2.780857221624,-3.705,0.25));
#6324 = DIRECTION('',(-1.144237745222E-17,-1.,-0.));
#6325 = DIRECTION('',(0.,0.,-1.));
#6326 = ORIENTED_EDGE('',*,*,#6327,.T.);
#6327 = EDGE_CURVE('',#6319,#6328,#6330,.T.);
#6328 = VERTEX_POINT('',#6329);
#6329 = CARTESIAN_POINT('',(-2.646201938253,-3.705,0.468412044417));
#6330 = LINE('',#6331,#6332);
#6331 = CARTESIAN_POINT('',(-2.682376446323,-3.705,0.232635182233));
#6332 = VECTOR('',#6333,1.);
#6333 = DIRECTION('',(0.151652327974,-1.735263178185E-18,0.988433898356)
  );
#6334 = ORIENTED_EDGE('',*,*,#6335,.T.);
#6335 = EDGE_CURVE('',#6328,#6336,#6338,.T.);
#6336 = VERTEX_POINT('',#6337);
#6337 = CARTESIAN_POINT('',(-2.4,-3.705,0.675));
#6338 = CIRCLE('',#6339,0.25);
#6339 = AXIS2_PLACEMENT_3D('',#6340,#6341,#6342);
#6340 = CARTESIAN_POINT('',(-2.4,-3.705,0.425));
#6341 = DIRECTION('',(1.144237745222E-17,1.,-3.851859888774E-34));
#6342 = DIRECTION('',(-0.984807753012,1.126854202784E-17,0.173648177667)
  );
#6343 = ORIENTED_EDGE('',*,*,#6344,.T.);
#6344 = EDGE_CURVE('',#6336,#3589,#6345,.T.);
#6345 = LINE('',#6346,#6347);
#6346 = CARTESIAN_POINT('',(-2.4,-3.705,0.675));
#6347 = VECTOR('',#6348,1.);
#6348 = DIRECTION('',(1.,-1.144237745222E-17,0.));
#6349 = PLANE('',#6350);
#6350 = AXIS2_PLACEMENT_3D('',#6351,#6352,#6353);
#6351 = CARTESIAN_POINT('',(-2.637203454365,-3.705,0.317854565708));
#6352 = DIRECTION('',(1.144237745222E-17,1.,0.));
#6353 = DIRECTION('',(0.,-0.,1.));
#6354 = ADVANCED_FACE('',(#6355),#6374,.F.);
#6355 = FACE_BOUND('',#6356,.F.);
#6356 = EDGE_LOOP('',(#6357,#6358,#6367,#6373));
#6357 = ORIENTED_EDGE('',*,*,#3627,.T.);
#6358 = ORIENTED_EDGE('',*,*,#6359,.T.);
#6359 = EDGE_CURVE('',#3620,#6360,#6362,.T.);
#6360 = VERTEX_POINT('',#6361);
#6361 = CARTESIAN_POINT('',(-2.498480775301,-3.445,0.442364817767));
#6362 = CIRCLE('',#6363,0.1);
#6363 = AXIS2_PLACEMENT_3D('',#6364,#6365,#6366);
#6364 = CARTESIAN_POINT('',(-2.4,-3.445,0.425));
#6365 = DIRECTION('',(-1.144237745222E-17,-1.,4.379057701015E-47));
#6366 = DIRECTION('',(-4.440892098501E-15,5.081436361563E-32,1.));
#6367 = ORIENTED_EDGE('',*,*,#6368,.F.);
#6368 = EDGE_CURVE('',#6269,#6360,#6369,.T.);
#6369 = LINE('',#6370,#6371);
#6370 = CARTESIAN_POINT('',(-2.498480775301,-3.705,0.442364817767));
#6371 = VECTOR('',#6372,1.);
#6372 = DIRECTION('',(1.144237745222E-17,1.,0.));
#6373 = ORIENTED_EDGE('',*,*,#6268,.F.);
#6374 = CYLINDRICAL_SURFACE('',#6375,0.1);
#6375 = AXIS2_PLACEMENT_3D('',#6376,#6377,#6378);
#6376 = CARTESIAN_POINT('',(-2.4,-3.705,0.425));
#6377 = DIRECTION('',(-1.144237745222E-17,-1.,0.));
#6378 = DIRECTION('',(-4.440892098501E-15,5.081436361563E-32,1.));
#6379 = ADVANCED_FACE('',(#6380),#6458,.T.);
#6380 = FACE_BOUND('',#6381,.T.);
#6381 = EDGE_LOOP('',(#6382,#6383,#6384,#6385,#6393,#6402,#6410,#6418,
    #6426,#6435,#6443,#6452));
#6382 = ORIENTED_EDGE('',*,*,#3641,.F.);
#6383 = ORIENTED_EDGE('',*,*,#3619,.T.);
#6384 = ORIENTED_EDGE('',*,*,#6359,.T.);
#6385 = ORIENTED_EDGE('',*,*,#6386,.T.);
#6386 = EDGE_CURVE('',#6360,#6387,#6389,.T.);
#6387 = VERTEX_POINT('',#6388);
#6388 = CARTESIAN_POINT('',(-2.534655283371,-3.445,0.206587955583));
#6389 = LINE('',#6390,#6391);
#6390 = CARTESIAN_POINT('',(-2.498480775301,-3.445,0.442364817767));
#6391 = VECTOR('',#6392,1.);
#6392 = DIRECTION('',(-0.151652327974,1.735263178185E-18,-0.988433898356
    ));
#6393 = ORIENTED_EDGE('',*,*,#6394,.T.);
#6394 = EDGE_CURVE('',#6387,#6395,#6397,.T.);
#6395 = VERTEX_POINT('',#6396);
#6396 = CARTESIAN_POINT('',(-2.780857221624,-3.445,-1.665334536938E-16)
  );
#6397 = CIRCLE('',#6398,0.25);
#6398 = AXIS2_PLACEMENT_3D('',#6399,#6400,#6401);
#6399 = CARTESIAN_POINT('',(-2.780857221624,-3.445,0.25));
#6400 = DIRECTION('',(1.144237745222E-17,1.,7.703719777549E-34));
#6401 = DIRECTION('',(0.984807753012,-1.126854202784E-17,-0.173648177667
    ));
#6402 = ORIENTED_EDGE('',*,*,#6403,.T.);
#6403 = EDGE_CURVE('',#6395,#6404,#6406,.T.);
#6404 = VERTEX_POINT('',#6405);
#6405 = CARTESIAN_POINT('',(-3.2,-3.445,-1.665334536938E-16));
#6406 = LINE('',#6407,#6408);
#6407 = CARTESIAN_POINT('',(-2.780857221624,-3.445,-1.665334536938E-16)
  );
#6408 = VECTOR('',#6409,1.);
#6409 = DIRECTION('',(-1.,1.144237745222E-17,0.));
#6410 = ORIENTED_EDGE('',*,*,#6411,.T.);
#6411 = EDGE_CURVE('',#6404,#6412,#6414,.T.);
#6412 = VERTEX_POINT('',#6413);
#6413 = CARTESIAN_POINT('',(-3.2,-3.445,0.15));
#6414 = LINE('',#6415,#6416);
#6415 = CARTESIAN_POINT('',(-3.2,-3.445,-1.665334536938E-16));
#6416 = VECTOR('',#6417,1.);
#6417 = DIRECTION('',(0.,0.,1.));
#6418 = ORIENTED_EDGE('',*,*,#6419,.T.);
#6419 = EDGE_CURVE('',#6412,#6420,#6422,.T.);
#6420 = VERTEX_POINT('',#6421);
#6421 = CARTESIAN_POINT('',(-2.780857221624,-3.445,0.15));
#6422 = LINE('',#6423,#6424);
#6423 = CARTESIAN_POINT('',(-3.2,-3.445,0.15));
#6424 = VECTOR('',#6425,1.);
#6425 = DIRECTION('',(1.,-1.144237745222E-17,0.));
#6426 = ORIENTED_EDGE('',*,*,#6427,.T.);
#6427 = EDGE_CURVE('',#6420,#6428,#6430,.T.);
#6428 = VERTEX_POINT('',#6429);
#6429 = CARTESIAN_POINT('',(-2.682376446323,-3.445,0.232635182233));
#6430 = CIRCLE('',#6431,0.1);
#6431 = AXIS2_PLACEMENT_3D('',#6432,#6433,#6434);
#6432 = CARTESIAN_POINT('',(-2.780857221624,-3.445,0.25));
#6433 = DIRECTION('',(-1.144237745222E-17,-1.,-0.));
#6434 = DIRECTION('',(0.,0.,-1.));
#6435 = ORIENTED_EDGE('',*,*,#6436,.T.);
#6436 = EDGE_CURVE('',#6428,#6437,#6439,.T.);
#6437 = VERTEX_POINT('',#6438);
#6438 = CARTESIAN_POINT('',(-2.646201938253,-3.445,0.468412044417));
#6439 = LINE('',#6440,#6441);
#6440 = CARTESIAN_POINT('',(-2.682376446323,-3.445,0.232635182233));
#6441 = VECTOR('',#6442,1.);
#6442 = DIRECTION('',(0.151652327974,-1.735263178185E-18,0.988433898356)
  );
#6443 = ORIENTED_EDGE('',*,*,#6444,.T.);
#6444 = EDGE_CURVE('',#6437,#6445,#6447,.T.);
#6445 = VERTEX_POINT('',#6446);
#6446 = CARTESIAN_POINT('',(-2.4,-3.445,0.675));
#6447 = CIRCLE('',#6448,0.25);
#6448 = AXIS2_PLACEMENT_3D('',#6449,#6450,#6451);
#6449 = CARTESIAN_POINT('',(-2.4,-3.445,0.425));
#6450 = DIRECTION('',(1.144237745222E-17,1.,-3.851859888774E-34));
#6451 = DIRECTION('',(-0.984807753012,1.126854202784E-17,0.173648177667)
  );
#6452 = ORIENTED_EDGE('',*,*,#6453,.T.);
#6453 = EDGE_CURVE('',#6445,#3642,#6454,.T.);
#6454 = LINE('',#6455,#6456);
#6455 = CARTESIAN_POINT('',(-2.4,-3.445,0.675));
#6456 = VECTOR('',#6457,1.);
#6457 = DIRECTION('',(1.,-1.144237745222E-17,0.));
#6458 = PLANE('',#6459);
#6459 = AXIS2_PLACEMENT_3D('',#6460,#6461,#6462);
#6460 = CARTESIAN_POINT('',(-2.637203454365,-3.445,0.317854565708));
#6461 = DIRECTION('',(1.144237745222E-17,1.,0.));
#6462 = DIRECTION('',(0.,-0.,1.));
#6463 = ADVANCED_FACE('',(#6464),#6480,.F.);
#6464 = FACE_BOUND('',#6465,.F.);
#6465 = EDGE_LOOP('',(#6466,#6467,#6473,#6474));
#6466 = ORIENTED_EDGE('',*,*,#3658,.T.);
#6467 = ORIENTED_EDGE('',*,*,#6468,.T.);
#6468 = EDGE_CURVE('',#3651,#5429,#6469,.T.);
#6469 = LINE('',#6470,#6471);
#6470 = CARTESIAN_POINT('',(-2.4,-3.055,0.675));
#6471 = VECTOR('',#6472,1.);
#6472 = DIRECTION('',(1.,-1.144237745222E-17,0.));
#6473 = ORIENTED_EDGE('',*,*,#5428,.F.);
#6474 = ORIENTED_EDGE('',*,*,#6475,.F.);
#6475 = EDGE_CURVE('',#3642,#5421,#6476,.T.);
#6476 = LINE('',#6477,#6478);
#6477 = CARTESIAN_POINT('',(-2.4,-3.445,0.675));
#6478 = VECTOR('',#6479,1.);
#6479 = DIRECTION('',(1.,-1.144237745222E-17,0.));
#6480 = PLANE('',#6481);
#6481 = AXIS2_PLACEMENT_3D('',#6482,#6483,#6484);
#6482 = CARTESIAN_POINT('',(-2.640908612089E-16,4.825,0.675));
#6483 = DIRECTION('',(-8.458391581173E-32,3.012014365389E-27,-1.));
#6484 = DIRECTION('',(1.,1.108771071988E-16,-8.45839158114E-32));
#6485 = ADVANCED_FACE('',(#6486),#6572,.F.);
#6486 = FACE_BOUND('',#6487,.F.);
#6487 = EDGE_LOOP('',(#6488,#6489,#6490,#6499,#6507,#6516,#6524,#6532,
    #6540,#6549,#6557,#6566));
#6488 = ORIENTED_EDGE('',*,*,#3650,.F.);
#6489 = ORIENTED_EDGE('',*,*,#3672,.T.);
#6490 = ORIENTED_EDGE('',*,*,#6491,.T.);
#6491 = EDGE_CURVE('',#3673,#6492,#6494,.T.);
#6492 = VERTEX_POINT('',#6493);
#6493 = CARTESIAN_POINT('',(-2.498480775301,-3.055,0.442364817767));
#6494 = CIRCLE('',#6495,0.1);
#6495 = AXIS2_PLACEMENT_3D('',#6496,#6497,#6498);
#6496 = CARTESIAN_POINT('',(-2.4,-3.055,0.425));
#6497 = DIRECTION('',(-1.144237745222E-17,-1.,4.379057701015E-47));
#6498 = DIRECTION('',(-4.440892098501E-15,5.081436361563E-32,1.));
#6499 = ORIENTED_EDGE('',*,*,#6500,.T.);
#6500 = EDGE_CURVE('',#6492,#6501,#6503,.T.);
#6501 = VERTEX_POINT('',#6502);
#6502 = CARTESIAN_POINT('',(-2.534655283371,-3.055,0.206587955583));
#6503 = LINE('',#6504,#6505);
#6504 = CARTESIAN_POINT('',(-2.498480775301,-3.055,0.442364817767));
#6505 = VECTOR('',#6506,1.);
#6506 = DIRECTION('',(-0.151652327974,1.735263178185E-18,-0.988433898356
    ));
#6507 = ORIENTED_EDGE('',*,*,#6508,.T.);
#6508 = EDGE_CURVE('',#6501,#6509,#6511,.T.);
#6509 = VERTEX_POINT('',#6510);
#6510 = CARTESIAN_POINT('',(-2.780857221624,-3.055,-1.665334536938E-16)
  );
#6511 = CIRCLE('',#6512,0.25);
#6512 = AXIS2_PLACEMENT_3D('',#6513,#6514,#6515);
#6513 = CARTESIAN_POINT('',(-2.780857221624,-3.055,0.25));
#6514 = DIRECTION('',(1.144237745222E-17,1.,7.703719777549E-34));
#6515 = DIRECTION('',(0.984807753012,-1.126854202784E-17,-0.173648177667
    ));
#6516 = ORIENTED_EDGE('',*,*,#6517,.T.);
#6517 = EDGE_CURVE('',#6509,#6518,#6520,.T.);
#6518 = VERTEX_POINT('',#6519);
#6519 = CARTESIAN_POINT('',(-3.2,-3.055,-1.665334536938E-16));
#6520 = LINE('',#6521,#6522);
#6521 = CARTESIAN_POINT('',(-2.780857221624,-3.055,-1.665334536938E-16)
  );
#6522 = VECTOR('',#6523,1.);
#6523 = DIRECTION('',(-1.,1.144237745222E-17,0.));
#6524 = ORIENTED_EDGE('',*,*,#6525,.T.);
#6525 = EDGE_CURVE('',#6518,#6526,#6528,.T.);
#6526 = VERTEX_POINT('',#6527);
#6527 = CARTESIAN_POINT('',(-3.2,-3.055,0.15));
#6528 = LINE('',#6529,#6530);
#6529 = CARTESIAN_POINT('',(-3.2,-3.055,-1.665334536938E-16));
#6530 = VECTOR('',#6531,1.);
#6531 = DIRECTION('',(0.,0.,1.));
#6532 = ORIENTED_EDGE('',*,*,#6533,.T.);
#6533 = EDGE_CURVE('',#6526,#6534,#6536,.T.);
#6534 = VERTEX_POINT('',#6535);
#6535 = CARTESIAN_POINT('',(-2.780857221624,-3.055,0.15));
#6536 = LINE('',#6537,#6538);
#6537 = CARTESIAN_POINT('',(-3.2,-3.055,0.15));
#6538 = VECTOR('',#6539,1.);
#6539 = DIRECTION('',(1.,-1.144237745222E-17,0.));
#6540 = ORIENTED_EDGE('',*,*,#6541,.T.);
#6541 = EDGE_CURVE('',#6534,#6542,#6544,.T.);
#6542 = VERTEX_POINT('',#6543);
#6543 = CARTESIAN_POINT('',(-2.682376446323,-3.055,0.232635182233));
#6544 = CIRCLE('',#6545,0.1);
#6545 = AXIS2_PLACEMENT_3D('',#6546,#6547,#6548);
#6546 = CARTESIAN_POINT('',(-2.780857221624,-3.055,0.25));
#6547 = DIRECTION('',(-1.144237745222E-17,-1.,-0.));
#6548 = DIRECTION('',(0.,0.,-1.));
#6549 = ORIENTED_EDGE('',*,*,#6550,.T.);
#6550 = EDGE_CURVE('',#6542,#6551,#6553,.T.);
#6551 = VERTEX_POINT('',#6552);
#6552 = CARTESIAN_POINT('',(-2.646201938253,-3.055,0.468412044417));
#6553 = LINE('',#6554,#6555);
#6554 = CARTESIAN_POINT('',(-2.682376446323,-3.055,0.232635182233));
#6555 = VECTOR('',#6556,1.);
#6556 = DIRECTION('',(0.151652327974,-1.735263178185E-18,0.988433898356)
  );
#6557 = ORIENTED_EDGE('',*,*,#6558,.T.);
#6558 = EDGE_CURVE('',#6551,#6559,#6561,.T.);
#6559 = VERTEX_POINT('',#6560);
#6560 = CARTESIAN_POINT('',(-2.4,-3.055,0.675));
#6561 = CIRCLE('',#6562,0.25);
#6562 = AXIS2_PLACEMENT_3D('',#6563,#6564,#6565);
#6563 = CARTESIAN_POINT('',(-2.4,-3.055,0.425));
#6564 = DIRECTION('',(1.144237745222E-17,1.,-3.851859888774E-34));
#6565 = DIRECTION('',(-0.984807753012,1.126854202784E-17,0.173648177667)
  );
#6566 = ORIENTED_EDGE('',*,*,#6567,.T.);
#6567 = EDGE_CURVE('',#6559,#3651,#6568,.T.);
#6568 = LINE('',#6569,#6570);
#6569 = CARTESIAN_POINT('',(-2.4,-3.055,0.675));
#6570 = VECTOR('',#6571,1.);
#6571 = DIRECTION('',(1.,-1.144237745222E-17,0.));
#6572 = PLANE('',#6573);
#6573 = AXIS2_PLACEMENT_3D('',#6574,#6575,#6576);
#6574 = CARTESIAN_POINT('',(-2.637203454365,-3.055,0.317854565708));
#6575 = DIRECTION('',(1.144237745222E-17,1.,0.));
#6576 = DIRECTION('',(0.,-0.,1.));
#6577 = ADVANCED_FACE('',(#6578),#6597,.F.);
#6578 = FACE_BOUND('',#6579,.F.);
#6579 = EDGE_LOOP('',(#6580,#6581,#6590,#6596));
#6580 = ORIENTED_EDGE('',*,*,#3689,.T.);
#6581 = ORIENTED_EDGE('',*,*,#6582,.T.);
#6582 = EDGE_CURVE('',#3682,#6583,#6585,.T.);
#6583 = VERTEX_POINT('',#6584);
#6584 = CARTESIAN_POINT('',(-2.498480775301,-2.795,0.442364817767));
#6585 = CIRCLE('',#6586,0.1);
#6586 = AXIS2_PLACEMENT_3D('',#6587,#6588,#6589);
#6587 = CARTESIAN_POINT('',(-2.4,-2.795,0.425));
#6588 = DIRECTION('',(-1.144237745222E-17,-1.,4.379057701015E-47));
#6589 = DIRECTION('',(-4.440892098501E-15,5.081436361563E-32,1.));
#6590 = ORIENTED_EDGE('',*,*,#6591,.F.);
#6591 = EDGE_CURVE('',#6492,#6583,#6592,.T.);
#6592 = LINE('',#6593,#6594);
#6593 = CARTESIAN_POINT('',(-2.498480775301,-3.055,0.442364817767));
#6594 = VECTOR('',#6595,1.);
#6595 = DIRECTION('',(1.144237745222E-17,1.,0.));
#6596 = ORIENTED_EDGE('',*,*,#6491,.F.);
#6597 = CYLINDRICAL_SURFACE('',#6598,0.1);
#6598 = AXIS2_PLACEMENT_3D('',#6599,#6600,#6601);
#6599 = CARTESIAN_POINT('',(-2.4,-3.055,0.425));
#6600 = DIRECTION('',(-1.144237745222E-17,-1.,0.));
#6601 = DIRECTION('',(-4.440892098501E-15,5.081436361563E-32,1.));
#6602 = ADVANCED_FACE('',(#6603),#6681,.T.);
#6603 = FACE_BOUND('',#6604,.T.);
#6604 = EDGE_LOOP('',(#6605,#6606,#6607,#6608,#6616,#6625,#6633,#6641,
    #6649,#6658,#6666,#6675));
#6605 = ORIENTED_EDGE('',*,*,#3703,.F.);
#6606 = ORIENTED_EDGE('',*,*,#3681,.T.);
#6607 = ORIENTED_EDGE('',*,*,#6582,.T.);
#6608 = ORIENTED_EDGE('',*,*,#6609,.T.);
#6609 = EDGE_CURVE('',#6583,#6610,#6612,.T.);
#6610 = VERTEX_POINT('',#6611);
#6611 = CARTESIAN_POINT('',(-2.534655283371,-2.795,0.206587955583));
#6612 = LINE('',#6613,#6614);
#6613 = CARTESIAN_POINT('',(-2.498480775301,-2.795,0.442364817767));
#6614 = VECTOR('',#6615,1.);
#6615 = DIRECTION('',(-0.151652327974,1.735263178185E-18,-0.988433898356
    ));
#6616 = ORIENTED_EDGE('',*,*,#6617,.T.);
#6617 = EDGE_CURVE('',#6610,#6618,#6620,.T.);
#6618 = VERTEX_POINT('',#6619);
#6619 = CARTESIAN_POINT('',(-2.780857221624,-2.795,-1.665334536938E-16)
  );
#6620 = CIRCLE('',#6621,0.25);
#6621 = AXIS2_PLACEMENT_3D('',#6622,#6623,#6624);
#6622 = CARTESIAN_POINT('',(-2.780857221624,-2.795,0.25));
#6623 = DIRECTION('',(1.144237745222E-17,1.,7.703719777549E-34));
#6624 = DIRECTION('',(0.984807753012,-1.126854202784E-17,-0.173648177667
    ));
#6625 = ORIENTED_EDGE('',*,*,#6626,.T.);
#6626 = EDGE_CURVE('',#6618,#6627,#6629,.T.);
#6627 = VERTEX_POINT('',#6628);
#6628 = CARTESIAN_POINT('',(-3.2,-2.795,-1.665334536938E-16));
#6629 = LINE('',#6630,#6631);
#6630 = CARTESIAN_POINT('',(-2.780857221624,-2.795,-1.665334536938E-16)
  );
#6631 = VECTOR('',#6632,1.);
#6632 = DIRECTION('',(-1.,1.144237745222E-17,0.));
#6633 = ORIENTED_EDGE('',*,*,#6634,.T.);
#6634 = EDGE_CURVE('',#6627,#6635,#6637,.T.);
#6635 = VERTEX_POINT('',#6636);
#6636 = CARTESIAN_POINT('',(-3.2,-2.795,0.15));
#6637 = LINE('',#6638,#6639);
#6638 = CARTESIAN_POINT('',(-3.2,-2.795,-1.665334536938E-16));
#6639 = VECTOR('',#6640,1.);
#6640 = DIRECTION('',(0.,0.,1.));
#6641 = ORIENTED_EDGE('',*,*,#6642,.T.);
#6642 = EDGE_CURVE('',#6635,#6643,#6645,.T.);
#6643 = VERTEX_POINT('',#6644);
#6644 = CARTESIAN_POINT('',(-2.780857221624,-2.795,0.15));
#6645 = LINE('',#6646,#6647);
#6646 = CARTESIAN_POINT('',(-3.2,-2.795,0.15));
#6647 = VECTOR('',#6648,1.);
#6648 = DIRECTION('',(1.,-1.144237745222E-17,0.));
#6649 = ORIENTED_EDGE('',*,*,#6650,.T.);
#6650 = EDGE_CURVE('',#6643,#6651,#6653,.T.);
#6651 = VERTEX_POINT('',#6652);
#6652 = CARTESIAN_POINT('',(-2.682376446323,-2.795,0.232635182233));
#6653 = CIRCLE('',#6654,0.1);
#6654 = AXIS2_PLACEMENT_3D('',#6655,#6656,#6657);
#6655 = CARTESIAN_POINT('',(-2.780857221624,-2.795,0.25));
#6656 = DIRECTION('',(-1.144237745222E-17,-1.,-0.));
#6657 = DIRECTION('',(0.,0.,-1.));
#6658 = ORIENTED_EDGE('',*,*,#6659,.T.);
#6659 = EDGE_CURVE('',#6651,#6660,#6662,.T.);
#6660 = VERTEX_POINT('',#6661);
#6661 = CARTESIAN_POINT('',(-2.646201938253,-2.795,0.468412044417));
#6662 = LINE('',#6663,#6664);
#6663 = CARTESIAN_POINT('',(-2.682376446323,-2.795,0.232635182233));
#6664 = VECTOR('',#6665,1.);
#6665 = DIRECTION('',(0.151652327974,-1.735263178185E-18,0.988433898356)
  );
#6666 = ORIENTED_EDGE('',*,*,#6667,.T.);
#6667 = EDGE_CURVE('',#6660,#6668,#6670,.T.);
#6668 = VERTEX_POINT('',#6669);
#6669 = CARTESIAN_POINT('',(-2.4,-2.795,0.675));
#6670 = CIRCLE('',#6671,0.25);
#6671 = AXIS2_PLACEMENT_3D('',#6672,#6673,#6674);
#6672 = CARTESIAN_POINT('',(-2.4,-2.795,0.425));
#6673 = DIRECTION('',(1.144237745222E-17,1.,-3.851859888774E-34));
#6674 = DIRECTION('',(-0.984807753012,1.126854202784E-17,0.173648177667)
  );
#6675 = ORIENTED_EDGE('',*,*,#6676,.T.);
#6676 = EDGE_CURVE('',#6668,#3704,#6677,.T.);
#6677 = LINE('',#6678,#6679);
#6678 = CARTESIAN_POINT('',(-2.4,-2.795,0.675));
#6679 = VECTOR('',#6680,1.);
#6680 = DIRECTION('',(1.,-1.144237745222E-17,0.));
#6681 = PLANE('',#6682);
#6682 = AXIS2_PLACEMENT_3D('',#6683,#6684,#6685);
#6683 = CARTESIAN_POINT('',(-2.637203454365,-2.795,0.317854565708));
#6684 = DIRECTION('',(1.144237745222E-17,1.,0.));
#6685 = DIRECTION('',(0.,-0.,1.));
#6686 = ADVANCED_FACE('',(#6687),#6703,.F.);
#6687 = FACE_BOUND('',#6688,.F.);
#6688 = EDGE_LOOP('',(#6689,#6690,#6696,#6697));
#6689 = ORIENTED_EDGE('',*,*,#3720,.T.);
#6690 = ORIENTED_EDGE('',*,*,#6691,.T.);
#6691 = EDGE_CURVE('',#3713,#5445,#6692,.T.);
#6692 = LINE('',#6693,#6694);
#6693 = CARTESIAN_POINT('',(-2.4,-2.405,0.675));
#6694 = VECTOR('',#6695,1.);
#6695 = DIRECTION('',(1.,-1.144237745222E-17,0.));
#6696 = ORIENTED_EDGE('',*,*,#5444,.F.);
#6697 = ORIENTED_EDGE('',*,*,#6698,.F.);
#6698 = EDGE_CURVE('',#3704,#5437,#6699,.T.);
#6699 = LINE('',#6700,#6701);
#6700 = CARTESIAN_POINT('',(-2.4,-2.795,0.675));
#6701 = VECTOR('',#6702,1.);
#6702 = DIRECTION('',(1.,-1.144237745222E-17,0.));
#6703 = PLANE('',#6704);
#6704 = AXIS2_PLACEMENT_3D('',#6705,#6706,#6707);
#6705 = CARTESIAN_POINT('',(-2.640908612089E-16,4.825,0.675));
#6706 = DIRECTION('',(-8.458391581173E-32,3.012014365389E-27,-1.));
#6707 = DIRECTION('',(1.,1.108771071988E-16,-8.45839158114E-32));
#6708 = ADVANCED_FACE('',(#6709),#6795,.F.);
#6709 = FACE_BOUND('',#6710,.F.);
#6710 = EDGE_LOOP('',(#6711,#6712,#6713,#6722,#6730,#6739,#6747,#6755,
    #6763,#6772,#6780,#6789));
#6711 = ORIENTED_EDGE('',*,*,#3712,.F.);
#6712 = ORIENTED_EDGE('',*,*,#3734,.T.);
#6713 = ORIENTED_EDGE('',*,*,#6714,.T.);
#6714 = EDGE_CURVE('',#3735,#6715,#6717,.T.);
#6715 = VERTEX_POINT('',#6716);
#6716 = CARTESIAN_POINT('',(-2.498480775301,-2.405,0.442364817767));
#6717 = CIRCLE('',#6718,0.1);
#6718 = AXIS2_PLACEMENT_3D('',#6719,#6720,#6721);
#6719 = CARTESIAN_POINT('',(-2.4,-2.405,0.425));
#6720 = DIRECTION('',(-1.144237745222E-17,-1.,4.379057701015E-47));
#6721 = DIRECTION('',(-4.440892098501E-15,5.081436361563E-32,1.));
#6722 = ORIENTED_EDGE('',*,*,#6723,.T.);
#6723 = EDGE_CURVE('',#6715,#6724,#6726,.T.);
#6724 = VERTEX_POINT('',#6725);
#6725 = CARTESIAN_POINT('',(-2.534655283371,-2.405,0.206587955583));
#6726 = LINE('',#6727,#6728);
#6727 = CARTESIAN_POINT('',(-2.498480775301,-2.405,0.442364817767));
#6728 = VECTOR('',#6729,1.);
#6729 = DIRECTION('',(-0.151652327974,1.735263178185E-18,-0.988433898356
    ));
#6730 = ORIENTED_EDGE('',*,*,#6731,.T.);
#6731 = EDGE_CURVE('',#6724,#6732,#6734,.T.);
#6732 = VERTEX_POINT('',#6733);
#6733 = CARTESIAN_POINT('',(-2.780857221624,-2.405,-1.665334536938E-16)
  );
#6734 = CIRCLE('',#6735,0.25);
#6735 = AXIS2_PLACEMENT_3D('',#6736,#6737,#6738);
#6736 = CARTESIAN_POINT('',(-2.780857221624,-2.405,0.25));
#6737 = DIRECTION('',(1.144237745222E-17,1.,7.703719777549E-34));
#6738 = DIRECTION('',(0.984807753012,-1.126854202784E-17,-0.173648177667
    ));
#6739 = ORIENTED_EDGE('',*,*,#6740,.T.);
#6740 = EDGE_CURVE('',#6732,#6741,#6743,.T.);
#6741 = VERTEX_POINT('',#6742);
#6742 = CARTESIAN_POINT('',(-3.2,-2.405,-1.665334536938E-16));
#6743 = LINE('',#6744,#6745);
#6744 = CARTESIAN_POINT('',(-2.780857221624,-2.405,-1.665334536938E-16)
  );
#6745 = VECTOR('',#6746,1.);
#6746 = DIRECTION('',(-1.,1.144237745222E-17,0.));
#6747 = ORIENTED_EDGE('',*,*,#6748,.T.);
#6748 = EDGE_CURVE('',#6741,#6749,#6751,.T.);
#6749 = VERTEX_POINT('',#6750);
#6750 = CARTESIAN_POINT('',(-3.2,-2.405,0.15));
#6751 = LINE('',#6752,#6753);
#6752 = CARTESIAN_POINT('',(-3.2,-2.405,-1.665334536938E-16));
#6753 = VECTOR('',#6754,1.);
#6754 = DIRECTION('',(0.,0.,1.));
#6755 = ORIENTED_EDGE('',*,*,#6756,.T.);
#6756 = EDGE_CURVE('',#6749,#6757,#6759,.T.);
#6757 = VERTEX_POINT('',#6758);
#6758 = CARTESIAN_POINT('',(-2.780857221624,-2.405,0.15));
#6759 = LINE('',#6760,#6761);
#6760 = CARTESIAN_POINT('',(-3.2,-2.405,0.15));
#6761 = VECTOR('',#6762,1.);
#6762 = DIRECTION('',(1.,-1.144237745222E-17,0.));
#6763 = ORIENTED_EDGE('',*,*,#6764,.T.);
#6764 = EDGE_CURVE('',#6757,#6765,#6767,.T.);
#6765 = VERTEX_POINT('',#6766);
#6766 = CARTESIAN_POINT('',(-2.682376446323,-2.405,0.232635182233));
#6767 = CIRCLE('',#6768,0.1);
#6768 = AXIS2_PLACEMENT_3D('',#6769,#6770,#6771);
#6769 = CARTESIAN_POINT('',(-2.780857221624,-2.405,0.25));
#6770 = DIRECTION('',(-1.144237745222E-17,-1.,-0.));
#6771 = DIRECTION('',(0.,0.,-1.));
#6772 = ORIENTED_EDGE('',*,*,#6773,.T.);
#6773 = EDGE_CURVE('',#6765,#6774,#6776,.T.);
#6774 = VERTEX_POINT('',#6775);
#6775 = CARTESIAN_POINT('',(-2.646201938253,-2.405,0.468412044417));
#6776 = LINE('',#6777,#6778);
#6777 = CARTESIAN_POINT('',(-2.682376446323,-2.405,0.232635182233));
#6778 = VECTOR('',#6779,1.);
#6779 = DIRECTION('',(0.151652327974,-1.735263178185E-18,0.988433898356)
  );
#6780 = ORIENTED_EDGE('',*,*,#6781,.T.);
#6781 = EDGE_CURVE('',#6774,#6782,#6784,.T.);
#6782 = VERTEX_POINT('',#6783);
#6783 = CARTESIAN_POINT('',(-2.4,-2.405,0.675));
#6784 = CIRCLE('',#6785,0.25);
#6785 = AXIS2_PLACEMENT_3D('',#6786,#6787,#6788);
#6786 = CARTESIAN_POINT('',(-2.4,-2.405,0.425));
#6787 = DIRECTION('',(1.144237745222E-17,1.,-3.851859888774E-34));
#6788 = DIRECTION('',(-0.984807753012,1.126854202784E-17,0.173648177667)
  );
#6789 = ORIENTED_EDGE('',*,*,#6790,.T.);
#6790 = EDGE_CURVE('',#6782,#3713,#6791,.T.);
#6791 = LINE('',#6792,#6793);
#6792 = CARTESIAN_POINT('',(-2.4,-2.405,0.675));
#6793 = VECTOR('',#6794,1.);
#6794 = DIRECTION('',(1.,-1.144237745222E-17,0.));
#6795 = PLANE('',#6796);
#6796 = AXIS2_PLACEMENT_3D('',#6797,#6798,#6799);
#6797 = CARTESIAN_POINT('',(-2.637203454365,-2.405,0.317854565708));
#6798 = DIRECTION('',(1.144237745222E-17,1.,0.));
#6799 = DIRECTION('',(0.,-0.,1.));
#6800 = ADVANCED_FACE('',(#6801),#6820,.F.);
#6801 = FACE_BOUND('',#6802,.F.);
#6802 = EDGE_LOOP('',(#6803,#6804,#6813,#6819));
#6803 = ORIENTED_EDGE('',*,*,#3751,.T.);
#6804 = ORIENTED_EDGE('',*,*,#6805,.T.);
#6805 = EDGE_CURVE('',#3744,#6806,#6808,.T.);
#6806 = VERTEX_POINT('',#6807);
#6807 = CARTESIAN_POINT('',(-2.498480775301,-2.145,0.442364817767));
#6808 = CIRCLE('',#6809,0.1);
#6809 = AXIS2_PLACEMENT_3D('',#6810,#6811,#6812);
#6810 = CARTESIAN_POINT('',(-2.4,-2.145,0.425));
#6811 = DIRECTION('',(-1.144237745222E-17,-1.,4.379057701015E-47));
#6812 = DIRECTION('',(-4.440892098501E-15,5.081436361563E-32,1.));
#6813 = ORIENTED_EDGE('',*,*,#6814,.F.);
#6814 = EDGE_CURVE('',#6715,#6806,#6815,.T.);
#6815 = LINE('',#6816,#6817);
#6816 = CARTESIAN_POINT('',(-2.498480775301,-2.405,0.442364817767));
#6817 = VECTOR('',#6818,1.);
#6818 = DIRECTION('',(1.144237745222E-17,1.,0.));
#6819 = ORIENTED_EDGE('',*,*,#6714,.F.);
#6820 = CYLINDRICAL_SURFACE('',#6821,0.1);
#6821 = AXIS2_PLACEMENT_3D('',#6822,#6823,#6824);
#6822 = CARTESIAN_POINT('',(-2.4,-2.405,0.425));
#6823 = DIRECTION('',(-1.144237745222E-17,-1.,0.));
#6824 = DIRECTION('',(-4.440892098501E-15,5.081436361563E-32,1.));
#6825 = ADVANCED_FACE('',(#6826),#6904,.T.);
#6826 = FACE_BOUND('',#6827,.T.);
#6827 = EDGE_LOOP('',(#6828,#6829,#6830,#6831,#6839,#6848,#6856,#6864,
    #6872,#6881,#6889,#6898));
#6828 = ORIENTED_EDGE('',*,*,#3765,.F.);
#6829 = ORIENTED_EDGE('',*,*,#3743,.T.);
#6830 = ORIENTED_EDGE('',*,*,#6805,.T.);
#6831 = ORIENTED_EDGE('',*,*,#6832,.T.);
#6832 = EDGE_CURVE('',#6806,#6833,#6835,.T.);
#6833 = VERTEX_POINT('',#6834);
#6834 = CARTESIAN_POINT('',(-2.534655283371,-2.145,0.206587955583));
#6835 = LINE('',#6836,#6837);
#6836 = CARTESIAN_POINT('',(-2.498480775301,-2.145,0.442364817767));
#6837 = VECTOR('',#6838,1.);
#6838 = DIRECTION('',(-0.151652327974,1.735263178185E-18,-0.988433898356
    ));
#6839 = ORIENTED_EDGE('',*,*,#6840,.T.);
#6840 = EDGE_CURVE('',#6833,#6841,#6843,.T.);
#6841 = VERTEX_POINT('',#6842);
#6842 = CARTESIAN_POINT('',(-2.780857221624,-2.145,-1.665334536938E-16)
  );
#6843 = CIRCLE('',#6844,0.25);
#6844 = AXIS2_PLACEMENT_3D('',#6845,#6846,#6847);
#6845 = CARTESIAN_POINT('',(-2.780857221624,-2.145,0.25));
#6846 = DIRECTION('',(1.144237745222E-17,1.,7.703719777549E-34));
#6847 = DIRECTION('',(0.984807753012,-1.126854202784E-17,-0.173648177667
    ));
#6848 = ORIENTED_EDGE('',*,*,#6849,.T.);
#6849 = EDGE_CURVE('',#6841,#6850,#6852,.T.);
#6850 = VERTEX_POINT('',#6851);
#6851 = CARTESIAN_POINT('',(-3.2,-2.145,-1.665334536938E-16));
#6852 = LINE('',#6853,#6854);
#6853 = CARTESIAN_POINT('',(-2.780857221624,-2.145,-1.665334536938E-16)
  );
#6854 = VECTOR('',#6855,1.);
#6855 = DIRECTION('',(-1.,1.144237745222E-17,0.));
#6856 = ORIENTED_EDGE('',*,*,#6857,.T.);
#6857 = EDGE_CURVE('',#6850,#6858,#6860,.T.);
#6858 = VERTEX_POINT('',#6859);
#6859 = CARTESIAN_POINT('',(-3.2,-2.145,0.15));
#6860 = LINE('',#6861,#6862);
#6861 = CARTESIAN_POINT('',(-3.2,-2.145,-1.665334536938E-16));
#6862 = VECTOR('',#6863,1.);
#6863 = DIRECTION('',(0.,0.,1.));
#6864 = ORIENTED_EDGE('',*,*,#6865,.T.);
#6865 = EDGE_CURVE('',#6858,#6866,#6868,.T.);
#6866 = VERTEX_POINT('',#6867);
#6867 = CARTESIAN_POINT('',(-2.780857221624,-2.145,0.15));
#6868 = LINE('',#6869,#6870);
#6869 = CARTESIAN_POINT('',(-3.2,-2.145,0.15));
#6870 = VECTOR('',#6871,1.);
#6871 = DIRECTION('',(1.,-1.144237745222E-17,0.));
#6872 = ORIENTED_EDGE('',*,*,#6873,.T.);
#6873 = EDGE_CURVE('',#6866,#6874,#6876,.T.);
#6874 = VERTEX_POINT('',#6875);
#6875 = CARTESIAN_POINT('',(-2.682376446323,-2.145,0.232635182233));
#6876 = CIRCLE('',#6877,0.1);
#6877 = AXIS2_PLACEMENT_3D('',#6878,#6879,#6880);
#6878 = CARTESIAN_POINT('',(-2.780857221624,-2.145,0.25));
#6879 = DIRECTION('',(-1.144237745222E-17,-1.,-0.));
#6880 = DIRECTION('',(0.,0.,-1.));
#6881 = ORIENTED_EDGE('',*,*,#6882,.T.);
#6882 = EDGE_CURVE('',#6874,#6883,#6885,.T.);
#6883 = VERTEX_POINT('',#6884);
#6884 = CARTESIAN_POINT('',(-2.646201938253,-2.145,0.468412044417));
#6885 = LINE('',#6886,#6887);
#6886 = CARTESIAN_POINT('',(-2.682376446323,-2.145,0.232635182233));
#6887 = VECTOR('',#6888,1.);
#6888 = DIRECTION('',(0.151652327974,-1.735263178185E-18,0.988433898356)
  );
#6889 = ORIENTED_EDGE('',*,*,#6890,.T.);
#6890 = EDGE_CURVE('',#6883,#6891,#6893,.T.);
#6891 = VERTEX_POINT('',#6892);
#6892 = CARTESIAN_POINT('',(-2.4,-2.145,0.675));
#6893 = CIRCLE('',#6894,0.25);
#6894 = AXIS2_PLACEMENT_3D('',#6895,#6896,#6897);
#6895 = CARTESIAN_POINT('',(-2.4,-2.145,0.425));
#6896 = DIRECTION('',(1.144237745222E-17,1.,-3.851859888774E-34));
#6897 = DIRECTION('',(-0.984807753012,1.126854202784E-17,0.173648177667)
  );
#6898 = ORIENTED_EDGE('',*,*,#6899,.T.);
#6899 = EDGE_CURVE('',#6891,#3766,#6900,.T.);
#6900 = LINE('',#6901,#6902);
#6901 = CARTESIAN_POINT('',(-2.4,-2.145,0.675));
#6902 = VECTOR('',#6903,1.);
#6903 = DIRECTION('',(1.,-1.144237745222E-17,0.));
#6904 = PLANE('',#6905);
#6905 = AXIS2_PLACEMENT_3D('',#6906,#6907,#6908);
#6906 = CARTESIAN_POINT('',(-2.637203454365,-2.145,0.317854565708));
#6907 = DIRECTION('',(1.144237745222E-17,1.,0.));
#6908 = DIRECTION('',(0.,-0.,1.));
#6909 = ADVANCED_FACE('',(#6910),#6926,.F.);
#6910 = FACE_BOUND('',#6911,.F.);
#6911 = EDGE_LOOP('',(#6912,#6913,#6919,#6920));
#6912 = ORIENTED_EDGE('',*,*,#3782,.T.);
#6913 = ORIENTED_EDGE('',*,*,#6914,.T.);
#6914 = EDGE_CURVE('',#3775,#5461,#6915,.T.);
#6915 = LINE('',#6916,#6917);
#6916 = CARTESIAN_POINT('',(-2.4,-1.755,0.675));
#6917 = VECTOR('',#6918,1.);
#6918 = DIRECTION('',(1.,-1.144237745222E-17,0.));
#6919 = ORIENTED_EDGE('',*,*,#5460,.F.);
#6920 = ORIENTED_EDGE('',*,*,#6921,.F.);
#6921 = EDGE_CURVE('',#3766,#5453,#6922,.T.);
#6922 = LINE('',#6923,#6924);
#6923 = CARTESIAN_POINT('',(-2.4,-2.145,0.675));
#6924 = VECTOR('',#6925,1.);
#6925 = DIRECTION('',(1.,-1.144237745222E-17,0.));
#6926 = PLANE('',#6927);
#6927 = AXIS2_PLACEMENT_3D('',#6928,#6929,#6930);
#6928 = CARTESIAN_POINT('',(-2.640908612089E-16,4.825,0.675));
#6929 = DIRECTION('',(-8.458391581173E-32,3.012014365389E-27,-1.));
#6930 = DIRECTION('',(1.,1.108771071988E-16,-8.45839158114E-32));
#6931 = ADVANCED_FACE('',(#6932),#7018,.F.);
#6932 = FACE_BOUND('',#6933,.F.);
#6933 = EDGE_LOOP('',(#6934,#6935,#6936,#6945,#6953,#6962,#6970,#6978,
    #6986,#6995,#7003,#7012));
#6934 = ORIENTED_EDGE('',*,*,#3774,.F.);
#6935 = ORIENTED_EDGE('',*,*,#3796,.T.);
#6936 = ORIENTED_EDGE('',*,*,#6937,.T.);
#6937 = EDGE_CURVE('',#3797,#6938,#6940,.T.);
#6938 = VERTEX_POINT('',#6939);
#6939 = CARTESIAN_POINT('',(-2.498480775301,-1.755,0.442364817767));
#6940 = CIRCLE('',#6941,0.1);
#6941 = AXIS2_PLACEMENT_3D('',#6942,#6943,#6944);
#6942 = CARTESIAN_POINT('',(-2.4,-1.755,0.425));
#6943 = DIRECTION('',(-1.144237745222E-17,-1.,4.379057701015E-47));
#6944 = DIRECTION('',(-4.440892098501E-15,5.081436361563E-32,1.));
#6945 = ORIENTED_EDGE('',*,*,#6946,.T.);
#6946 = EDGE_CURVE('',#6938,#6947,#6949,.T.);
#6947 = VERTEX_POINT('',#6948);
#6948 = CARTESIAN_POINT('',(-2.534655283371,-1.755,0.206587955583));
#6949 = LINE('',#6950,#6951);
#6950 = CARTESIAN_POINT('',(-2.498480775301,-1.755,0.442364817767));
#6951 = VECTOR('',#6952,1.);
#6952 = DIRECTION('',(-0.151652327974,1.735263178185E-18,-0.988433898356
    ));
#6953 = ORIENTED_EDGE('',*,*,#6954,.T.);
#6954 = EDGE_CURVE('',#6947,#6955,#6957,.T.);
#6955 = VERTEX_POINT('',#6956);
#6956 = CARTESIAN_POINT('',(-2.780857221624,-1.755,-1.665334536938E-16)
  );
#6957 = CIRCLE('',#6958,0.25);
#6958 = AXIS2_PLACEMENT_3D('',#6959,#6960,#6961);
#6959 = CARTESIAN_POINT('',(-2.780857221624,-1.755,0.25));
#6960 = DIRECTION('',(1.144237745222E-17,1.,7.703719777549E-34));
#6961 = DIRECTION('',(0.984807753012,-1.126854202784E-17,-0.173648177667
    ));
#6962 = ORIENTED_EDGE('',*,*,#6963,.T.);
#6963 = EDGE_CURVE('',#6955,#6964,#6966,.T.);
#6964 = VERTEX_POINT('',#6965);
#6965 = CARTESIAN_POINT('',(-3.2,-1.755,-1.665334536938E-16));
#6966 = LINE('',#6967,#6968);
#6967 = CARTESIAN_POINT('',(-2.780857221624,-1.755,-1.665334536938E-16)
  );
#6968 = VECTOR('',#6969,1.);
#6969 = DIRECTION('',(-1.,1.144237745222E-17,0.));
#6970 = ORIENTED_EDGE('',*,*,#6971,.T.);
#6971 = EDGE_CURVE('',#6964,#6972,#6974,.T.);
#6972 = VERTEX_POINT('',#6973);
#6973 = CARTESIAN_POINT('',(-3.2,-1.755,0.15));
#6974 = LINE('',#6975,#6976);
#6975 = CARTESIAN_POINT('',(-3.2,-1.755,-1.665334536938E-16));
#6976 = VECTOR('',#6977,1.);
#6977 = DIRECTION('',(0.,0.,1.));
#6978 = ORIENTED_EDGE('',*,*,#6979,.T.);
#6979 = EDGE_CURVE('',#6972,#6980,#6982,.T.);
#6980 = VERTEX_POINT('',#6981);
#6981 = CARTESIAN_POINT('',(-2.780857221624,-1.755,0.15));
#6982 = LINE('',#6983,#6984);
#6983 = CARTESIAN_POINT('',(-3.2,-1.755,0.15));
#6984 = VECTOR('',#6985,1.);
#6985 = DIRECTION('',(1.,-1.144237745222E-17,0.));
#6986 = ORIENTED_EDGE('',*,*,#6987,.T.);
#6987 = EDGE_CURVE('',#6980,#6988,#6990,.T.);
#6988 = VERTEX_POINT('',#6989);
#6989 = CARTESIAN_POINT('',(-2.682376446323,-1.755,0.232635182233));
#6990 = CIRCLE('',#6991,0.1);
#6991 = AXIS2_PLACEMENT_3D('',#6992,#6993,#6994);
#6992 = CARTESIAN_POINT('',(-2.780857221624,-1.755,0.25));
#6993 = DIRECTION('',(-1.144237745222E-17,-1.,-0.));
#6994 = DIRECTION('',(0.,0.,-1.));
#6995 = ORIENTED_EDGE('',*,*,#6996,.T.);
#6996 = EDGE_CURVE('',#6988,#6997,#6999,.T.);
#6997 = VERTEX_POINT('',#6998);
#6998 = CARTESIAN_POINT('',(-2.646201938253,-1.755,0.468412044417));
#6999 = LINE('',#7000,#7001);
#7000 = CARTESIAN_POINT('',(-2.682376446323,-1.755,0.232635182233));
#7001 = VECTOR('',#7002,1.);
#7002 = DIRECTION('',(0.151652327974,-1.735263178185E-18,0.988433898356)
  );
#7003 = ORIENTED_EDGE('',*,*,#7004,.T.);
#7004 = EDGE_CURVE('',#6997,#7005,#7007,.T.);
#7005 = VERTEX_POINT('',#7006);
#7006 = CARTESIAN_POINT('',(-2.4,-1.755,0.675));
#7007 = CIRCLE('',#7008,0.25);
#7008 = AXIS2_PLACEMENT_3D('',#7009,#7010,#7011);
#7009 = CARTESIAN_POINT('',(-2.4,-1.755,0.425));
#7010 = DIRECTION('',(1.144237745222E-17,1.,-3.851859888774E-34));
#7011 = DIRECTION('',(-0.984807753012,1.126854202784E-17,0.173648177667)
  );
#7012 = ORIENTED_EDGE('',*,*,#7013,.T.);
#7013 = EDGE_CURVE('',#7005,#3775,#7014,.T.);
#7014 = LINE('',#7015,#7016);
#7015 = CARTESIAN_POINT('',(-2.4,-1.755,0.675));
#7016 = VECTOR('',#7017,1.);
#7017 = DIRECTION('',(1.,-1.144237745222E-17,0.));
#7018 = PLANE('',#7019);
#7019 = AXIS2_PLACEMENT_3D('',#7020,#7021,#7022);
#7020 = CARTESIAN_POINT('',(-2.637203454365,-1.755,0.317854565708));
#7021 = DIRECTION('',(1.144237745222E-17,1.,0.));
#7022 = DIRECTION('',(0.,-0.,1.));
#7023 = ADVANCED_FACE('',(#7024),#7043,.F.);
#7024 = FACE_BOUND('',#7025,.F.);
#7025 = EDGE_LOOP('',(#7026,#7027,#7036,#7042));
#7026 = ORIENTED_EDGE('',*,*,#3813,.T.);
#7027 = ORIENTED_EDGE('',*,*,#7028,.T.);
#7028 = EDGE_CURVE('',#3806,#7029,#7031,.T.);
#7029 = VERTEX_POINT('',#7030);
#7030 = CARTESIAN_POINT('',(-2.498480775301,-1.495,0.442364817767));
#7031 = CIRCLE('',#7032,0.1);
#7032 = AXIS2_PLACEMENT_3D('',#7033,#7034,#7035);
#7033 = CARTESIAN_POINT('',(-2.4,-1.495,0.425));
#7034 = DIRECTION('',(-1.144237745222E-17,-1.,4.379057701015E-47));
#7035 = DIRECTION('',(-4.440892098501E-15,5.081436361563E-32,1.));
#7036 = ORIENTED_EDGE('',*,*,#7037,.F.);
#7037 = EDGE_CURVE('',#6938,#7029,#7038,.T.);
#7038 = LINE('',#7039,#7040);
#7039 = CARTESIAN_POINT('',(-2.498480775301,-1.755,0.442364817767));
#7040 = VECTOR('',#7041,1.);
#7041 = DIRECTION('',(1.144237745222E-17,1.,0.));
#7042 = ORIENTED_EDGE('',*,*,#6937,.F.);
#7043 = CYLINDRICAL_SURFACE('',#7044,0.1);
#7044 = AXIS2_PLACEMENT_3D('',#7045,#7046,#7047);
#7045 = CARTESIAN_POINT('',(-2.4,-1.755,0.425));
#7046 = DIRECTION('',(-1.144237745222E-17,-1.,0.));
#7047 = DIRECTION('',(-4.440892098501E-15,5.081436361563E-32,1.));
#7048 = ADVANCED_FACE('',(#7049),#7127,.T.);
#7049 = FACE_BOUND('',#7050,.T.);
#7050 = EDGE_LOOP('',(#7051,#7052,#7053,#7054,#7062,#7071,#7079,#7087,
    #7095,#7104,#7112,#7121));
#7051 = ORIENTED_EDGE('',*,*,#3827,.F.);
#7052 = ORIENTED_EDGE('',*,*,#3805,.T.);
#7053 = ORIENTED_EDGE('',*,*,#7028,.T.);
#7054 = ORIENTED_EDGE('',*,*,#7055,.T.);
#7055 = EDGE_CURVE('',#7029,#7056,#7058,.T.);
#7056 = VERTEX_POINT('',#7057);
#7057 = CARTESIAN_POINT('',(-2.534655283371,-1.495,0.206587955583));
#7058 = LINE('',#7059,#7060);
#7059 = CARTESIAN_POINT('',(-2.498480775301,-1.495,0.442364817767));
#7060 = VECTOR('',#7061,1.);
#7061 = DIRECTION('',(-0.151652327974,1.735263178185E-18,-0.988433898356
    ));
#7062 = ORIENTED_EDGE('',*,*,#7063,.T.);
#7063 = EDGE_CURVE('',#7056,#7064,#7066,.T.);
#7064 = VERTEX_POINT('',#7065);
#7065 = CARTESIAN_POINT('',(-2.780857221624,-1.495,-1.665334536938E-16)
  );
#7066 = CIRCLE('',#7067,0.25);
#7067 = AXIS2_PLACEMENT_3D('',#7068,#7069,#7070);
#7068 = CARTESIAN_POINT('',(-2.780857221624,-1.495,0.25));
#7069 = DIRECTION('',(1.144237745222E-17,1.,7.703719777549E-34));
#7070 = DIRECTION('',(0.984807753012,-1.126854202784E-17,-0.173648177667
    ));
#7071 = ORIENTED_EDGE('',*,*,#7072,.T.);
#7072 = EDGE_CURVE('',#7064,#7073,#7075,.T.);
#7073 = VERTEX_POINT('',#7074);
#7074 = CARTESIAN_POINT('',(-3.2,-1.495,-1.665334536938E-16));
#7075 = LINE('',#7076,#7077);
#7076 = CARTESIAN_POINT('',(-2.780857221624,-1.495,-1.665334536938E-16)
  );
#7077 = VECTOR('',#7078,1.);
#7078 = DIRECTION('',(-1.,1.144237745222E-17,0.));
#7079 = ORIENTED_EDGE('',*,*,#7080,.T.);
#7080 = EDGE_CURVE('',#7073,#7081,#7083,.T.);
#7081 = VERTEX_POINT('',#7082);
#7082 = CARTESIAN_POINT('',(-3.2,-1.495,0.15));
#7083 = LINE('',#7084,#7085);
#7084 = CARTESIAN_POINT('',(-3.2,-1.495,-1.665334536938E-16));
#7085 = VECTOR('',#7086,1.);
#7086 = DIRECTION('',(0.,0.,1.));
#7087 = ORIENTED_EDGE('',*,*,#7088,.T.);
#7088 = EDGE_CURVE('',#7081,#7089,#7091,.T.);
#7089 = VERTEX_POINT('',#7090);
#7090 = CARTESIAN_POINT('',(-2.780857221624,-1.495,0.15));
#7091 = LINE('',#7092,#7093);
#7092 = CARTESIAN_POINT('',(-3.2,-1.495,0.15));
#7093 = VECTOR('',#7094,1.);
#7094 = DIRECTION('',(1.,-1.144237745222E-17,0.));
#7095 = ORIENTED_EDGE('',*,*,#7096,.T.);
#7096 = EDGE_CURVE('',#7089,#7097,#7099,.T.);
#7097 = VERTEX_POINT('',#7098);
#7098 = CARTESIAN_POINT('',(-2.682376446323,-1.495,0.232635182233));
#7099 = CIRCLE('',#7100,0.1);
#7100 = AXIS2_PLACEMENT_3D('',#7101,#7102,#7103);
#7101 = CARTESIAN_POINT('',(-2.780857221624,-1.495,0.25));
#7102 = DIRECTION('',(-1.144237745222E-17,-1.,-0.));
#7103 = DIRECTION('',(0.,0.,-1.));
#7104 = ORIENTED_EDGE('',*,*,#7105,.T.);
#7105 = EDGE_CURVE('',#7097,#7106,#7108,.T.);
#7106 = VERTEX_POINT('',#7107);
#7107 = CARTESIAN_POINT('',(-2.646201938253,-1.495,0.468412044417));
#7108 = LINE('',#7109,#7110);
#7109 = CARTESIAN_POINT('',(-2.682376446323,-1.495,0.232635182233));
#7110 = VECTOR('',#7111,1.);
#7111 = DIRECTION('',(0.151652327974,-1.735263178185E-18,0.988433898356)
  );
#7112 = ORIENTED_EDGE('',*,*,#7113,.T.);
#7113 = EDGE_CURVE('',#7106,#7114,#7116,.T.);
#7114 = VERTEX_POINT('',#7115);
#7115 = CARTESIAN_POINT('',(-2.4,-1.495,0.675));
#7116 = CIRCLE('',#7117,0.25);
#7117 = AXIS2_PLACEMENT_3D('',#7118,#7119,#7120);
#7118 = CARTESIAN_POINT('',(-2.4,-1.495,0.425));
#7119 = DIRECTION('',(1.144237745222E-17,1.,-3.851859888774E-34));
#7120 = DIRECTION('',(-0.984807753012,1.126854202784E-17,0.173648177667)
  );
#7121 = ORIENTED_EDGE('',*,*,#7122,.T.);
#7122 = EDGE_CURVE('',#7114,#3828,#7123,.T.);
#7123 = LINE('',#7124,#7125);
#7124 = CARTESIAN_POINT('',(-2.4,-1.495,0.675));
#7125 = VECTOR('',#7126,1.);
#7126 = DIRECTION('',(1.,-1.144237745222E-17,0.));
#7127 = PLANE('',#7128);
#7128 = AXIS2_PLACEMENT_3D('',#7129,#7130,#7131);
#7129 = CARTESIAN_POINT('',(-2.637203454365,-1.495,0.317854565708));
#7130 = DIRECTION('',(1.144237745222E-17,1.,0.));
#7131 = DIRECTION('',(0.,-0.,1.));
#7132 = ADVANCED_FACE('',(#7133),#7149,.F.);
#7133 = FACE_BOUND('',#7134,.F.);
#7134 = EDGE_LOOP('',(#7135,#7136,#7142,#7143));
#7135 = ORIENTED_EDGE('',*,*,#3844,.T.);
#7136 = ORIENTED_EDGE('',*,*,#7137,.T.);
#7137 = EDGE_CURVE('',#3837,#5477,#7138,.T.);
#7138 = LINE('',#7139,#7140);
#7139 = CARTESIAN_POINT('',(-2.4,-1.105,0.675));
#7140 = VECTOR('',#7141,1.);
#7141 = DIRECTION('',(1.,-1.144237745222E-17,0.));
#7142 = ORIENTED_EDGE('',*,*,#5476,.F.);
#7143 = ORIENTED_EDGE('',*,*,#7144,.F.);
#7144 = EDGE_CURVE('',#3828,#5469,#7145,.T.);
#7145 = LINE('',#7146,#7147);
#7146 = CARTESIAN_POINT('',(-2.4,-1.495,0.675));
#7147 = VECTOR('',#7148,1.);
#7148 = DIRECTION('',(1.,-1.144237745222E-17,0.));
#7149 = PLANE('',#7150);
#7150 = AXIS2_PLACEMENT_3D('',#7151,#7152,#7153);
#7151 = CARTESIAN_POINT('',(-2.640908612089E-16,4.825,0.675));
#7152 = DIRECTION('',(-8.458391581173E-32,3.012014365389E-27,-1.));
#7153 = DIRECTION('',(1.,1.108771071988E-16,-8.45839158114E-32));
#7154 = ADVANCED_FACE('',(#7155),#7241,.F.);
#7155 = FACE_BOUND('',#7156,.F.);
#7156 = EDGE_LOOP('',(#7157,#7158,#7159,#7168,#7176,#7185,#7193,#7201,
    #7209,#7218,#7226,#7235));
#7157 = ORIENTED_EDGE('',*,*,#3836,.F.);
#7158 = ORIENTED_EDGE('',*,*,#3858,.T.);
#7159 = ORIENTED_EDGE('',*,*,#7160,.T.);
#7160 = EDGE_CURVE('',#3859,#7161,#7163,.T.);
#7161 = VERTEX_POINT('',#7162);
#7162 = CARTESIAN_POINT('',(-2.498480775301,-1.105,0.442364817767));
#7163 = CIRCLE('',#7164,0.1);
#7164 = AXIS2_PLACEMENT_3D('',#7165,#7166,#7167);
#7165 = CARTESIAN_POINT('',(-2.4,-1.105,0.425));
#7166 = DIRECTION('',(-1.144237745222E-17,-1.,4.379057701015E-47));
#7167 = DIRECTION('',(-4.440892098501E-15,5.081436361563E-32,1.));
#7168 = ORIENTED_EDGE('',*,*,#7169,.T.);
#7169 = EDGE_CURVE('',#7161,#7170,#7172,.T.);
#7170 = VERTEX_POINT('',#7171);
#7171 = CARTESIAN_POINT('',(-2.534655283371,-1.105,0.206587955583));
#7172 = LINE('',#7173,#7174);
#7173 = CARTESIAN_POINT('',(-2.498480775301,-1.105,0.442364817767));
#7174 = VECTOR('',#7175,1.);
#7175 = DIRECTION('',(-0.151652327974,1.735263178185E-18,-0.988433898356
    ));
#7176 = ORIENTED_EDGE('',*,*,#7177,.T.);
#7177 = EDGE_CURVE('',#7170,#7178,#7180,.T.);
#7178 = VERTEX_POINT('',#7179);
#7179 = CARTESIAN_POINT('',(-2.780857221624,-1.105,-1.665334536938E-16)
  );
#7180 = CIRCLE('',#7181,0.25);
#7181 = AXIS2_PLACEMENT_3D('',#7182,#7183,#7184);
#7182 = CARTESIAN_POINT('',(-2.780857221624,-1.105,0.25));
#7183 = DIRECTION('',(1.144237745222E-17,1.,7.703719777549E-34));
#7184 = DIRECTION('',(0.984807753012,-1.126854202784E-17,-0.173648177667
    ));
#7185 = ORIENTED_EDGE('',*,*,#7186,.T.);
#7186 = EDGE_CURVE('',#7178,#7187,#7189,.T.);
#7187 = VERTEX_POINT('',#7188);
#7188 = CARTESIAN_POINT('',(-3.2,-1.105,-1.665334536938E-16));
#7189 = LINE('',#7190,#7191);
#7190 = CARTESIAN_POINT('',(-2.780857221624,-1.105,-1.665334536938E-16)
  );
#7191 = VECTOR('',#7192,1.);
#7192 = DIRECTION('',(-1.,1.144237745222E-17,0.));
#7193 = ORIENTED_EDGE('',*,*,#7194,.T.);
#7194 = EDGE_CURVE('',#7187,#7195,#7197,.T.);
#7195 = VERTEX_POINT('',#7196);
#7196 = CARTESIAN_POINT('',(-3.2,-1.105,0.15));
#7197 = LINE('',#7198,#7199);
#7198 = CARTESIAN_POINT('',(-3.2,-1.105,-1.665334536938E-16));
#7199 = VECTOR('',#7200,1.);
#7200 = DIRECTION('',(0.,0.,1.));
#7201 = ORIENTED_EDGE('',*,*,#7202,.T.);
#7202 = EDGE_CURVE('',#7195,#7203,#7205,.T.);
#7203 = VERTEX_POINT('',#7204);
#7204 = CARTESIAN_POINT('',(-2.780857221624,-1.105,0.15));
#7205 = LINE('',#7206,#7207);
#7206 = CARTESIAN_POINT('',(-3.2,-1.105,0.15));
#7207 = VECTOR('',#7208,1.);
#7208 = DIRECTION('',(1.,-1.144237745222E-17,0.));
#7209 = ORIENTED_EDGE('',*,*,#7210,.T.);
#7210 = EDGE_CURVE('',#7203,#7211,#7213,.T.);
#7211 = VERTEX_POINT('',#7212);
#7212 = CARTESIAN_POINT('',(-2.682376446323,-1.105,0.232635182233));
#7213 = CIRCLE('',#7214,0.1);
#7214 = AXIS2_PLACEMENT_3D('',#7215,#7216,#7217);
#7215 = CARTESIAN_POINT('',(-2.780857221624,-1.105,0.25));
#7216 = DIRECTION('',(-1.144237745222E-17,-1.,-0.));
#7217 = DIRECTION('',(0.,0.,-1.));
#7218 = ORIENTED_EDGE('',*,*,#7219,.T.);
#7219 = EDGE_CURVE('',#7211,#7220,#7222,.T.);
#7220 = VERTEX_POINT('',#7221);
#7221 = CARTESIAN_POINT('',(-2.646201938253,-1.105,0.468412044417));
#7222 = LINE('',#7223,#7224);
#7223 = CARTESIAN_POINT('',(-2.682376446323,-1.105,0.232635182233));
#7224 = VECTOR('',#7225,1.);
#7225 = DIRECTION('',(0.151652327974,-1.735263178185E-18,0.988433898356)
  );
#7226 = ORIENTED_EDGE('',*,*,#7227,.T.);
#7227 = EDGE_CURVE('',#7220,#7228,#7230,.T.);
#7228 = VERTEX_POINT('',#7229);
#7229 = CARTESIAN_POINT('',(-2.4,-1.105,0.675));
#7230 = CIRCLE('',#7231,0.25);
#7231 = AXIS2_PLACEMENT_3D('',#7232,#7233,#7234);
#7232 = CARTESIAN_POINT('',(-2.4,-1.105,0.425));
#7233 = DIRECTION('',(1.144237745222E-17,1.,-3.851859888774E-34));
#7234 = DIRECTION('',(-0.984807753012,1.126854202784E-17,0.173648177667)
  );
#7235 = ORIENTED_EDGE('',*,*,#7236,.T.);
#7236 = EDGE_CURVE('',#7228,#3837,#7237,.T.);
#7237 = LINE('',#7238,#7239);
#7238 = CARTESIAN_POINT('',(-2.4,-1.105,0.675));
#7239 = VECTOR('',#7240,1.);
#7240 = DIRECTION('',(1.,-1.144237745222E-17,0.));
#7241 = PLANE('',#7242);
#7242 = AXIS2_PLACEMENT_3D('',#7243,#7244,#7245);
#7243 = CARTESIAN_POINT('',(-2.637203454365,-1.105,0.317854565708));
#7244 = DIRECTION('',(1.144237745222E-17,1.,0.));
#7245 = DIRECTION('',(0.,-0.,1.));
#7246 = ADVANCED_FACE('',(#7247),#7266,.F.);
#7247 = FACE_BOUND('',#7248,.F.);
#7248 = EDGE_LOOP('',(#7249,#7250,#7259,#7265));
#7249 = ORIENTED_EDGE('',*,*,#3875,.T.);
#7250 = ORIENTED_EDGE('',*,*,#7251,.T.);
#7251 = EDGE_CURVE('',#3868,#7252,#7254,.T.);
#7252 = VERTEX_POINT('',#7253);
#7253 = CARTESIAN_POINT('',(-2.498480775301,-0.845,0.442364817767));
#7254 = CIRCLE('',#7255,0.1);
#7255 = AXIS2_PLACEMENT_3D('',#7256,#7257,#7258);
#7256 = CARTESIAN_POINT('',(-2.4,-0.845,0.425));
#7257 = DIRECTION('',(-1.144237745222E-17,-1.,4.379057701015E-47));
#7258 = DIRECTION('',(-4.440892098501E-15,5.081436361563E-32,1.));
#7259 = ORIENTED_EDGE('',*,*,#7260,.F.);
#7260 = EDGE_CURVE('',#7161,#7252,#7261,.T.);
#7261 = LINE('',#7262,#7263);
#7262 = CARTESIAN_POINT('',(-2.498480775301,-1.105,0.442364817767));
#7263 = VECTOR('',#7264,1.);
#7264 = DIRECTION('',(1.144237745222E-17,1.,0.));
#7265 = ORIENTED_EDGE('',*,*,#7160,.F.);
#7266 = CYLINDRICAL_SURFACE('',#7267,0.1);
#7267 = AXIS2_PLACEMENT_3D('',#7268,#7269,#7270);
#7268 = CARTESIAN_POINT('',(-2.4,-1.105,0.425));
#7269 = DIRECTION('',(-1.144237745222E-17,-1.,0.));
#7270 = DIRECTION('',(-4.440892098501E-15,5.081436361563E-32,1.));
#7271 = ADVANCED_FACE('',(#7272),#7350,.T.);
#7272 = FACE_BOUND('',#7273,.T.);
#7273 = EDGE_LOOP('',(#7274,#7275,#7276,#7277,#7285,#7294,#7302,#7310,
    #7318,#7327,#7335,#7344));
#7274 = ORIENTED_EDGE('',*,*,#3889,.F.);
#7275 = ORIENTED_EDGE('',*,*,#3867,.T.);
#7276 = ORIENTED_EDGE('',*,*,#7251,.T.);
#7277 = ORIENTED_EDGE('',*,*,#7278,.T.);
#7278 = EDGE_CURVE('',#7252,#7279,#7281,.T.);
#7279 = VERTEX_POINT('',#7280);
#7280 = CARTESIAN_POINT('',(-2.534655283371,-0.845,0.206587955583));
#7281 = LINE('',#7282,#7283);
#7282 = CARTESIAN_POINT('',(-2.498480775301,-0.845,0.442364817767));
#7283 = VECTOR('',#7284,1.);
#7284 = DIRECTION('',(-0.151652327974,1.735263178185E-18,-0.988433898356
    ));
#7285 = ORIENTED_EDGE('',*,*,#7286,.T.);
#7286 = EDGE_CURVE('',#7279,#7287,#7289,.T.);
#7287 = VERTEX_POINT('',#7288);
#7288 = CARTESIAN_POINT('',(-2.780857221624,-0.845,-1.665334536938E-16)
  );
#7289 = CIRCLE('',#7290,0.25);
#7290 = AXIS2_PLACEMENT_3D('',#7291,#7292,#7293);
#7291 = CARTESIAN_POINT('',(-2.780857221624,-0.845,0.25));
#7292 = DIRECTION('',(1.144237745222E-17,1.,7.703719777549E-34));
#7293 = DIRECTION('',(0.984807753012,-1.126854202784E-17,-0.173648177667
    ));
#7294 = ORIENTED_EDGE('',*,*,#7295,.T.);
#7295 = EDGE_CURVE('',#7287,#7296,#7298,.T.);
#7296 = VERTEX_POINT('',#7297);
#7297 = CARTESIAN_POINT('',(-3.2,-0.845,-1.665334536938E-16));
#7298 = LINE('',#7299,#7300);
#7299 = CARTESIAN_POINT('',(-2.780857221624,-0.845,-1.665334536938E-16)
  );
#7300 = VECTOR('',#7301,1.);
#7301 = DIRECTION('',(-1.,1.144237745222E-17,0.));
#7302 = ORIENTED_EDGE('',*,*,#7303,.T.);
#7303 = EDGE_CURVE('',#7296,#7304,#7306,.T.);
#7304 = VERTEX_POINT('',#7305);
#7305 = CARTESIAN_POINT('',(-3.2,-0.845,0.15));
#7306 = LINE('',#7307,#7308);
#7307 = CARTESIAN_POINT('',(-3.2,-0.845,-1.665334536938E-16));
#7308 = VECTOR('',#7309,1.);
#7309 = DIRECTION('',(0.,0.,1.));
#7310 = ORIENTED_EDGE('',*,*,#7311,.T.);
#7311 = EDGE_CURVE('',#7304,#7312,#7314,.T.);
#7312 = VERTEX_POINT('',#7313);
#7313 = CARTESIAN_POINT('',(-2.780857221624,-0.845,0.15));
#7314 = LINE('',#7315,#7316);
#7315 = CARTESIAN_POINT('',(-3.2,-0.845,0.15));
#7316 = VECTOR('',#7317,1.);
#7317 = DIRECTION('',(1.,-1.144237745222E-17,0.));
#7318 = ORIENTED_EDGE('',*,*,#7319,.T.);
#7319 = EDGE_CURVE('',#7312,#7320,#7322,.T.);
#7320 = VERTEX_POINT('',#7321);
#7321 = CARTESIAN_POINT('',(-2.682376446323,-0.845,0.232635182233));
#7322 = CIRCLE('',#7323,0.1);
#7323 = AXIS2_PLACEMENT_3D('',#7324,#7325,#7326);
#7324 = CARTESIAN_POINT('',(-2.780857221624,-0.845,0.25));
#7325 = DIRECTION('',(-1.144237745222E-17,-1.,-0.));
#7326 = DIRECTION('',(0.,0.,-1.));
#7327 = ORIENTED_EDGE('',*,*,#7328,.T.);
#7328 = EDGE_CURVE('',#7320,#7329,#7331,.T.);
#7329 = VERTEX_POINT('',#7330);
#7330 = CARTESIAN_POINT('',(-2.646201938253,-0.845,0.468412044417));
#7331 = LINE('',#7332,#7333);
#7332 = CARTESIAN_POINT('',(-2.682376446323,-0.845,0.232635182233));
#7333 = VECTOR('',#7334,1.);
#7334 = DIRECTION('',(0.151652327974,-1.735263178185E-18,0.988433898356)
  );
#7335 = ORIENTED_EDGE('',*,*,#7336,.T.);
#7336 = EDGE_CURVE('',#7329,#7337,#7339,.T.);
#7337 = VERTEX_POINT('',#7338);
#7338 = CARTESIAN_POINT('',(-2.4,-0.845,0.675));
#7339 = CIRCLE('',#7340,0.25);
#7340 = AXIS2_PLACEMENT_3D('',#7341,#7342,#7343);
#7341 = CARTESIAN_POINT('',(-2.4,-0.845,0.425));
#7342 = DIRECTION('',(1.144237745222E-17,1.,-3.851859888774E-34));
#7343 = DIRECTION('',(-0.984807753012,1.126854202784E-17,0.173648177667)
  );
#7344 = ORIENTED_EDGE('',*,*,#7345,.T.);
#7345 = EDGE_CURVE('',#7337,#3890,#7346,.T.);
#7346 = LINE('',#7347,#7348);
#7347 = CARTESIAN_POINT('',(-2.4,-0.845,0.675));
#7348 = VECTOR('',#7349,1.);
#7349 = DIRECTION('',(1.,-1.144237745222E-17,0.));
#7350 = PLANE('',#7351);
#7351 = AXIS2_PLACEMENT_3D('',#7352,#7353,#7354);
#7352 = CARTESIAN_POINT('',(-2.637203454365,-0.845,0.317854565708));
#7353 = DIRECTION('',(1.144237745222E-17,1.,0.));
#7354 = DIRECTION('',(0.,-0.,1.));
#7355 = ADVANCED_FACE('',(#7356),#7372,.F.);
#7356 = FACE_BOUND('',#7357,.F.);
#7357 = EDGE_LOOP('',(#7358,#7359,#7365,#7366));
#7358 = ORIENTED_EDGE('',*,*,#3906,.T.);
#7359 = ORIENTED_EDGE('',*,*,#7360,.T.);
#7360 = EDGE_CURVE('',#3899,#5493,#7361,.T.);
#7361 = LINE('',#7362,#7363);
#7362 = CARTESIAN_POINT('',(-2.4,-0.455,0.675));
#7363 = VECTOR('',#7364,1.);
#7364 = DIRECTION('',(1.,-1.144237745222E-17,0.));
#7365 = ORIENTED_EDGE('',*,*,#5492,.F.);
#7366 = ORIENTED_EDGE('',*,*,#7367,.F.);
#7367 = EDGE_CURVE('',#3890,#5485,#7368,.T.);
#7368 = LINE('',#7369,#7370);
#7369 = CARTESIAN_POINT('',(-2.4,-0.845,0.675));
#7370 = VECTOR('',#7371,1.);
#7371 = DIRECTION('',(1.,-1.144237745222E-17,0.));
#7372 = PLANE('',#7373);
#7373 = AXIS2_PLACEMENT_3D('',#7374,#7375,#7376);
#7374 = CARTESIAN_POINT('',(-2.640908612089E-16,4.825,0.675));
#7375 = DIRECTION('',(-8.458391581173E-32,3.012014365389E-27,-1.));
#7376 = DIRECTION('',(1.,1.108771071988E-16,-8.45839158114E-32));
#7377 = ADVANCED_FACE('',(#7378),#7464,.F.);
#7378 = FACE_BOUND('',#7379,.F.);
#7379 = EDGE_LOOP('',(#7380,#7381,#7382,#7391,#7399,#7408,#7416,#7424,
    #7432,#7441,#7449,#7458));
#7380 = ORIENTED_EDGE('',*,*,#3898,.F.);
#7381 = ORIENTED_EDGE('',*,*,#3920,.T.);
#7382 = ORIENTED_EDGE('',*,*,#7383,.T.);
#7383 = EDGE_CURVE('',#3921,#7384,#7386,.T.);
#7384 = VERTEX_POINT('',#7385);
#7385 = CARTESIAN_POINT('',(-2.498480775301,-0.455,0.442364817767));
#7386 = CIRCLE('',#7387,0.1);
#7387 = AXIS2_PLACEMENT_3D('',#7388,#7389,#7390);
#7388 = CARTESIAN_POINT('',(-2.4,-0.455,0.425));
#7389 = DIRECTION('',(-1.144237745222E-17,-1.,4.379057701015E-47));
#7390 = DIRECTION('',(-4.440892098501E-15,5.081436361563E-32,1.));
#7391 = ORIENTED_EDGE('',*,*,#7392,.T.);
#7392 = EDGE_CURVE('',#7384,#7393,#7395,.T.);
#7393 = VERTEX_POINT('',#7394);
#7394 = CARTESIAN_POINT('',(-2.534655283371,-0.455,0.206587955583));
#7395 = LINE('',#7396,#7397);
#7396 = CARTESIAN_POINT('',(-2.498480775301,-0.455,0.442364817767));
#7397 = VECTOR('',#7398,1.);
#7398 = DIRECTION('',(-0.151652327974,1.735263178185E-18,-0.988433898356
    ));
#7399 = ORIENTED_EDGE('',*,*,#7400,.T.);
#7400 = EDGE_CURVE('',#7393,#7401,#7403,.T.);
#7401 = VERTEX_POINT('',#7402);
#7402 = CARTESIAN_POINT('',(-2.780857221624,-0.455,-1.665334536938E-16)
  );
#7403 = CIRCLE('',#7404,0.25);
#7404 = AXIS2_PLACEMENT_3D('',#7405,#7406,#7407);
#7405 = CARTESIAN_POINT('',(-2.780857221624,-0.455,0.25));
#7406 = DIRECTION('',(1.144237745222E-17,1.,7.703719777549E-34));
#7407 = DIRECTION('',(0.984807753012,-1.126854202784E-17,-0.173648177667
    ));
#7408 = ORIENTED_EDGE('',*,*,#7409,.T.);
#7409 = EDGE_CURVE('',#7401,#7410,#7412,.T.);
#7410 = VERTEX_POINT('',#7411);
#7411 = CARTESIAN_POINT('',(-3.2,-0.455,-1.665334536938E-16));
#7412 = LINE('',#7413,#7414);
#7413 = CARTESIAN_POINT('',(-2.780857221624,-0.455,-1.665334536938E-16)
  );
#7414 = VECTOR('',#7415,1.);
#7415 = DIRECTION('',(-1.,1.144237745222E-17,0.));
#7416 = ORIENTED_EDGE('',*,*,#7417,.T.);
#7417 = EDGE_CURVE('',#7410,#7418,#7420,.T.);
#7418 = VERTEX_POINT('',#7419);
#7419 = CARTESIAN_POINT('',(-3.2,-0.455,0.15));
#7420 = LINE('',#7421,#7422);
#7421 = CARTESIAN_POINT('',(-3.2,-0.455,-1.665334536938E-16));
#7422 = VECTOR('',#7423,1.);
#7423 = DIRECTION('',(0.,0.,1.));
#7424 = ORIENTED_EDGE('',*,*,#7425,.T.);
#7425 = EDGE_CURVE('',#7418,#7426,#7428,.T.);
#7426 = VERTEX_POINT('',#7427);
#7427 = CARTESIAN_POINT('',(-2.780857221624,-0.455,0.15));
#7428 = LINE('',#7429,#7430);
#7429 = CARTESIAN_POINT('',(-3.2,-0.455,0.15));
#7430 = VECTOR('',#7431,1.);
#7431 = DIRECTION('',(1.,-1.144237745222E-17,0.));
#7432 = ORIENTED_EDGE('',*,*,#7433,.T.);
#7433 = EDGE_CURVE('',#7426,#7434,#7436,.T.);
#7434 = VERTEX_POINT('',#7435);
#7435 = CARTESIAN_POINT('',(-2.682376446323,-0.455,0.232635182233));
#7436 = CIRCLE('',#7437,0.1);
#7437 = AXIS2_PLACEMENT_3D('',#7438,#7439,#7440);
#7438 = CARTESIAN_POINT('',(-2.780857221624,-0.455,0.25));
#7439 = DIRECTION('',(-1.144237745222E-17,-1.,-0.));
#7440 = DIRECTION('',(0.,0.,-1.));
#7441 = ORIENTED_EDGE('',*,*,#7442,.T.);
#7442 = EDGE_CURVE('',#7434,#7443,#7445,.T.);
#7443 = VERTEX_POINT('',#7444);
#7444 = CARTESIAN_POINT('',(-2.646201938253,-0.455,0.468412044417));
#7445 = LINE('',#7446,#7447);
#7446 = CARTESIAN_POINT('',(-2.682376446323,-0.455,0.232635182233));
#7447 = VECTOR('',#7448,1.);
#7448 = DIRECTION('',(0.151652327974,-1.735263178185E-18,0.988433898356)
  );
#7449 = ORIENTED_EDGE('',*,*,#7450,.T.);
#7450 = EDGE_CURVE('',#7443,#7451,#7453,.T.);
#7451 = VERTEX_POINT('',#7452);
#7452 = CARTESIAN_POINT('',(-2.4,-0.455,0.675));
#7453 = CIRCLE('',#7454,0.25);
#7454 = AXIS2_PLACEMENT_3D('',#7455,#7456,#7457);
#7455 = CARTESIAN_POINT('',(-2.4,-0.455,0.425));
#7456 = DIRECTION('',(1.144237745222E-17,1.,-3.851859888774E-34));
#7457 = DIRECTION('',(-0.984807753012,1.126854202784E-17,0.173648177667)
  );
#7458 = ORIENTED_EDGE('',*,*,#7459,.T.);
#7459 = EDGE_CURVE('',#7451,#3899,#7460,.T.);
#7460 = LINE('',#7461,#7462);
#7461 = CARTESIAN_POINT('',(-2.4,-0.455,0.675));
#7462 = VECTOR('',#7463,1.);
#7463 = DIRECTION('',(1.,-1.144237745222E-17,0.));
#7464 = PLANE('',#7465);
#7465 = AXIS2_PLACEMENT_3D('',#7466,#7467,#7468);
#7466 = CARTESIAN_POINT('',(-2.637203454365,-0.455,0.317854565708));
#7467 = DIRECTION('',(1.144237745222E-17,1.,0.));
#7468 = DIRECTION('',(0.,-0.,1.));
#7469 = ADVANCED_FACE('',(#7470),#7489,.F.);
#7470 = FACE_BOUND('',#7471,.F.);
#7471 = EDGE_LOOP('',(#7472,#7473,#7482,#7488));
#7472 = ORIENTED_EDGE('',*,*,#3937,.T.);
#7473 = ORIENTED_EDGE('',*,*,#7474,.T.);
#7474 = EDGE_CURVE('',#3930,#7475,#7477,.T.);
#7475 = VERTEX_POINT('',#7476);
#7476 = CARTESIAN_POINT('',(-2.498480775301,-0.195,0.442364817767));
#7477 = CIRCLE('',#7478,0.1);
#7478 = AXIS2_PLACEMENT_3D('',#7479,#7480,#7481);
#7479 = CARTESIAN_POINT('',(-2.4,-0.195,0.425));
#7480 = DIRECTION('',(-1.144237745222E-17,-1.,4.379057701015E-47));
#7481 = DIRECTION('',(-4.440892098501E-15,5.081436361563E-32,1.));
#7482 = ORIENTED_EDGE('',*,*,#7483,.F.);
#7483 = EDGE_CURVE('',#7384,#7475,#7484,.T.);
#7484 = LINE('',#7485,#7486);
#7485 = CARTESIAN_POINT('',(-2.498480775301,-0.455,0.442364817767));
#7486 = VECTOR('',#7487,1.);
#7487 = DIRECTION('',(1.144237745222E-17,1.,0.));
#7488 = ORIENTED_EDGE('',*,*,#7383,.F.);
#7489 = CYLINDRICAL_SURFACE('',#7490,0.1);
#7490 = AXIS2_PLACEMENT_3D('',#7491,#7492,#7493);
#7491 = CARTESIAN_POINT('',(-2.4,-0.455,0.425));
#7492 = DIRECTION('',(-1.144237745222E-17,-1.,0.));
#7493 = DIRECTION('',(-4.440892098501E-15,5.081436361563E-32,1.));
#7494 = ADVANCED_FACE('',(#7495),#7573,.T.);
#7495 = FACE_BOUND('',#7496,.T.);
#7496 = EDGE_LOOP('',(#7497,#7498,#7499,#7500,#7508,#7517,#7525,#7533,
    #7541,#7550,#7558,#7567));
#7497 = ORIENTED_EDGE('',*,*,#3951,.F.);
#7498 = ORIENTED_EDGE('',*,*,#3929,.T.);
#7499 = ORIENTED_EDGE('',*,*,#7474,.T.);
#7500 = ORIENTED_EDGE('',*,*,#7501,.T.);
#7501 = EDGE_CURVE('',#7475,#7502,#7504,.T.);
#7502 = VERTEX_POINT('',#7503);
#7503 = CARTESIAN_POINT('',(-2.534655283371,-0.195,0.206587955583));
#7504 = LINE('',#7505,#7506);
#7505 = CARTESIAN_POINT('',(-2.498480775301,-0.195,0.442364817767));
#7506 = VECTOR('',#7507,1.);
#7507 = DIRECTION('',(-0.151652327974,1.735263178185E-18,-0.988433898356
    ));
#7508 = ORIENTED_EDGE('',*,*,#7509,.T.);
#7509 = EDGE_CURVE('',#7502,#7510,#7512,.T.);
#7510 = VERTEX_POINT('',#7511);
#7511 = CARTESIAN_POINT('',(-2.780857221624,-0.195,-1.665334536938E-16)
  );
#7512 = CIRCLE('',#7513,0.25);
#7513 = AXIS2_PLACEMENT_3D('',#7514,#7515,#7516);
#7514 = CARTESIAN_POINT('',(-2.780857221624,-0.195,0.25));
#7515 = DIRECTION('',(1.144237745222E-17,1.,7.703719777549E-34));
#7516 = DIRECTION('',(0.984807753012,-1.126854202784E-17,-0.173648177667
    ));
#7517 = ORIENTED_EDGE('',*,*,#7518,.T.);
#7518 = EDGE_CURVE('',#7510,#7519,#7521,.T.);
#7519 = VERTEX_POINT('',#7520);
#7520 = CARTESIAN_POINT('',(-3.2,-0.195,-1.665334536938E-16));
#7521 = LINE('',#7522,#7523);
#7522 = CARTESIAN_POINT('',(-2.780857221624,-0.195,-1.665334536938E-16)
  );
#7523 = VECTOR('',#7524,1.);
#7524 = DIRECTION('',(-1.,1.144237745222E-17,0.));
#7525 = ORIENTED_EDGE('',*,*,#7526,.T.);
#7526 = EDGE_CURVE('',#7519,#7527,#7529,.T.);
#7527 = VERTEX_POINT('',#7528);
#7528 = CARTESIAN_POINT('',(-3.2,-0.195,0.15));
#7529 = LINE('',#7530,#7531);
#7530 = CARTESIAN_POINT('',(-3.2,-0.195,-1.665334536938E-16));
#7531 = VECTOR('',#7532,1.);
#7532 = DIRECTION('',(0.,0.,1.));
#7533 = ORIENTED_EDGE('',*,*,#7534,.T.);
#7534 = EDGE_CURVE('',#7527,#7535,#7537,.T.);
#7535 = VERTEX_POINT('',#7536);
#7536 = CARTESIAN_POINT('',(-2.780857221624,-0.195,0.15));
#7537 = LINE('',#7538,#7539);
#7538 = CARTESIAN_POINT('',(-3.2,-0.195,0.15));
#7539 = VECTOR('',#7540,1.);
#7540 = DIRECTION('',(1.,-1.144237745222E-17,0.));
#7541 = ORIENTED_EDGE('',*,*,#7542,.T.);
#7542 = EDGE_CURVE('',#7535,#7543,#7545,.T.);
#7543 = VERTEX_POINT('',#7544);
#7544 = CARTESIAN_POINT('',(-2.682376446323,-0.195,0.232635182233));
#7545 = CIRCLE('',#7546,0.1);
#7546 = AXIS2_PLACEMENT_3D('',#7547,#7548,#7549);
#7547 = CARTESIAN_POINT('',(-2.780857221624,-0.195,0.25));
#7548 = DIRECTION('',(-1.144237745222E-17,-1.,-0.));
#7549 = DIRECTION('',(0.,0.,-1.));
#7550 = ORIENTED_EDGE('',*,*,#7551,.T.);
#7551 = EDGE_CURVE('',#7543,#7552,#7554,.T.);
#7552 = VERTEX_POINT('',#7553);
#7553 = CARTESIAN_POINT('',(-2.646201938253,-0.195,0.468412044417));
#7554 = LINE('',#7555,#7556);
#7555 = CARTESIAN_POINT('',(-2.682376446323,-0.195,0.232635182233));
#7556 = VECTOR('',#7557,1.);
#7557 = DIRECTION('',(0.151652327974,-1.735263178185E-18,0.988433898356)
  );
#7558 = ORIENTED_EDGE('',*,*,#7559,.T.);
#7559 = EDGE_CURVE('',#7552,#7560,#7562,.T.);
#7560 = VERTEX_POINT('',#7561);
#7561 = CARTESIAN_POINT('',(-2.4,-0.195,0.675));
#7562 = CIRCLE('',#7563,0.25);
#7563 = AXIS2_PLACEMENT_3D('',#7564,#7565,#7566);
#7564 = CARTESIAN_POINT('',(-2.4,-0.195,0.425));
#7565 = DIRECTION('',(1.144237745222E-17,1.,-3.851859888774E-34));
#7566 = DIRECTION('',(-0.984807753012,1.126854202784E-17,0.173648177667)
  );
#7567 = ORIENTED_EDGE('',*,*,#7568,.T.);
#7568 = EDGE_CURVE('',#7560,#3952,#7569,.T.);
#7569 = LINE('',#7570,#7571);
#7570 = CARTESIAN_POINT('',(-2.4,-0.195,0.675));
#7571 = VECTOR('',#7572,1.);
#7572 = DIRECTION('',(1.,-1.144237745222E-17,0.));
#7573 = PLANE('',#7574);
#7574 = AXIS2_PLACEMENT_3D('',#7575,#7576,#7577);
#7575 = CARTESIAN_POINT('',(-2.637203454365,-0.195,0.317854565708));
#7576 = DIRECTION('',(1.144237745222E-17,1.,0.));
#7577 = DIRECTION('',(0.,-0.,1.));
#7578 = ADVANCED_FACE('',(#7579),#7595,.F.);
#7579 = FACE_BOUND('',#7580,.F.);
#7580 = EDGE_LOOP('',(#7581,#7582,#7588,#7589));
#7581 = ORIENTED_EDGE('',*,*,#3968,.T.);
#7582 = ORIENTED_EDGE('',*,*,#7583,.T.);
#7583 = EDGE_CURVE('',#3961,#5509,#7584,.T.);
#7584 = LINE('',#7585,#7586);
#7585 = CARTESIAN_POINT('',(-2.4,0.195,0.675));
#7586 = VECTOR('',#7587,1.);
#7587 = DIRECTION('',(1.,-1.144237745222E-17,0.));
#7588 = ORIENTED_EDGE('',*,*,#5508,.F.);
#7589 = ORIENTED_EDGE('',*,*,#7590,.F.);
#7590 = EDGE_CURVE('',#3952,#5501,#7591,.T.);
#7591 = LINE('',#7592,#7593);
#7592 = CARTESIAN_POINT('',(-2.4,-0.195,0.675));
#7593 = VECTOR('',#7594,1.);
#7594 = DIRECTION('',(1.,-1.144237745222E-17,0.));
#7595 = PLANE('',#7596);
#7596 = AXIS2_PLACEMENT_3D('',#7597,#7598,#7599);
#7597 = CARTESIAN_POINT('',(-2.640908612089E-16,4.825,0.675));
#7598 = DIRECTION('',(-8.458391581173E-32,3.012014365389E-27,-1.));
#7599 = DIRECTION('',(1.,1.108771071988E-16,-8.45839158114E-32));
#7600 = ADVANCED_FACE('',(#7601),#7687,.F.);
#7601 = FACE_BOUND('',#7602,.F.);
#7602 = EDGE_LOOP('',(#7603,#7604,#7605,#7614,#7622,#7631,#7639,#7647,
    #7655,#7664,#7672,#7681));
#7603 = ORIENTED_EDGE('',*,*,#3960,.F.);
#7604 = ORIENTED_EDGE('',*,*,#3982,.T.);
#7605 = ORIENTED_EDGE('',*,*,#7606,.T.);
#7606 = EDGE_CURVE('',#3983,#7607,#7609,.T.);
#7607 = VERTEX_POINT('',#7608);
#7608 = CARTESIAN_POINT('',(-2.498480775301,0.195,0.442364817767));
#7609 = CIRCLE('',#7610,0.1);
#7610 = AXIS2_PLACEMENT_3D('',#7611,#7612,#7613);
#7611 = CARTESIAN_POINT('',(-2.4,0.195,0.425));
#7612 = DIRECTION('',(-1.144237745222E-17,-1.,4.379057701015E-47));
#7613 = DIRECTION('',(-4.440892098501E-15,5.081436361563E-32,1.));
#7614 = ORIENTED_EDGE('',*,*,#7615,.T.);
#7615 = EDGE_CURVE('',#7607,#7616,#7618,.T.);
#7616 = VERTEX_POINT('',#7617);
#7617 = CARTESIAN_POINT('',(-2.534655283371,0.195,0.206587955583));
#7618 = LINE('',#7619,#7620);
#7619 = CARTESIAN_POINT('',(-2.498480775301,0.195,0.442364817767));
#7620 = VECTOR('',#7621,1.);
#7621 = DIRECTION('',(-0.151652327974,1.735263178185E-18,-0.988433898356
    ));
#7622 = ORIENTED_EDGE('',*,*,#7623,.T.);
#7623 = EDGE_CURVE('',#7616,#7624,#7626,.T.);
#7624 = VERTEX_POINT('',#7625);
#7625 = CARTESIAN_POINT('',(-2.780857221624,0.195,-1.665334536938E-16));
#7626 = CIRCLE('',#7627,0.25);
#7627 = AXIS2_PLACEMENT_3D('',#7628,#7629,#7630);
#7628 = CARTESIAN_POINT('',(-2.780857221624,0.195,0.25));
#7629 = DIRECTION('',(1.144237745222E-17,1.,7.703719777549E-34));
#7630 = DIRECTION('',(0.984807753012,-1.126854202784E-17,-0.173648177667
    ));
#7631 = ORIENTED_EDGE('',*,*,#7632,.T.);
#7632 = EDGE_CURVE('',#7624,#7633,#7635,.T.);
#7633 = VERTEX_POINT('',#7634);
#7634 = CARTESIAN_POINT('',(-3.2,0.195,-1.665334536938E-16));
#7635 = LINE('',#7636,#7637);
#7636 = CARTESIAN_POINT('',(-2.780857221624,0.195,-1.665334536938E-16));
#7637 = VECTOR('',#7638,1.);
#7638 = DIRECTION('',(-1.,1.144237745222E-17,0.));
#7639 = ORIENTED_EDGE('',*,*,#7640,.T.);
#7640 = EDGE_CURVE('',#7633,#7641,#7643,.T.);
#7641 = VERTEX_POINT('',#7642);
#7642 = CARTESIAN_POINT('',(-3.2,0.195,0.15));
#7643 = LINE('',#7644,#7645);
#7644 = CARTESIAN_POINT('',(-3.2,0.195,-1.665334536938E-16));
#7645 = VECTOR('',#7646,1.);
#7646 = DIRECTION('',(0.,0.,1.));
#7647 = ORIENTED_EDGE('',*,*,#7648,.T.);
#7648 = EDGE_CURVE('',#7641,#7649,#7651,.T.);
#7649 = VERTEX_POINT('',#7650);
#7650 = CARTESIAN_POINT('',(-2.780857221624,0.195,0.15));
#7651 = LINE('',#7652,#7653);
#7652 = CARTESIAN_POINT('',(-3.2,0.195,0.15));
#7653 = VECTOR('',#7654,1.);
#7654 = DIRECTION('',(1.,-1.144237745222E-17,0.));
#7655 = ORIENTED_EDGE('',*,*,#7656,.T.);
#7656 = EDGE_CURVE('',#7649,#7657,#7659,.T.);
#7657 = VERTEX_POINT('',#7658);
#7658 = CARTESIAN_POINT('',(-2.682376446323,0.195,0.232635182233));
#7659 = CIRCLE('',#7660,0.1);
#7660 = AXIS2_PLACEMENT_3D('',#7661,#7662,#7663);
#7661 = CARTESIAN_POINT('',(-2.780857221624,0.195,0.25));
#7662 = DIRECTION('',(-1.144237745222E-17,-1.,-0.));
#7663 = DIRECTION('',(0.,0.,-1.));
#7664 = ORIENTED_EDGE('',*,*,#7665,.T.);
#7665 = EDGE_CURVE('',#7657,#7666,#7668,.T.);
#7666 = VERTEX_POINT('',#7667);
#7667 = CARTESIAN_POINT('',(-2.646201938253,0.195,0.468412044417));
#7668 = LINE('',#7669,#7670);
#7669 = CARTESIAN_POINT('',(-2.682376446323,0.195,0.232635182233));
#7670 = VECTOR('',#7671,1.);
#7671 = DIRECTION('',(0.151652327974,-1.735263178185E-18,0.988433898356)
  );
#7672 = ORIENTED_EDGE('',*,*,#7673,.T.);
#7673 = EDGE_CURVE('',#7666,#7674,#7676,.T.);
#7674 = VERTEX_POINT('',#7675);
#7675 = CARTESIAN_POINT('',(-2.4,0.195,0.675));
#7676 = CIRCLE('',#7677,0.25);
#7677 = AXIS2_PLACEMENT_3D('',#7678,#7679,#7680);
#7678 = CARTESIAN_POINT('',(-2.4,0.195,0.425));
#7679 = DIRECTION('',(1.144237745222E-17,1.,-3.851859888774E-34));
#7680 = DIRECTION('',(-0.984807753012,1.126854202784E-17,0.173648177667)
  );
#7681 = ORIENTED_EDGE('',*,*,#7682,.T.);
#7682 = EDGE_CURVE('',#7674,#3961,#7683,.T.);
#7683 = LINE('',#7684,#7685);
#7684 = CARTESIAN_POINT('',(-2.4,0.195,0.675));
#7685 = VECTOR('',#7686,1.);
#7686 = DIRECTION('',(1.,-1.144237745222E-17,0.));
#7687 = PLANE('',#7688);
#7688 = AXIS2_PLACEMENT_3D('',#7689,#7690,#7691);
#7689 = CARTESIAN_POINT('',(-2.637203454365,0.195,0.317854565708));
#7690 = DIRECTION('',(1.144237745222E-17,1.,0.));
#7691 = DIRECTION('',(0.,-0.,1.));
#7692 = ADVANCED_FACE('',(#7693),#7712,.F.);
#7693 = FACE_BOUND('',#7694,.F.);
#7694 = EDGE_LOOP('',(#7695,#7696,#7705,#7711));
#7695 = ORIENTED_EDGE('',*,*,#3999,.T.);
#7696 = ORIENTED_EDGE('',*,*,#7697,.T.);
#7697 = EDGE_CURVE('',#3992,#7698,#7700,.T.);
#7698 = VERTEX_POINT('',#7699);
#7699 = CARTESIAN_POINT('',(-2.498480775301,0.455,0.442364817767));
#7700 = CIRCLE('',#7701,0.1);
#7701 = AXIS2_PLACEMENT_3D('',#7702,#7703,#7704);
#7702 = CARTESIAN_POINT('',(-2.4,0.455,0.425));
#7703 = DIRECTION('',(-1.144237745222E-17,-1.,4.379057701015E-47));
#7704 = DIRECTION('',(-4.440892098501E-15,5.081436361563E-32,1.));
#7705 = ORIENTED_EDGE('',*,*,#7706,.F.);
#7706 = EDGE_CURVE('',#7607,#7698,#7707,.T.);
#7707 = LINE('',#7708,#7709);
#7708 = CARTESIAN_POINT('',(-2.498480775301,0.195,0.442364817767));
#7709 = VECTOR('',#7710,1.);
#7710 = DIRECTION('',(1.144237745222E-17,1.,0.));
#7711 = ORIENTED_EDGE('',*,*,#7606,.F.);
#7712 = CYLINDRICAL_SURFACE('',#7713,0.1);
#7713 = AXIS2_PLACEMENT_3D('',#7714,#7715,#7716);
#7714 = CARTESIAN_POINT('',(-2.4,0.195,0.425));
#7715 = DIRECTION('',(-1.144237745222E-17,-1.,0.));
#7716 = DIRECTION('',(-4.440892098501E-15,5.081436361563E-32,1.));
#7717 = ADVANCED_FACE('',(#7718),#7796,.T.);
#7718 = FACE_BOUND('',#7719,.T.);
#7719 = EDGE_LOOP('',(#7720,#7721,#7722,#7723,#7731,#7740,#7748,#7756,
    #7764,#7773,#7781,#7790));
#7720 = ORIENTED_EDGE('',*,*,#4013,.F.);
#7721 = ORIENTED_EDGE('',*,*,#3991,.T.);
#7722 = ORIENTED_EDGE('',*,*,#7697,.T.);
#7723 = ORIENTED_EDGE('',*,*,#7724,.T.);
#7724 = EDGE_CURVE('',#7698,#7725,#7727,.T.);
#7725 = VERTEX_POINT('',#7726);
#7726 = CARTESIAN_POINT('',(-2.534655283371,0.455,0.206587955583));
#7727 = LINE('',#7728,#7729);
#7728 = CARTESIAN_POINT('',(-2.498480775301,0.455,0.442364817767));
#7729 = VECTOR('',#7730,1.);
#7730 = DIRECTION('',(-0.151652327974,1.735263178185E-18,-0.988433898356
    ));
#7731 = ORIENTED_EDGE('',*,*,#7732,.T.);
#7732 = EDGE_CURVE('',#7725,#7733,#7735,.T.);
#7733 = VERTEX_POINT('',#7734);
#7734 = CARTESIAN_POINT('',(-2.780857221624,0.455,-1.665334536938E-16));
#7735 = CIRCLE('',#7736,0.25);
#7736 = AXIS2_PLACEMENT_3D('',#7737,#7738,#7739);
#7737 = CARTESIAN_POINT('',(-2.780857221624,0.455,0.25));
#7738 = DIRECTION('',(1.144237745222E-17,1.,7.703719777549E-34));
#7739 = DIRECTION('',(0.984807753012,-1.126854202784E-17,-0.173648177667
    ));
#7740 = ORIENTED_EDGE('',*,*,#7741,.T.);
#7741 = EDGE_CURVE('',#7733,#7742,#7744,.T.);
#7742 = VERTEX_POINT('',#7743);
#7743 = CARTESIAN_POINT('',(-3.2,0.455,-1.665334536938E-16));
#7744 = LINE('',#7745,#7746);
#7745 = CARTESIAN_POINT('',(-2.780857221624,0.455,-1.665334536938E-16));
#7746 = VECTOR('',#7747,1.);
#7747 = DIRECTION('',(-1.,1.144237745222E-17,0.));
#7748 = ORIENTED_EDGE('',*,*,#7749,.T.);
#7749 = EDGE_CURVE('',#7742,#7750,#7752,.T.);
#7750 = VERTEX_POINT('',#7751);
#7751 = CARTESIAN_POINT('',(-3.2,0.455,0.15));
#7752 = LINE('',#7753,#7754);
#7753 = CARTESIAN_POINT('',(-3.2,0.455,-1.665334536938E-16));
#7754 = VECTOR('',#7755,1.);
#7755 = DIRECTION('',(0.,0.,1.));
#7756 = ORIENTED_EDGE('',*,*,#7757,.T.);
#7757 = EDGE_CURVE('',#7750,#7758,#7760,.T.);
#7758 = VERTEX_POINT('',#7759);
#7759 = CARTESIAN_POINT('',(-2.780857221624,0.455,0.15));
#7760 = LINE('',#7761,#7762);
#7761 = CARTESIAN_POINT('',(-3.2,0.455,0.15));
#7762 = VECTOR('',#7763,1.);
#7763 = DIRECTION('',(1.,-1.144237745222E-17,0.));
#7764 = ORIENTED_EDGE('',*,*,#7765,.T.);
#7765 = EDGE_CURVE('',#7758,#7766,#7768,.T.);
#7766 = VERTEX_POINT('',#7767);
#7767 = CARTESIAN_POINT('',(-2.682376446323,0.455,0.232635182233));
#7768 = CIRCLE('',#7769,0.1);
#7769 = AXIS2_PLACEMENT_3D('',#7770,#7771,#7772);
#7770 = CARTESIAN_POINT('',(-2.780857221624,0.455,0.25));
#7771 = DIRECTION('',(-1.144237745222E-17,-1.,-0.));
#7772 = DIRECTION('',(0.,0.,-1.));
#7773 = ORIENTED_EDGE('',*,*,#7774,.T.);
#7774 = EDGE_CURVE('',#7766,#7775,#7777,.T.);
#7775 = VERTEX_POINT('',#7776);
#7776 = CARTESIAN_POINT('',(-2.646201938253,0.455,0.468412044417));
#7777 = LINE('',#7778,#7779);
#7778 = CARTESIAN_POINT('',(-2.682376446323,0.455,0.232635182233));
#7779 = VECTOR('',#7780,1.);
#7780 = DIRECTION('',(0.151652327974,-1.735263178185E-18,0.988433898356)
  );
#7781 = ORIENTED_EDGE('',*,*,#7782,.T.);
#7782 = EDGE_CURVE('',#7775,#7783,#7785,.T.);
#7783 = VERTEX_POINT('',#7784);
#7784 = CARTESIAN_POINT('',(-2.4,0.455,0.675));
#7785 = CIRCLE('',#7786,0.25);
#7786 = AXIS2_PLACEMENT_3D('',#7787,#7788,#7789);
#7787 = CARTESIAN_POINT('',(-2.4,0.455,0.425));
#7788 = DIRECTION('',(1.144237745222E-17,1.,-3.851859888774E-34));
#7789 = DIRECTION('',(-0.984807753012,1.126854202784E-17,0.173648177667)
  );
#7790 = ORIENTED_EDGE('',*,*,#7791,.T.);
#7791 = EDGE_CURVE('',#7783,#4014,#7792,.T.);
#7792 = LINE('',#7793,#7794);
#7793 = CARTESIAN_POINT('',(-2.4,0.455,0.675));
#7794 = VECTOR('',#7795,1.);
#7795 = DIRECTION('',(1.,-1.144237745222E-17,0.));
#7796 = PLANE('',#7797);
#7797 = AXIS2_PLACEMENT_3D('',#7798,#7799,#7800);
#7798 = CARTESIAN_POINT('',(-2.637203454365,0.455,0.317854565708));
#7799 = DIRECTION('',(1.144237745222E-17,1.,0.));
#7800 = DIRECTION('',(0.,-0.,1.));
#7801 = ADVANCED_FACE('',(#7802),#7818,.F.);
#7802 = FACE_BOUND('',#7803,.F.);
#7803 = EDGE_LOOP('',(#7804,#7805,#7811,#7812));
#7804 = ORIENTED_EDGE('',*,*,#4030,.T.);
#7805 = ORIENTED_EDGE('',*,*,#7806,.T.);
#7806 = EDGE_CURVE('',#4023,#5525,#7807,.T.);
#7807 = LINE('',#7808,#7809);
#7808 = CARTESIAN_POINT('',(-2.4,0.845,0.675));
#7809 = VECTOR('',#7810,1.);
#7810 = DIRECTION('',(1.,-1.144237745222E-17,0.));
#7811 = ORIENTED_EDGE('',*,*,#5524,.F.);
#7812 = ORIENTED_EDGE('',*,*,#7813,.F.);
#7813 = EDGE_CURVE('',#4014,#5517,#7814,.T.);
#7814 = LINE('',#7815,#7816);
#7815 = CARTESIAN_POINT('',(-2.4,0.455,0.675));
#7816 = VECTOR('',#7817,1.);
#7817 = DIRECTION('',(1.,-1.144237745222E-17,0.));
#7818 = PLANE('',#7819);
#7819 = AXIS2_PLACEMENT_3D('',#7820,#7821,#7822);
#7820 = CARTESIAN_POINT('',(-2.640908612089E-16,4.825,0.675));
#7821 = DIRECTION('',(-8.458391581173E-32,3.012014365389E-27,-1.));
#7822 = DIRECTION('',(1.,1.108771071988E-16,-8.45839158114E-32));
#7823 = ADVANCED_FACE('',(#7824),#7910,.F.);
#7824 = FACE_BOUND('',#7825,.F.);
#7825 = EDGE_LOOP('',(#7826,#7827,#7828,#7837,#7845,#7854,#7862,#7870,
    #7878,#7887,#7895,#7904));
#7826 = ORIENTED_EDGE('',*,*,#4022,.F.);
#7827 = ORIENTED_EDGE('',*,*,#4044,.T.);
#7828 = ORIENTED_EDGE('',*,*,#7829,.T.);
#7829 = EDGE_CURVE('',#4045,#7830,#7832,.T.);
#7830 = VERTEX_POINT('',#7831);
#7831 = CARTESIAN_POINT('',(-2.498480775301,0.845,0.442364817767));
#7832 = CIRCLE('',#7833,0.1);
#7833 = AXIS2_PLACEMENT_3D('',#7834,#7835,#7836);
#7834 = CARTESIAN_POINT('',(-2.4,0.845,0.425));
#7835 = DIRECTION('',(-1.144237745222E-17,-1.,4.379057701015E-47));
#7836 = DIRECTION('',(-4.440892098501E-15,5.081436361563E-32,1.));
#7837 = ORIENTED_EDGE('',*,*,#7838,.T.);
#7838 = EDGE_CURVE('',#7830,#7839,#7841,.T.);
#7839 = VERTEX_POINT('',#7840);
#7840 = CARTESIAN_POINT('',(-2.534655283371,0.845,0.206587955583));
#7841 = LINE('',#7842,#7843);
#7842 = CARTESIAN_POINT('',(-2.498480775301,0.845,0.442364817767));
#7843 = VECTOR('',#7844,1.);
#7844 = DIRECTION('',(-0.151652327974,1.735263178185E-18,-0.988433898356
    ));
#7845 = ORIENTED_EDGE('',*,*,#7846,.T.);
#7846 = EDGE_CURVE('',#7839,#7847,#7849,.T.);
#7847 = VERTEX_POINT('',#7848);
#7848 = CARTESIAN_POINT('',(-2.780857221624,0.845,-1.665334536938E-16));
#7849 = CIRCLE('',#7850,0.25);
#7850 = AXIS2_PLACEMENT_3D('',#7851,#7852,#7853);
#7851 = CARTESIAN_POINT('',(-2.780857221624,0.845,0.25));
#7852 = DIRECTION('',(1.144237745222E-17,1.,7.703719777549E-34));
#7853 = DIRECTION('',(0.984807753012,-1.126854202784E-17,-0.173648177667
    ));
#7854 = ORIENTED_EDGE('',*,*,#7855,.T.);
#7855 = EDGE_CURVE('',#7847,#7856,#7858,.T.);
#7856 = VERTEX_POINT('',#7857);
#7857 = CARTESIAN_POINT('',(-3.2,0.845,-1.665334536938E-16));
#7858 = LINE('',#7859,#7860);
#7859 = CARTESIAN_POINT('',(-2.780857221624,0.845,-1.665334536938E-16));
#7860 = VECTOR('',#7861,1.);
#7861 = DIRECTION('',(-1.,1.144237745222E-17,0.));
#7862 = ORIENTED_EDGE('',*,*,#7863,.T.);
#7863 = EDGE_CURVE('',#7856,#7864,#7866,.T.);
#7864 = VERTEX_POINT('',#7865);
#7865 = CARTESIAN_POINT('',(-3.2,0.845,0.15));
#7866 = LINE('',#7867,#7868);
#7867 = CARTESIAN_POINT('',(-3.2,0.845,-1.665334536938E-16));
#7868 = VECTOR('',#7869,1.);
#7869 = DIRECTION('',(0.,0.,1.));
#7870 = ORIENTED_EDGE('',*,*,#7871,.T.);
#7871 = EDGE_CURVE('',#7864,#7872,#7874,.T.);
#7872 = VERTEX_POINT('',#7873);
#7873 = CARTESIAN_POINT('',(-2.780857221624,0.845,0.15));
#7874 = LINE('',#7875,#7876);
#7875 = CARTESIAN_POINT('',(-3.2,0.845,0.15));
#7876 = VECTOR('',#7877,1.);
#7877 = DIRECTION('',(1.,-1.144237745222E-17,0.));
#7878 = ORIENTED_EDGE('',*,*,#7879,.T.);
#7879 = EDGE_CURVE('',#7872,#7880,#7882,.T.);
#7880 = VERTEX_POINT('',#7881);
#7881 = CARTESIAN_POINT('',(-2.682376446323,0.845,0.232635182233));
#7882 = CIRCLE('',#7883,0.1);
#7883 = AXIS2_PLACEMENT_3D('',#7884,#7885,#7886);
#7884 = CARTESIAN_POINT('',(-2.780857221624,0.845,0.25));
#7885 = DIRECTION('',(-1.144237745222E-17,-1.,-0.));
#7886 = DIRECTION('',(0.,0.,-1.));
#7887 = ORIENTED_EDGE('',*,*,#7888,.T.);
#7888 = EDGE_CURVE('',#7880,#7889,#7891,.T.);
#7889 = VERTEX_POINT('',#7890);
#7890 = CARTESIAN_POINT('',(-2.646201938253,0.845,0.468412044417));
#7891 = LINE('',#7892,#7893);
#7892 = CARTESIAN_POINT('',(-2.682376446323,0.845,0.232635182233));
#7893 = VECTOR('',#7894,1.);
#7894 = DIRECTION('',(0.151652327974,-1.735263178185E-18,0.988433898356)
  );
#7895 = ORIENTED_EDGE('',*,*,#7896,.T.);
#7896 = EDGE_CURVE('',#7889,#7897,#7899,.T.);
#7897 = VERTEX_POINT('',#7898);
#7898 = CARTESIAN_POINT('',(-2.4,0.845,0.675));
#7899 = CIRCLE('',#7900,0.25);
#7900 = AXIS2_PLACEMENT_3D('',#7901,#7902,#7903);
#7901 = CARTESIAN_POINT('',(-2.4,0.845,0.425));
#7902 = DIRECTION('',(1.144237745222E-17,1.,-3.851859888774E-34));
#7903 = DIRECTION('',(-0.984807753012,1.126854202784E-17,0.173648177667)
  );
#7904 = ORIENTED_EDGE('',*,*,#7905,.T.);
#7905 = EDGE_CURVE('',#7897,#4023,#7906,.T.);
#7906 = LINE('',#7907,#7908);
#7907 = CARTESIAN_POINT('',(-2.4,0.845,0.675));
#7908 = VECTOR('',#7909,1.);
#7909 = DIRECTION('',(1.,-1.144237745222E-17,0.));
#7910 = PLANE('',#7911);
#7911 = AXIS2_PLACEMENT_3D('',#7912,#7913,#7914);
#7912 = CARTESIAN_POINT('',(-2.637203454365,0.845,0.317854565708));
#7913 = DIRECTION('',(1.144237745222E-17,1.,0.));
#7914 = DIRECTION('',(0.,-0.,1.));
#7915 = ADVANCED_FACE('',(#7916),#7935,.F.);
#7916 = FACE_BOUND('',#7917,.F.);
#7917 = EDGE_LOOP('',(#7918,#7919,#7928,#7934));
#7918 = ORIENTED_EDGE('',*,*,#4061,.T.);
#7919 = ORIENTED_EDGE('',*,*,#7920,.T.);
#7920 = EDGE_CURVE('',#4054,#7921,#7923,.T.);
#7921 = VERTEX_POINT('',#7922);
#7922 = CARTESIAN_POINT('',(-2.498480775301,1.105,0.442364817767));
#7923 = CIRCLE('',#7924,0.1);
#7924 = AXIS2_PLACEMENT_3D('',#7925,#7926,#7927);
#7925 = CARTESIAN_POINT('',(-2.4,1.105,0.425));
#7926 = DIRECTION('',(-1.144237745222E-17,-1.,4.379057701015E-47));
#7927 = DIRECTION('',(-4.440892098501E-15,5.081436361563E-32,1.));
#7928 = ORIENTED_EDGE('',*,*,#7929,.F.);
#7929 = EDGE_CURVE('',#7830,#7921,#7930,.T.);
#7930 = LINE('',#7931,#7932);
#7931 = CARTESIAN_POINT('',(-2.498480775301,0.845,0.442364817767));
#7932 = VECTOR('',#7933,1.);
#7933 = DIRECTION('',(1.144237745222E-17,1.,0.));
#7934 = ORIENTED_EDGE('',*,*,#7829,.F.);
#7935 = CYLINDRICAL_SURFACE('',#7936,0.1);
#7936 = AXIS2_PLACEMENT_3D('',#7937,#7938,#7939);
#7937 = CARTESIAN_POINT('',(-2.4,0.845,0.425));
#7938 = DIRECTION('',(-1.144237745222E-17,-1.,0.));
#7939 = DIRECTION('',(-4.440892098501E-15,5.081436361563E-32,1.));
#7940 = ADVANCED_FACE('',(#7941),#8019,.T.);
#7941 = FACE_BOUND('',#7942,.T.);
#7942 = EDGE_LOOP('',(#7943,#7944,#7945,#7946,#7954,#7963,#7971,#7979,
    #7987,#7996,#8004,#8013));
#7943 = ORIENTED_EDGE('',*,*,#4075,.F.);
#7944 = ORIENTED_EDGE('',*,*,#4053,.T.);
#7945 = ORIENTED_EDGE('',*,*,#7920,.T.);
#7946 = ORIENTED_EDGE('',*,*,#7947,.T.);
#7947 = EDGE_CURVE('',#7921,#7948,#7950,.T.);
#7948 = VERTEX_POINT('',#7949);
#7949 = CARTESIAN_POINT('',(-2.534655283371,1.105,0.206587955583));
#7950 = LINE('',#7951,#7952);
#7951 = CARTESIAN_POINT('',(-2.498480775301,1.105,0.442364817767));
#7952 = VECTOR('',#7953,1.);
#7953 = DIRECTION('',(-0.151652327974,1.735263178185E-18,-0.988433898356
    ));
#7954 = ORIENTED_EDGE('',*,*,#7955,.T.);
#7955 = EDGE_CURVE('',#7948,#7956,#7958,.T.);
#7956 = VERTEX_POINT('',#7957);
#7957 = CARTESIAN_POINT('',(-2.780857221624,1.105,-1.665334536938E-16));
#7958 = CIRCLE('',#7959,0.25);
#7959 = AXIS2_PLACEMENT_3D('',#7960,#7961,#7962);
#7960 = CARTESIAN_POINT('',(-2.780857221624,1.105,0.25));
#7961 = DIRECTION('',(1.144237745222E-17,1.,7.703719777549E-34));
#7962 = DIRECTION('',(0.984807753012,-1.126854202784E-17,-0.173648177667
    ));
#7963 = ORIENTED_EDGE('',*,*,#7964,.T.);
#7964 = EDGE_CURVE('',#7956,#7965,#7967,.T.);
#7965 = VERTEX_POINT('',#7966);
#7966 = CARTESIAN_POINT('',(-3.2,1.105,-1.665334536938E-16));
#7967 = LINE('',#7968,#7969);
#7968 = CARTESIAN_POINT('',(-2.780857221624,1.105,-1.665334536938E-16));
#7969 = VECTOR('',#7970,1.);
#7970 = DIRECTION('',(-1.,1.144237745222E-17,0.));
#7971 = ORIENTED_EDGE('',*,*,#7972,.T.);
#7972 = EDGE_CURVE('',#7965,#7973,#7975,.T.);
#7973 = VERTEX_POINT('',#7974);
#7974 = CARTESIAN_POINT('',(-3.2,1.105,0.15));
#7975 = LINE('',#7976,#7977);
#7976 = CARTESIAN_POINT('',(-3.2,1.105,-1.665334536938E-16));
#7977 = VECTOR('',#7978,1.);
#7978 = DIRECTION('',(0.,0.,1.));
#7979 = ORIENTED_EDGE('',*,*,#7980,.T.);
#7980 = EDGE_CURVE('',#7973,#7981,#7983,.T.);
#7981 = VERTEX_POINT('',#7982);
#7982 = CARTESIAN_POINT('',(-2.780857221624,1.105,0.15));
#7983 = LINE('',#7984,#7985);
#7984 = CARTESIAN_POINT('',(-3.2,1.105,0.15));
#7985 = VECTOR('',#7986,1.);
#7986 = DIRECTION('',(1.,-1.144237745222E-17,0.));
#7987 = ORIENTED_EDGE('',*,*,#7988,.T.);
#7988 = EDGE_CURVE('',#7981,#7989,#7991,.T.);
#7989 = VERTEX_POINT('',#7990);
#7990 = CARTESIAN_POINT('',(-2.682376446323,1.105,0.232635182233));
#7991 = CIRCLE('',#7992,0.1);
#7992 = AXIS2_PLACEMENT_3D('',#7993,#7994,#7995);
#7993 = CARTESIAN_POINT('',(-2.780857221624,1.105,0.25));
#7994 = DIRECTION('',(-1.144237745222E-17,-1.,-0.));
#7995 = DIRECTION('',(0.,0.,-1.));
#7996 = ORIENTED_EDGE('',*,*,#7997,.T.);
#7997 = EDGE_CURVE('',#7989,#7998,#8000,.T.);
#7998 = VERTEX_POINT('',#7999);
#7999 = CARTESIAN_POINT('',(-2.646201938253,1.105,0.468412044417));
#8000 = LINE('',#8001,#8002);
#8001 = CARTESIAN_POINT('',(-2.682376446323,1.105,0.232635182233));
#8002 = VECTOR('',#8003,1.);
#8003 = DIRECTION('',(0.151652327974,-1.735263178185E-18,0.988433898356)
  );
#8004 = ORIENTED_EDGE('',*,*,#8005,.T.);
#8005 = EDGE_CURVE('',#7998,#8006,#8008,.T.);
#8006 = VERTEX_POINT('',#8007);
#8007 = CARTESIAN_POINT('',(-2.4,1.105,0.675));
#8008 = CIRCLE('',#8009,0.25);
#8009 = AXIS2_PLACEMENT_3D('',#8010,#8011,#8012);
#8010 = CARTESIAN_POINT('',(-2.4,1.105,0.425));
#8011 = DIRECTION('',(1.144237745222E-17,1.,-3.851859888774E-34));
#8012 = DIRECTION('',(-0.984807753012,1.126854202784E-17,0.173648177667)
  );
#8013 = ORIENTED_EDGE('',*,*,#8014,.T.);
#8014 = EDGE_CURVE('',#8006,#4076,#8015,.T.);
#8015 = LINE('',#8016,#8017);
#8016 = CARTESIAN_POINT('',(-2.4,1.105,0.675));
#8017 = VECTOR('',#8018,1.);
#8018 = DIRECTION('',(1.,-1.144237745222E-17,0.));
#8019 = PLANE('',#8020);
#8020 = AXIS2_PLACEMENT_3D('',#8021,#8022,#8023);
#8021 = CARTESIAN_POINT('',(-2.637203454365,1.105,0.317854565708));
#8022 = DIRECTION('',(1.144237745222E-17,1.,0.));
#8023 = DIRECTION('',(0.,-0.,1.));
#8024 = ADVANCED_FACE('',(#8025),#8041,.F.);
#8025 = FACE_BOUND('',#8026,.F.);
#8026 = EDGE_LOOP('',(#8027,#8028,#8034,#8035));
#8027 = ORIENTED_EDGE('',*,*,#4092,.T.);
#8028 = ORIENTED_EDGE('',*,*,#8029,.T.);
#8029 = EDGE_CURVE('',#4085,#5541,#8030,.T.);
#8030 = LINE('',#8031,#8032);
#8031 = CARTESIAN_POINT('',(-2.4,1.495,0.675));
#8032 = VECTOR('',#8033,1.);
#8033 = DIRECTION('',(1.,-1.144237745222E-17,0.));
#8034 = ORIENTED_EDGE('',*,*,#5540,.F.);
#8035 = ORIENTED_EDGE('',*,*,#8036,.F.);
#8036 = EDGE_CURVE('',#4076,#5533,#8037,.T.);
#8037 = LINE('',#8038,#8039);
#8038 = CARTESIAN_POINT('',(-2.4,1.105,0.675));
#8039 = VECTOR('',#8040,1.);
#8040 = DIRECTION('',(1.,-1.144237745222E-17,0.));
#8041 = PLANE('',#8042);
#8042 = AXIS2_PLACEMENT_3D('',#8043,#8044,#8045);
#8043 = CARTESIAN_POINT('',(-2.640908612089E-16,4.825,0.675));
#8044 = DIRECTION('',(-8.458391581173E-32,3.012014365389E-27,-1.));
#8045 = DIRECTION('',(1.,1.108771071988E-16,-8.45839158114E-32));
#8046 = ADVANCED_FACE('',(#8047),#8133,.F.);
#8047 = FACE_BOUND('',#8048,.F.);
#8048 = EDGE_LOOP('',(#8049,#8050,#8051,#8060,#8068,#8077,#8085,#8093,
    #8101,#8110,#8118,#8127));
#8049 = ORIENTED_EDGE('',*,*,#4084,.F.);
#8050 = ORIENTED_EDGE('',*,*,#4106,.T.);
#8051 = ORIENTED_EDGE('',*,*,#8052,.T.);
#8052 = EDGE_CURVE('',#4107,#8053,#8055,.T.);
#8053 = VERTEX_POINT('',#8054);
#8054 = CARTESIAN_POINT('',(-2.498480775301,1.495,0.442364817767));
#8055 = CIRCLE('',#8056,0.1);
#8056 = AXIS2_PLACEMENT_3D('',#8057,#8058,#8059);
#8057 = CARTESIAN_POINT('',(-2.4,1.495,0.425));
#8058 = DIRECTION('',(-1.144237745222E-17,-1.,4.379057701015E-47));
#8059 = DIRECTION('',(-4.440892098501E-15,5.081436361563E-32,1.));
#8060 = ORIENTED_EDGE('',*,*,#8061,.T.);
#8061 = EDGE_CURVE('',#8053,#8062,#8064,.T.);
#8062 = VERTEX_POINT('',#8063);
#8063 = CARTESIAN_POINT('',(-2.534655283371,1.495,0.206587955583));
#8064 = LINE('',#8065,#8066);
#8065 = CARTESIAN_POINT('',(-2.498480775301,1.495,0.442364817767));
#8066 = VECTOR('',#8067,1.);
#8067 = DIRECTION('',(-0.151652327974,1.735263178185E-18,-0.988433898356
    ));
#8068 = ORIENTED_EDGE('',*,*,#8069,.T.);
#8069 = EDGE_CURVE('',#8062,#8070,#8072,.T.);
#8070 = VERTEX_POINT('',#8071);
#8071 = CARTESIAN_POINT('',(-2.780857221624,1.495,-1.665334536938E-16));
#8072 = CIRCLE('',#8073,0.25);
#8073 = AXIS2_PLACEMENT_3D('',#8074,#8075,#8076);
#8074 = CARTESIAN_POINT('',(-2.780857221624,1.495,0.25));
#8075 = DIRECTION('',(1.144237745222E-17,1.,7.703719777549E-34));
#8076 = DIRECTION('',(0.984807753012,-1.126854202784E-17,-0.173648177667
    ));
#8077 = ORIENTED_EDGE('',*,*,#8078,.T.);
#8078 = EDGE_CURVE('',#8070,#8079,#8081,.T.);
#8079 = VERTEX_POINT('',#8080);
#8080 = CARTESIAN_POINT('',(-3.2,1.495,-1.665334536938E-16));
#8081 = LINE('',#8082,#8083);
#8082 = CARTESIAN_POINT('',(-2.780857221624,1.495,-1.665334536938E-16));
#8083 = VECTOR('',#8084,1.);
#8084 = DIRECTION('',(-1.,1.144237745222E-17,0.));
#8085 = ORIENTED_EDGE('',*,*,#8086,.T.);
#8086 = EDGE_CURVE('',#8079,#8087,#8089,.T.);
#8087 = VERTEX_POINT('',#8088);
#8088 = CARTESIAN_POINT('',(-3.2,1.495,0.15));
#8089 = LINE('',#8090,#8091);
#8090 = CARTESIAN_POINT('',(-3.2,1.495,-1.665334536938E-16));
#8091 = VECTOR('',#8092,1.);
#8092 = DIRECTION('',(0.,0.,1.));
#8093 = ORIENTED_EDGE('',*,*,#8094,.T.);
#8094 = EDGE_CURVE('',#8087,#8095,#8097,.T.);
#8095 = VERTEX_POINT('',#8096);
#8096 = CARTESIAN_POINT('',(-2.780857221624,1.495,0.15));
#8097 = LINE('',#8098,#8099);
#8098 = CARTESIAN_POINT('',(-3.2,1.495,0.15));
#8099 = VECTOR('',#8100,1.);
#8100 = DIRECTION('',(1.,-1.144237745222E-17,0.));
#8101 = ORIENTED_EDGE('',*,*,#8102,.T.);
#8102 = EDGE_CURVE('',#8095,#8103,#8105,.T.);
#8103 = VERTEX_POINT('',#8104);
#8104 = CARTESIAN_POINT('',(-2.682376446323,1.495,0.232635182233));
#8105 = CIRCLE('',#8106,0.1);
#8106 = AXIS2_PLACEMENT_3D('',#8107,#8108,#8109);
#8107 = CARTESIAN_POINT('',(-2.780857221624,1.495,0.25));
#8108 = DIRECTION('',(-1.144237745222E-17,-1.,-0.));
#8109 = DIRECTION('',(0.,0.,-1.));
#8110 = ORIENTED_EDGE('',*,*,#8111,.T.);
#8111 = EDGE_CURVE('',#8103,#8112,#8114,.T.);
#8112 = VERTEX_POINT('',#8113);
#8113 = CARTESIAN_POINT('',(-2.646201938253,1.495,0.468412044417));
#8114 = LINE('',#8115,#8116);
#8115 = CARTESIAN_POINT('',(-2.682376446323,1.495,0.232635182233));
#8116 = VECTOR('',#8117,1.);
#8117 = DIRECTION('',(0.151652327974,-1.735263178185E-18,0.988433898356)
  );
#8118 = ORIENTED_EDGE('',*,*,#8119,.T.);
#8119 = EDGE_CURVE('',#8112,#8120,#8122,.T.);
#8120 = VERTEX_POINT('',#8121);
#8121 = CARTESIAN_POINT('',(-2.4,1.495,0.675));
#8122 = CIRCLE('',#8123,0.25);
#8123 = AXIS2_PLACEMENT_3D('',#8124,#8125,#8126);
#8124 = CARTESIAN_POINT('',(-2.4,1.495,0.425));
#8125 = DIRECTION('',(1.144237745222E-17,1.,-3.851859888774E-34));
#8126 = DIRECTION('',(-0.984807753012,1.126854202784E-17,0.173648177667)
  );
#8127 = ORIENTED_EDGE('',*,*,#8128,.T.);
#8128 = EDGE_CURVE('',#8120,#4085,#8129,.T.);
#8129 = LINE('',#8130,#8131);
#8130 = CARTESIAN_POINT('',(-2.4,1.495,0.675));
#8131 = VECTOR('',#8132,1.);
#8132 = DIRECTION('',(1.,-1.144237745222E-17,0.));
#8133 = PLANE('',#8134);
#8134 = AXIS2_PLACEMENT_3D('',#8135,#8136,#8137);
#8135 = CARTESIAN_POINT('',(-2.637203454365,1.495,0.317854565708));
#8136 = DIRECTION('',(1.144237745222E-17,1.,0.));
#8137 = DIRECTION('',(0.,-0.,1.));
#8138 = ADVANCED_FACE('',(#8139),#8158,.F.);
#8139 = FACE_BOUND('',#8140,.F.);
#8140 = EDGE_LOOP('',(#8141,#8142,#8151,#8157));
#8141 = ORIENTED_EDGE('',*,*,#4123,.T.);
#8142 = ORIENTED_EDGE('',*,*,#8143,.T.);
#8143 = EDGE_CURVE('',#4116,#8144,#8146,.T.);
#8144 = VERTEX_POINT('',#8145);
#8145 = CARTESIAN_POINT('',(-2.498480775301,1.755,0.442364817767));
#8146 = CIRCLE('',#8147,0.1);
#8147 = AXIS2_PLACEMENT_3D('',#8148,#8149,#8150);
#8148 = CARTESIAN_POINT('',(-2.4,1.755,0.425));
#8149 = DIRECTION('',(-1.144237745222E-17,-1.,4.379057701015E-47));
#8150 = DIRECTION('',(-4.440892098501E-15,5.081436361563E-32,1.));
#8151 = ORIENTED_EDGE('',*,*,#8152,.F.);
#8152 = EDGE_CURVE('',#8053,#8144,#8153,.T.);
#8153 = LINE('',#8154,#8155);
#8154 = CARTESIAN_POINT('',(-2.498480775301,1.495,0.442364817767));
#8155 = VECTOR('',#8156,1.);
#8156 = DIRECTION('',(1.144237745222E-17,1.,0.));
#8157 = ORIENTED_EDGE('',*,*,#8052,.F.);
#8158 = CYLINDRICAL_SURFACE('',#8159,0.1);
#8159 = AXIS2_PLACEMENT_3D('',#8160,#8161,#8162);
#8160 = CARTESIAN_POINT('',(-2.4,1.495,0.425));
#8161 = DIRECTION('',(-1.144237745222E-17,-1.,0.));
#8162 = DIRECTION('',(-4.440892098501E-15,5.081436361563E-32,1.));
#8163 = ADVANCED_FACE('',(#8164),#8242,.T.);
#8164 = FACE_BOUND('',#8165,.T.);
#8165 = EDGE_LOOP('',(#8166,#8167,#8168,#8169,#8177,#8186,#8194,#8202,
    #8210,#8219,#8227,#8236));
#8166 = ORIENTED_EDGE('',*,*,#4137,.F.);
#8167 = ORIENTED_EDGE('',*,*,#4115,.T.);
#8168 = ORIENTED_EDGE('',*,*,#8143,.T.);
#8169 = ORIENTED_EDGE('',*,*,#8170,.T.);
#8170 = EDGE_CURVE('',#8144,#8171,#8173,.T.);
#8171 = VERTEX_POINT('',#8172);
#8172 = CARTESIAN_POINT('',(-2.534655283371,1.755,0.206587955583));
#8173 = LINE('',#8174,#8175);
#8174 = CARTESIAN_POINT('',(-2.498480775301,1.755,0.442364817767));
#8175 = VECTOR('',#8176,1.);
#8176 = DIRECTION('',(-0.151652327974,1.735263178185E-18,-0.988433898356
    ));
#8177 = ORIENTED_EDGE('',*,*,#8178,.T.);
#8178 = EDGE_CURVE('',#8171,#8179,#8181,.T.);
#8179 = VERTEX_POINT('',#8180);
#8180 = CARTESIAN_POINT('',(-2.780857221624,1.755,-1.665334536938E-16));
#8181 = CIRCLE('',#8182,0.25);
#8182 = AXIS2_PLACEMENT_3D('',#8183,#8184,#8185);
#8183 = CARTESIAN_POINT('',(-2.780857221624,1.755,0.25));
#8184 = DIRECTION('',(1.144237745222E-17,1.,7.703719777549E-34));
#8185 = DIRECTION('',(0.984807753012,-1.126854202784E-17,-0.173648177667
    ));
#8186 = ORIENTED_EDGE('',*,*,#8187,.T.);
#8187 = EDGE_CURVE('',#8179,#8188,#8190,.T.);
#8188 = VERTEX_POINT('',#8189);
#8189 = CARTESIAN_POINT('',(-3.2,1.755,-1.665334536938E-16));
#8190 = LINE('',#8191,#8192);
#8191 = CARTESIAN_POINT('',(-2.780857221624,1.755,-1.665334536938E-16));
#8192 = VECTOR('',#8193,1.);
#8193 = DIRECTION('',(-1.,1.144237745222E-17,0.));
#8194 = ORIENTED_EDGE('',*,*,#8195,.T.);
#8195 = EDGE_CURVE('',#8188,#8196,#8198,.T.);
#8196 = VERTEX_POINT('',#8197);
#8197 = CARTESIAN_POINT('',(-3.2,1.755,0.15));
#8198 = LINE('',#8199,#8200);
#8199 = CARTESIAN_POINT('',(-3.2,1.755,-1.665334536938E-16));
#8200 = VECTOR('',#8201,1.);
#8201 = DIRECTION('',(0.,0.,1.));
#8202 = ORIENTED_EDGE('',*,*,#8203,.T.);
#8203 = EDGE_CURVE('',#8196,#8204,#8206,.T.);
#8204 = VERTEX_POINT('',#8205);
#8205 = CARTESIAN_POINT('',(-2.780857221624,1.755,0.15));
#8206 = LINE('',#8207,#8208);
#8207 = CARTESIAN_POINT('',(-3.2,1.755,0.15));
#8208 = VECTOR('',#8209,1.);
#8209 = DIRECTION('',(1.,-1.144237745222E-17,0.));
#8210 = ORIENTED_EDGE('',*,*,#8211,.T.);
#8211 = EDGE_CURVE('',#8204,#8212,#8214,.T.);
#8212 = VERTEX_POINT('',#8213);
#8213 = CARTESIAN_POINT('',(-2.682376446323,1.755,0.232635182233));
#8214 = CIRCLE('',#8215,0.1);
#8215 = AXIS2_PLACEMENT_3D('',#8216,#8217,#8218);
#8216 = CARTESIAN_POINT('',(-2.780857221624,1.755,0.25));
#8217 = DIRECTION('',(-1.144237745222E-17,-1.,-0.));
#8218 = DIRECTION('',(0.,0.,-1.));
#8219 = ORIENTED_EDGE('',*,*,#8220,.T.);
#8220 = EDGE_CURVE('',#8212,#8221,#8223,.T.);
#8221 = VERTEX_POINT('',#8222);
#8222 = CARTESIAN_POINT('',(-2.646201938253,1.755,0.468412044417));
#8223 = LINE('',#8224,#8225);
#8224 = CARTESIAN_POINT('',(-2.682376446323,1.755,0.232635182233));
#8225 = VECTOR('',#8226,1.);
#8226 = DIRECTION('',(0.151652327974,-1.735263178185E-18,0.988433898356)
  );
#8227 = ORIENTED_EDGE('',*,*,#8228,.T.);
#8228 = EDGE_CURVE('',#8221,#8229,#8231,.T.);
#8229 = VERTEX_POINT('',#8230);
#8230 = CARTESIAN_POINT('',(-2.4,1.755,0.675));
#8231 = CIRCLE('',#8232,0.25);
#8232 = AXIS2_PLACEMENT_3D('',#8233,#8234,#8235);
#8233 = CARTESIAN_POINT('',(-2.4,1.755,0.425));
#8234 = DIRECTION('',(1.144237745222E-17,1.,-3.851859888774E-34));
#8235 = DIRECTION('',(-0.984807753012,1.126854202784E-17,0.173648177667)
  );
#8236 = ORIENTED_EDGE('',*,*,#8237,.T.);
#8237 = EDGE_CURVE('',#8229,#4138,#8238,.T.);
#8238 = LINE('',#8239,#8240);
#8239 = CARTESIAN_POINT('',(-2.4,1.755,0.675));
#8240 = VECTOR('',#8241,1.);
#8241 = DIRECTION('',(1.,-1.144237745222E-17,0.));
#8242 = PLANE('',#8243);
#8243 = AXIS2_PLACEMENT_3D('',#8244,#8245,#8246);
#8244 = CARTESIAN_POINT('',(-2.637203454365,1.755,0.317854565708));
#8245 = DIRECTION('',(1.144237745222E-17,1.,0.));
#8246 = DIRECTION('',(0.,-0.,1.));
#8247 = ADVANCED_FACE('',(#8248),#8264,.F.);
#8248 = FACE_BOUND('',#8249,.F.);
#8249 = EDGE_LOOP('',(#8250,#8251,#8257,#8258));
#8250 = ORIENTED_EDGE('',*,*,#4154,.T.);
#8251 = ORIENTED_EDGE('',*,*,#8252,.T.);
#8252 = EDGE_CURVE('',#4147,#5557,#8253,.T.);
#8253 = LINE('',#8254,#8255);
#8254 = CARTESIAN_POINT('',(-2.4,2.145,0.675));
#8255 = VECTOR('',#8256,1.);
#8256 = DIRECTION('',(1.,-1.144237745222E-17,0.));
#8257 = ORIENTED_EDGE('',*,*,#5556,.F.);
#8258 = ORIENTED_EDGE('',*,*,#8259,.F.);
#8259 = EDGE_CURVE('',#4138,#5549,#8260,.T.);
#8260 = LINE('',#8261,#8262);
#8261 = CARTESIAN_POINT('',(-2.4,1.755,0.675));
#8262 = VECTOR('',#8263,1.);
#8263 = DIRECTION('',(1.,-1.144237745222E-17,0.));
#8264 = PLANE('',#8265);
#8265 = AXIS2_PLACEMENT_3D('',#8266,#8267,#8268);
#8266 = CARTESIAN_POINT('',(-2.640908612089E-16,4.825,0.675));
#8267 = DIRECTION('',(-8.458391581173E-32,3.012014365389E-27,-1.));
#8268 = DIRECTION('',(1.,1.108771071988E-16,-8.45839158114E-32));
#8269 = ADVANCED_FACE('',(#8270),#8356,.F.);
#8270 = FACE_BOUND('',#8271,.F.);
#8271 = EDGE_LOOP('',(#8272,#8273,#8274,#8283,#8291,#8300,#8308,#8316,
    #8324,#8333,#8341,#8350));
#8272 = ORIENTED_EDGE('',*,*,#4146,.F.);
#8273 = ORIENTED_EDGE('',*,*,#4168,.T.);
#8274 = ORIENTED_EDGE('',*,*,#8275,.T.);
#8275 = EDGE_CURVE('',#4169,#8276,#8278,.T.);
#8276 = VERTEX_POINT('',#8277);
#8277 = CARTESIAN_POINT('',(-2.498480775301,2.145,0.442364817767));
#8278 = CIRCLE('',#8279,0.1);
#8279 = AXIS2_PLACEMENT_3D('',#8280,#8281,#8282);
#8280 = CARTESIAN_POINT('',(-2.4,2.145,0.425));
#8281 = DIRECTION('',(-1.144237745222E-17,-1.,4.379057701015E-47));
#8282 = DIRECTION('',(-4.440892098501E-15,5.081436361563E-32,1.));
#8283 = ORIENTED_EDGE('',*,*,#8284,.T.);
#8284 = EDGE_CURVE('',#8276,#8285,#8287,.T.);
#8285 = VERTEX_POINT('',#8286);
#8286 = CARTESIAN_POINT('',(-2.534655283371,2.145,0.206587955583));
#8287 = LINE('',#8288,#8289);
#8288 = CARTESIAN_POINT('',(-2.498480775301,2.145,0.442364817767));
#8289 = VECTOR('',#8290,1.);
#8290 = DIRECTION('',(-0.151652327974,1.735263178185E-18,-0.988433898356
    ));
#8291 = ORIENTED_EDGE('',*,*,#8292,.T.);
#8292 = EDGE_CURVE('',#8285,#8293,#8295,.T.);
#8293 = VERTEX_POINT('',#8294);
#8294 = CARTESIAN_POINT('',(-2.780857221624,2.145,-1.665334536938E-16));
#8295 = CIRCLE('',#8296,0.25);
#8296 = AXIS2_PLACEMENT_3D('',#8297,#8298,#8299);
#8297 = CARTESIAN_POINT('',(-2.780857221624,2.145,0.25));
#8298 = DIRECTION('',(1.144237745222E-17,1.,7.703719777549E-34));
#8299 = DIRECTION('',(0.984807753012,-1.126854202784E-17,-0.173648177667
    ));
#8300 = ORIENTED_EDGE('',*,*,#8301,.T.);
#8301 = EDGE_CURVE('',#8293,#8302,#8304,.T.);
#8302 = VERTEX_POINT('',#8303);
#8303 = CARTESIAN_POINT('',(-3.2,2.145,-1.665334536938E-16));
#8304 = LINE('',#8305,#8306);
#8305 = CARTESIAN_POINT('',(-2.780857221624,2.145,-1.665334536938E-16));
#8306 = VECTOR('',#8307,1.);
#8307 = DIRECTION('',(-1.,1.144237745222E-17,0.));
#8308 = ORIENTED_EDGE('',*,*,#8309,.T.);
#8309 = EDGE_CURVE('',#8302,#8310,#8312,.T.);
#8310 = VERTEX_POINT('',#8311);
#8311 = CARTESIAN_POINT('',(-3.2,2.145,0.15));
#8312 = LINE('',#8313,#8314);
#8313 = CARTESIAN_POINT('',(-3.2,2.145,-1.665334536938E-16));
#8314 = VECTOR('',#8315,1.);
#8315 = DIRECTION('',(0.,0.,1.));
#8316 = ORIENTED_EDGE('',*,*,#8317,.T.);
#8317 = EDGE_CURVE('',#8310,#8318,#8320,.T.);
#8318 = VERTEX_POINT('',#8319);
#8319 = CARTESIAN_POINT('',(-2.780857221624,2.145,0.15));
#8320 = LINE('',#8321,#8322);
#8321 = CARTESIAN_POINT('',(-3.2,2.145,0.15));
#8322 = VECTOR('',#8323,1.);
#8323 = DIRECTION('',(1.,-1.144237745222E-17,0.));
#8324 = ORIENTED_EDGE('',*,*,#8325,.T.);
#8325 = EDGE_CURVE('',#8318,#8326,#8328,.T.);
#8326 = VERTEX_POINT('',#8327);
#8327 = CARTESIAN_POINT('',(-2.682376446323,2.145,0.232635182233));
#8328 = CIRCLE('',#8329,0.1);
#8329 = AXIS2_PLACEMENT_3D('',#8330,#8331,#8332);
#8330 = CARTESIAN_POINT('',(-2.780857221624,2.145,0.25));
#8331 = DIRECTION('',(-1.144237745222E-17,-1.,-0.));
#8332 = DIRECTION('',(0.,0.,-1.));
#8333 = ORIENTED_EDGE('',*,*,#8334,.T.);
#8334 = EDGE_CURVE('',#8326,#8335,#8337,.T.);
#8335 = VERTEX_POINT('',#8336);
#8336 = CARTESIAN_POINT('',(-2.646201938253,2.145,0.468412044417));
#8337 = LINE('',#8338,#8339);
#8338 = CARTESIAN_POINT('',(-2.682376446323,2.145,0.232635182233));
#8339 = VECTOR('',#8340,1.);
#8340 = DIRECTION('',(0.151652327974,-1.735263178185E-18,0.988433898356)
  );
#8341 = ORIENTED_EDGE('',*,*,#8342,.T.);
#8342 = EDGE_CURVE('',#8335,#8343,#8345,.T.);
#8343 = VERTEX_POINT('',#8344);
#8344 = CARTESIAN_POINT('',(-2.4,2.145,0.675));
#8345 = CIRCLE('',#8346,0.25);
#8346 = AXIS2_PLACEMENT_3D('',#8347,#8348,#8349);
#8347 = CARTESIAN_POINT('',(-2.4,2.145,0.425));
#8348 = DIRECTION('',(1.144237745222E-17,1.,-3.851859888774E-34));
#8349 = DIRECTION('',(-0.984807753012,1.126854202784E-17,0.173648177667)
  );
#8350 = ORIENTED_EDGE('',*,*,#8351,.T.);
#8351 = EDGE_CURVE('',#8343,#4147,#8352,.T.);
#8352 = LINE('',#8353,#8354);
#8353 = CARTESIAN_POINT('',(-2.4,2.145,0.675));
#8354 = VECTOR('',#8355,1.);
#8355 = DIRECTION('',(1.,-1.144237745222E-17,0.));
#8356 = PLANE('',#8357);
#8357 = AXIS2_PLACEMENT_3D('',#8358,#8359,#8360);
#8358 = CARTESIAN_POINT('',(-2.637203454365,2.145,0.317854565708));
#8359 = DIRECTION('',(1.144237745222E-17,1.,0.));
#8360 = DIRECTION('',(0.,-0.,1.));
#8361 = ADVANCED_FACE('',(#8362),#8381,.F.);
#8362 = FACE_BOUND('',#8363,.F.);
#8363 = EDGE_LOOP('',(#8364,#8365,#8374,#8380));
#8364 = ORIENTED_EDGE('',*,*,#4185,.T.);
#8365 = ORIENTED_EDGE('',*,*,#8366,.T.);
#8366 = EDGE_CURVE('',#4178,#8367,#8369,.T.);
#8367 = VERTEX_POINT('',#8368);
#8368 = CARTESIAN_POINT('',(-2.498480775301,2.405,0.442364817767));
#8369 = CIRCLE('',#8370,0.1);
#8370 = AXIS2_PLACEMENT_3D('',#8371,#8372,#8373);
#8371 = CARTESIAN_POINT('',(-2.4,2.405,0.425));
#8372 = DIRECTION('',(-1.144237745222E-17,-1.,4.379057701015E-47));
#8373 = DIRECTION('',(-4.440892098501E-15,5.081436361563E-32,1.));
#8374 = ORIENTED_EDGE('',*,*,#8375,.F.);
#8375 = EDGE_CURVE('',#8276,#8367,#8376,.T.);
#8376 = LINE('',#8377,#8378);
#8377 = CARTESIAN_POINT('',(-2.498480775301,2.145,0.442364817767));
#8378 = VECTOR('',#8379,1.);
#8379 = DIRECTION('',(1.144237745222E-17,1.,0.));
#8380 = ORIENTED_EDGE('',*,*,#8275,.F.);
#8381 = CYLINDRICAL_SURFACE('',#8382,0.1);
#8382 = AXIS2_PLACEMENT_3D('',#8383,#8384,#8385);
#8383 = CARTESIAN_POINT('',(-2.4,2.145,0.425));
#8384 = DIRECTION('',(-1.144237745222E-17,-1.,0.));
#8385 = DIRECTION('',(-4.440892098501E-15,5.081436361563E-32,1.));
#8386 = ADVANCED_FACE('',(#8387),#8465,.T.);
#8387 = FACE_BOUND('',#8388,.T.);
#8388 = EDGE_LOOP('',(#8389,#8390,#8391,#8392,#8400,#8409,#8417,#8425,
    #8433,#8442,#8450,#8459));
#8389 = ORIENTED_EDGE('',*,*,#4199,.F.);
#8390 = ORIENTED_EDGE('',*,*,#4177,.T.);
#8391 = ORIENTED_EDGE('',*,*,#8366,.T.);
#8392 = ORIENTED_EDGE('',*,*,#8393,.T.);
#8393 = EDGE_CURVE('',#8367,#8394,#8396,.T.);
#8394 = VERTEX_POINT('',#8395);
#8395 = CARTESIAN_POINT('',(-2.534655283371,2.405,0.206587955583));
#8396 = LINE('',#8397,#8398);
#8397 = CARTESIAN_POINT('',(-2.498480775301,2.405,0.442364817767));
#8398 = VECTOR('',#8399,1.);
#8399 = DIRECTION('',(-0.151652327974,1.735263178185E-18,-0.988433898356
    ));
#8400 = ORIENTED_EDGE('',*,*,#8401,.T.);
#8401 = EDGE_CURVE('',#8394,#8402,#8404,.T.);
#8402 = VERTEX_POINT('',#8403);
#8403 = CARTESIAN_POINT('',(-2.780857221624,2.405,-1.665334536938E-16));
#8404 = CIRCLE('',#8405,0.25);
#8405 = AXIS2_PLACEMENT_3D('',#8406,#8407,#8408);
#8406 = CARTESIAN_POINT('',(-2.780857221624,2.405,0.25));
#8407 = DIRECTION('',(1.144237745222E-17,1.,7.703719777549E-34));
#8408 = DIRECTION('',(0.984807753012,-1.126854202784E-17,-0.173648177667
    ));
#8409 = ORIENTED_EDGE('',*,*,#8410,.T.);
#8410 = EDGE_CURVE('',#8402,#8411,#8413,.T.);
#8411 = VERTEX_POINT('',#8412);
#8412 = CARTESIAN_POINT('',(-3.2,2.405,-1.665334536938E-16));
#8413 = LINE('',#8414,#8415);
#8414 = CARTESIAN_POINT('',(-2.780857221624,2.405,-1.665334536938E-16));
#8415 = VECTOR('',#8416,1.);
#8416 = DIRECTION('',(-1.,1.144237745222E-17,0.));
#8417 = ORIENTED_EDGE('',*,*,#8418,.T.);
#8418 = EDGE_CURVE('',#8411,#8419,#8421,.T.);
#8419 = VERTEX_POINT('',#8420);
#8420 = CARTESIAN_POINT('',(-3.2,2.405,0.15));
#8421 = LINE('',#8422,#8423);
#8422 = CARTESIAN_POINT('',(-3.2,2.405,-1.665334536938E-16));
#8423 = VECTOR('',#8424,1.);
#8424 = DIRECTION('',(0.,0.,1.));
#8425 = ORIENTED_EDGE('',*,*,#8426,.T.);
#8426 = EDGE_CURVE('',#8419,#8427,#8429,.T.);
#8427 = VERTEX_POINT('',#8428);
#8428 = CARTESIAN_POINT('',(-2.780857221624,2.405,0.15));
#8429 = LINE('',#8430,#8431);
#8430 = CARTESIAN_POINT('',(-3.2,2.405,0.15));
#8431 = VECTOR('',#8432,1.);
#8432 = DIRECTION('',(1.,-1.144237745222E-17,0.));
#8433 = ORIENTED_EDGE('',*,*,#8434,.T.);
#8434 = EDGE_CURVE('',#8427,#8435,#8437,.T.);
#8435 = VERTEX_POINT('',#8436);
#8436 = CARTESIAN_POINT('',(-2.682376446323,2.405,0.232635182233));
#8437 = CIRCLE('',#8438,0.1);
#8438 = AXIS2_PLACEMENT_3D('',#8439,#8440,#8441);
#8439 = CARTESIAN_POINT('',(-2.780857221624,2.405,0.25));
#8440 = DIRECTION('',(-1.144237745222E-17,-1.,-0.));
#8441 = DIRECTION('',(0.,0.,-1.));
#8442 = ORIENTED_EDGE('',*,*,#8443,.T.);
#8443 = EDGE_CURVE('',#8435,#8444,#8446,.T.);
#8444 = VERTEX_POINT('',#8445);
#8445 = CARTESIAN_POINT('',(-2.646201938253,2.405,0.468412044417));
#8446 = LINE('',#8447,#8448);
#8447 = CARTESIAN_POINT('',(-2.682376446323,2.405,0.232635182233));
#8448 = VECTOR('',#8449,1.);
#8449 = DIRECTION('',(0.151652327974,-1.735263178185E-18,0.988433898356)
  );
#8450 = ORIENTED_EDGE('',*,*,#8451,.T.);
#8451 = EDGE_CURVE('',#8444,#8452,#8454,.T.);
#8452 = VERTEX_POINT('',#8453);
#8453 = CARTESIAN_POINT('',(-2.4,2.405,0.675));
#8454 = CIRCLE('',#8455,0.25);
#8455 = AXIS2_PLACEMENT_3D('',#8456,#8457,#8458);
#8456 = CARTESIAN_POINT('',(-2.4,2.405,0.425));
#8457 = DIRECTION('',(1.144237745222E-17,1.,-3.851859888774E-34));
#8458 = DIRECTION('',(-0.984807753012,1.126854202784E-17,0.173648177667)
  );
#8459 = ORIENTED_EDGE('',*,*,#8460,.T.);
#8460 = EDGE_CURVE('',#8452,#4200,#8461,.T.);
#8461 = LINE('',#8462,#8463);
#8462 = CARTESIAN_POINT('',(-2.4,2.405,0.675));
#8463 = VECTOR('',#8464,1.);
#8464 = DIRECTION('',(1.,-1.144237745222E-17,0.));
#8465 = PLANE('',#8466);
#8466 = AXIS2_PLACEMENT_3D('',#8467,#8468,#8469);
#8467 = CARTESIAN_POINT('',(-2.637203454365,2.405,0.317854565708));
#8468 = DIRECTION('',(1.144237745222E-17,1.,0.));
#8469 = DIRECTION('',(0.,-0.,1.));
#8470 = ADVANCED_FACE('',(#8471),#8487,.F.);
#8471 = FACE_BOUND('',#8472,.F.);
#8472 = EDGE_LOOP('',(#8473,#8474,#8480,#8481));
#8473 = ORIENTED_EDGE('',*,*,#4216,.T.);
#8474 = ORIENTED_EDGE('',*,*,#8475,.T.);
#8475 = EDGE_CURVE('',#4209,#5573,#8476,.T.);
#8476 = LINE('',#8477,#8478);
#8477 = CARTESIAN_POINT('',(-2.4,2.795,0.675));
#8478 = VECTOR('',#8479,1.);
#8479 = DIRECTION('',(1.,-1.144237745222E-17,0.));
#8480 = ORIENTED_EDGE('',*,*,#5572,.F.);
#8481 = ORIENTED_EDGE('',*,*,#8482,.F.);
#8482 = EDGE_CURVE('',#4200,#5565,#8483,.T.);
#8483 = LINE('',#8484,#8485);
#8484 = CARTESIAN_POINT('',(-2.4,2.405,0.675));
#8485 = VECTOR('',#8486,1.);
#8486 = DIRECTION('',(1.,-1.144237745222E-17,0.));
#8487 = PLANE('',#8488);
#8488 = AXIS2_PLACEMENT_3D('',#8489,#8490,#8491);
#8489 = CARTESIAN_POINT('',(-2.640908612089E-16,4.825,0.675));
#8490 = DIRECTION('',(-8.458391581173E-32,3.012014365389E-27,-1.));
#8491 = DIRECTION('',(1.,1.108771071988E-16,-8.45839158114E-32));
#8492 = ADVANCED_FACE('',(#8493),#8579,.F.);
#8493 = FACE_BOUND('',#8494,.F.);
#8494 = EDGE_LOOP('',(#8495,#8496,#8497,#8506,#8514,#8523,#8531,#8539,
    #8547,#8556,#8564,#8573));
#8495 = ORIENTED_EDGE('',*,*,#4208,.F.);
#8496 = ORIENTED_EDGE('',*,*,#4230,.T.);
#8497 = ORIENTED_EDGE('',*,*,#8498,.T.);
#8498 = EDGE_CURVE('',#4231,#8499,#8501,.T.);
#8499 = VERTEX_POINT('',#8500);
#8500 = CARTESIAN_POINT('',(-2.498480775301,2.795,0.442364817767));
#8501 = CIRCLE('',#8502,0.1);
#8502 = AXIS2_PLACEMENT_3D('',#8503,#8504,#8505);
#8503 = CARTESIAN_POINT('',(-2.4,2.795,0.425));
#8504 = DIRECTION('',(-1.144237745222E-17,-1.,4.379057701015E-47));
#8505 = DIRECTION('',(-4.440892098501E-15,5.081436361563E-32,1.));
#8506 = ORIENTED_EDGE('',*,*,#8507,.T.);
#8507 = EDGE_CURVE('',#8499,#8508,#8510,.T.);
#8508 = VERTEX_POINT('',#8509);
#8509 = CARTESIAN_POINT('',(-2.534655283371,2.795,0.206587955583));
#8510 = LINE('',#8511,#8512);
#8511 = CARTESIAN_POINT('',(-2.498480775301,2.795,0.442364817767));
#8512 = VECTOR('',#8513,1.);
#8513 = DIRECTION('',(-0.151652327974,1.735263178185E-18,-0.988433898356
    ));
#8514 = ORIENTED_EDGE('',*,*,#8515,.T.);
#8515 = EDGE_CURVE('',#8508,#8516,#8518,.T.);
#8516 = VERTEX_POINT('',#8517);
#8517 = CARTESIAN_POINT('',(-2.780857221624,2.795,-1.665334536938E-16));
#8518 = CIRCLE('',#8519,0.25);
#8519 = AXIS2_PLACEMENT_3D('',#8520,#8521,#8522);
#8520 = CARTESIAN_POINT('',(-2.780857221624,2.795,0.25));
#8521 = DIRECTION('',(1.144237745222E-17,1.,7.703719777549E-34));
#8522 = DIRECTION('',(0.984807753012,-1.126854202784E-17,-0.173648177667
    ));
#8523 = ORIENTED_EDGE('',*,*,#8524,.T.);
#8524 = EDGE_CURVE('',#8516,#8525,#8527,.T.);
#8525 = VERTEX_POINT('',#8526);
#8526 = CARTESIAN_POINT('',(-3.2,2.795,-1.665334536938E-16));
#8527 = LINE('',#8528,#8529);
#8528 = CARTESIAN_POINT('',(-2.780857221624,2.795,-1.665334536938E-16));
#8529 = VECTOR('',#8530,1.);
#8530 = DIRECTION('',(-1.,1.144237745222E-17,0.));
#8531 = ORIENTED_EDGE('',*,*,#8532,.T.);
#8532 = EDGE_CURVE('',#8525,#8533,#8535,.T.);
#8533 = VERTEX_POINT('',#8534);
#8534 = CARTESIAN_POINT('',(-3.2,2.795,0.15));
#8535 = LINE('',#8536,#8537);
#8536 = CARTESIAN_POINT('',(-3.2,2.795,-1.665334536938E-16));
#8537 = VECTOR('',#8538,1.);
#8538 = DIRECTION('',(0.,0.,1.));
#8539 = ORIENTED_EDGE('',*,*,#8540,.T.);
#8540 = EDGE_CURVE('',#8533,#8541,#8543,.T.);
#8541 = VERTEX_POINT('',#8542);
#8542 = CARTESIAN_POINT('',(-2.780857221624,2.795,0.15));
#8543 = LINE('',#8544,#8545);
#8544 = CARTESIAN_POINT('',(-3.2,2.795,0.15));
#8545 = VECTOR('',#8546,1.);
#8546 = DIRECTION('',(1.,-1.144237745222E-17,0.));
#8547 = ORIENTED_EDGE('',*,*,#8548,.T.);
#8548 = EDGE_CURVE('',#8541,#8549,#8551,.T.);
#8549 = VERTEX_POINT('',#8550);
#8550 = CARTESIAN_POINT('',(-2.682376446323,2.795,0.232635182233));
#8551 = CIRCLE('',#8552,0.1);
#8552 = AXIS2_PLACEMENT_3D('',#8553,#8554,#8555);
#8553 = CARTESIAN_POINT('',(-2.780857221624,2.795,0.25));
#8554 = DIRECTION('',(-1.144237745222E-17,-1.,-0.));
#8555 = DIRECTION('',(0.,0.,-1.));
#8556 = ORIENTED_EDGE('',*,*,#8557,.T.);
#8557 = EDGE_CURVE('',#8549,#8558,#8560,.T.);
#8558 = VERTEX_POINT('',#8559);
#8559 = CARTESIAN_POINT('',(-2.646201938253,2.795,0.468412044417));
#8560 = LINE('',#8561,#8562);
#8561 = CARTESIAN_POINT('',(-2.682376446323,2.795,0.232635182233));
#8562 = VECTOR('',#8563,1.);
#8563 = DIRECTION('',(0.151652327974,-1.735263178185E-18,0.988433898356)
  );
#8564 = ORIENTED_EDGE('',*,*,#8565,.T.);
#8565 = EDGE_CURVE('',#8558,#8566,#8568,.T.);
#8566 = VERTEX_POINT('',#8567);
#8567 = CARTESIAN_POINT('',(-2.4,2.795,0.675));
#8568 = CIRCLE('',#8569,0.25);
#8569 = AXIS2_PLACEMENT_3D('',#8570,#8571,#8572);
#8570 = CARTESIAN_POINT('',(-2.4,2.795,0.425));
#8571 = DIRECTION('',(1.144237745222E-17,1.,-3.851859888774E-34));
#8572 = DIRECTION('',(-0.984807753012,1.126854202784E-17,0.173648177667)
  );
#8573 = ORIENTED_EDGE('',*,*,#8574,.T.);
#8574 = EDGE_CURVE('',#8566,#4209,#8575,.T.);
#8575 = LINE('',#8576,#8577);
#8576 = CARTESIAN_POINT('',(-2.4,2.795,0.675));
#8577 = VECTOR('',#8578,1.);
#8578 = DIRECTION('',(1.,-1.144237745222E-17,0.));
#8579 = PLANE('',#8580);
#8580 = AXIS2_PLACEMENT_3D('',#8581,#8582,#8583);
#8581 = CARTESIAN_POINT('',(-2.637203454365,2.795,0.317854565708));
#8582 = DIRECTION('',(1.144237745222E-17,1.,0.));
#8583 = DIRECTION('',(0.,-0.,1.));
#8584 = ADVANCED_FACE('',(#8585),#8604,.F.);
#8585 = FACE_BOUND('',#8586,.F.);
#8586 = EDGE_LOOP('',(#8587,#8588,#8597,#8603));
#8587 = ORIENTED_EDGE('',*,*,#4247,.T.);
#8588 = ORIENTED_EDGE('',*,*,#8589,.T.);
#8589 = EDGE_CURVE('',#4240,#8590,#8592,.T.);
#8590 = VERTEX_POINT('',#8591);
#8591 = CARTESIAN_POINT('',(-2.498480775301,3.055,0.442364817767));
#8592 = CIRCLE('',#8593,0.1);
#8593 = AXIS2_PLACEMENT_3D('',#8594,#8595,#8596);
#8594 = CARTESIAN_POINT('',(-2.4,3.055,0.425));
#8595 = DIRECTION('',(-1.144237745222E-17,-1.,4.379057701015E-47));
#8596 = DIRECTION('',(-4.440892098501E-15,5.081436361563E-32,1.));
#8597 = ORIENTED_EDGE('',*,*,#8598,.F.);
#8598 = EDGE_CURVE('',#8499,#8590,#8599,.T.);
#8599 = LINE('',#8600,#8601);
#8600 = CARTESIAN_POINT('',(-2.498480775301,2.795,0.442364817767));
#8601 = VECTOR('',#8602,1.);
#8602 = DIRECTION('',(1.144237745222E-17,1.,0.));
#8603 = ORIENTED_EDGE('',*,*,#8498,.F.);
#8604 = CYLINDRICAL_SURFACE('',#8605,0.1);
#8605 = AXIS2_PLACEMENT_3D('',#8606,#8607,#8608);
#8606 = CARTESIAN_POINT('',(-2.4,2.795,0.425));
#8607 = DIRECTION('',(-1.144237745222E-17,-1.,0.));
#8608 = DIRECTION('',(-4.440892098501E-15,5.081436361563E-32,1.));
#8609 = ADVANCED_FACE('',(#8610),#8688,.T.);
#8610 = FACE_BOUND('',#8611,.T.);
#8611 = EDGE_LOOP('',(#8612,#8613,#8614,#8615,#8623,#8632,#8640,#8648,
    #8656,#8665,#8673,#8682));
#8612 = ORIENTED_EDGE('',*,*,#4261,.F.);
#8613 = ORIENTED_EDGE('',*,*,#4239,.T.);
#8614 = ORIENTED_EDGE('',*,*,#8589,.T.);
#8615 = ORIENTED_EDGE('',*,*,#8616,.T.);
#8616 = EDGE_CURVE('',#8590,#8617,#8619,.T.);
#8617 = VERTEX_POINT('',#8618);
#8618 = CARTESIAN_POINT('',(-2.534655283371,3.055,0.206587955583));
#8619 = LINE('',#8620,#8621);
#8620 = CARTESIAN_POINT('',(-2.498480775301,3.055,0.442364817767));
#8621 = VECTOR('',#8622,1.);
#8622 = DIRECTION('',(-0.151652327974,1.735263178185E-18,-0.988433898356
    ));
#8623 = ORIENTED_EDGE('',*,*,#8624,.T.);
#8624 = EDGE_CURVE('',#8617,#8625,#8627,.T.);
#8625 = VERTEX_POINT('',#8626);
#8626 = CARTESIAN_POINT('',(-2.780857221624,3.055,-1.665334536938E-16));
#8627 = CIRCLE('',#8628,0.25);
#8628 = AXIS2_PLACEMENT_3D('',#8629,#8630,#8631);
#8629 = CARTESIAN_POINT('',(-2.780857221624,3.055,0.25));
#8630 = DIRECTION('',(1.144237745222E-17,1.,7.703719777549E-34));
#8631 = DIRECTION('',(0.984807753012,-1.126854202784E-17,-0.173648177667
    ));
#8632 = ORIENTED_EDGE('',*,*,#8633,.T.);
#8633 = EDGE_CURVE('',#8625,#8634,#8636,.T.);
#8634 = VERTEX_POINT('',#8635);
#8635 = CARTESIAN_POINT('',(-3.2,3.055,-1.665334536938E-16));
#8636 = LINE('',#8637,#8638);
#8637 = CARTESIAN_POINT('',(-2.780857221624,3.055,-1.665334536938E-16));
#8638 = VECTOR('',#8639,1.);
#8639 = DIRECTION('',(-1.,1.144237745222E-17,0.));
#8640 = ORIENTED_EDGE('',*,*,#8641,.T.);
#8641 = EDGE_CURVE('',#8634,#8642,#8644,.T.);
#8642 = VERTEX_POINT('',#8643);
#8643 = CARTESIAN_POINT('',(-3.2,3.055,0.15));
#8644 = LINE('',#8645,#8646);
#8645 = CARTESIAN_POINT('',(-3.2,3.055,-1.665334536938E-16));
#8646 = VECTOR('',#8647,1.);
#8647 = DIRECTION('',(0.,0.,1.));
#8648 = ORIENTED_EDGE('',*,*,#8649,.T.);
#8649 = EDGE_CURVE('',#8642,#8650,#8652,.T.);
#8650 = VERTEX_POINT('',#8651);
#8651 = CARTESIAN_POINT('',(-2.780857221624,3.055,0.15));
#8652 = LINE('',#8653,#8654);
#8653 = CARTESIAN_POINT('',(-3.2,3.055,0.15));
#8654 = VECTOR('',#8655,1.);
#8655 = DIRECTION('',(1.,-1.144237745222E-17,0.));
#8656 = ORIENTED_EDGE('',*,*,#8657,.T.);
#8657 = EDGE_CURVE('',#8650,#8658,#8660,.T.);
#8658 = VERTEX_POINT('',#8659);
#8659 = CARTESIAN_POINT('',(-2.682376446323,3.055,0.232635182233));
#8660 = CIRCLE('',#8661,0.1);
#8661 = AXIS2_PLACEMENT_3D('',#8662,#8663,#8664);
#8662 = CARTESIAN_POINT('',(-2.780857221624,3.055,0.25));
#8663 = DIRECTION('',(-1.144237745222E-17,-1.,-0.));
#8664 = DIRECTION('',(0.,0.,-1.));
#8665 = ORIENTED_EDGE('',*,*,#8666,.T.);
#8666 = EDGE_CURVE('',#8658,#8667,#8669,.T.);
#8667 = VERTEX_POINT('',#8668);
#8668 = CARTESIAN_POINT('',(-2.646201938253,3.055,0.468412044417));
#8669 = LINE('',#8670,#8671);
#8670 = CARTESIAN_POINT('',(-2.682376446323,3.055,0.232635182233));
#8671 = VECTOR('',#8672,1.);
#8672 = DIRECTION('',(0.151652327974,-1.735263178185E-18,0.988433898356)
  );
#8673 = ORIENTED_EDGE('',*,*,#8674,.T.);
#8674 = EDGE_CURVE('',#8667,#8675,#8677,.T.);
#8675 = VERTEX_POINT('',#8676);
#8676 = CARTESIAN_POINT('',(-2.4,3.055,0.675));
#8677 = CIRCLE('',#8678,0.25);
#8678 = AXIS2_PLACEMENT_3D('',#8679,#8680,#8681);
#8679 = CARTESIAN_POINT('',(-2.4,3.055,0.425));
#8680 = DIRECTION('',(1.144237745222E-17,1.,-3.851859888774E-34));
#8681 = DIRECTION('',(-0.984807753012,1.126854202784E-17,0.173648177667)
  );
#8682 = ORIENTED_EDGE('',*,*,#8683,.T.);
#8683 = EDGE_CURVE('',#8675,#4262,#8684,.T.);
#8684 = LINE('',#8685,#8686);
#8685 = CARTESIAN_POINT('',(-2.4,3.055,0.675));
#8686 = VECTOR('',#8687,1.);
#8687 = DIRECTION('',(1.,-1.144237745222E-17,0.));
#8688 = PLANE('',#8689);
#8689 = AXIS2_PLACEMENT_3D('',#8690,#8691,#8692);
#8690 = CARTESIAN_POINT('',(-2.637203454365,3.055,0.317854565708));
#8691 = DIRECTION('',(1.144237745222E-17,1.,0.));
#8692 = DIRECTION('',(0.,-0.,1.));
#8693 = ADVANCED_FACE('',(#8694),#8710,.F.);
#8694 = FACE_BOUND('',#8695,.F.);
#8695 = EDGE_LOOP('',(#8696,#8697,#8703,#8704));
#8696 = ORIENTED_EDGE('',*,*,#4278,.T.);
#8697 = ORIENTED_EDGE('',*,*,#8698,.T.);
#8698 = EDGE_CURVE('',#4271,#5589,#8699,.T.);
#8699 = LINE('',#8700,#8701);
#8700 = CARTESIAN_POINT('',(-2.4,3.445,0.675));
#8701 = VECTOR('',#8702,1.);
#8702 = DIRECTION('',(1.,-1.144237745222E-17,0.));
#8703 = ORIENTED_EDGE('',*,*,#5588,.F.);
#8704 = ORIENTED_EDGE('',*,*,#8705,.F.);
#8705 = EDGE_CURVE('',#4262,#5581,#8706,.T.);
#8706 = LINE('',#8707,#8708);
#8707 = CARTESIAN_POINT('',(-2.4,3.055,0.675));
#8708 = VECTOR('',#8709,1.);
#8709 = DIRECTION('',(1.,-1.144237745222E-17,0.));
#8710 = PLANE('',#8711);
#8711 = AXIS2_PLACEMENT_3D('',#8712,#8713,#8714);
#8712 = CARTESIAN_POINT('',(-2.640908612089E-16,4.825,0.675));
#8713 = DIRECTION('',(-8.458391581173E-32,3.012014365389E-27,-1.));
#8714 = DIRECTION('',(1.,1.108771071988E-16,-8.45839158114E-32));
#8715 = ADVANCED_FACE('',(#8716),#8802,.F.);
#8716 = FACE_BOUND('',#8717,.F.);
#8717 = EDGE_LOOP('',(#8718,#8719,#8720,#8729,#8737,#8746,#8754,#8762,
    #8770,#8779,#8787,#8796));
#8718 = ORIENTED_EDGE('',*,*,#4270,.F.);
#8719 = ORIENTED_EDGE('',*,*,#4292,.T.);
#8720 = ORIENTED_EDGE('',*,*,#8721,.T.);
#8721 = EDGE_CURVE('',#4293,#8722,#8724,.T.);
#8722 = VERTEX_POINT('',#8723);
#8723 = CARTESIAN_POINT('',(-2.498480775301,3.445,0.442364817767));
#8724 = CIRCLE('',#8725,0.1);
#8725 = AXIS2_PLACEMENT_3D('',#8726,#8727,#8728);
#8726 = CARTESIAN_POINT('',(-2.4,3.445,0.425));
#8727 = DIRECTION('',(-1.144237745222E-17,-1.,4.379057701015E-47));
#8728 = DIRECTION('',(-4.440892098501E-15,5.081436361563E-32,1.));
#8729 = ORIENTED_EDGE('',*,*,#8730,.T.);
#8730 = EDGE_CURVE('',#8722,#8731,#8733,.T.);
#8731 = VERTEX_POINT('',#8732);
#8732 = CARTESIAN_POINT('',(-2.534655283371,3.445,0.206587955583));
#8733 = LINE('',#8734,#8735);
#8734 = CARTESIAN_POINT('',(-2.498480775301,3.445,0.442364817767));
#8735 = VECTOR('',#8736,1.);
#8736 = DIRECTION('',(-0.151652327974,1.735263178185E-18,-0.988433898356
    ));
#8737 = ORIENTED_EDGE('',*,*,#8738,.T.);
#8738 = EDGE_CURVE('',#8731,#8739,#8741,.T.);
#8739 = VERTEX_POINT('',#8740);
#8740 = CARTESIAN_POINT('',(-2.780857221624,3.445,-1.665334536938E-16));
#8741 = CIRCLE('',#8742,0.25);
#8742 = AXIS2_PLACEMENT_3D('',#8743,#8744,#8745);
#8743 = CARTESIAN_POINT('',(-2.780857221624,3.445,0.25));
#8744 = DIRECTION('',(1.144237745222E-17,1.,7.703719777549E-34));
#8745 = DIRECTION('',(0.984807753012,-1.126854202784E-17,-0.173648177667
    ));
#8746 = ORIENTED_EDGE('',*,*,#8747,.T.);
#8747 = EDGE_CURVE('',#8739,#8748,#8750,.T.);
#8748 = VERTEX_POINT('',#8749);
#8749 = CARTESIAN_POINT('',(-3.2,3.445,-1.665334536938E-16));
#8750 = LINE('',#8751,#8752);
#8751 = CARTESIAN_POINT('',(-2.780857221624,3.445,-1.665334536938E-16));
#8752 = VECTOR('',#8753,1.);
#8753 = DIRECTION('',(-1.,1.144237745222E-17,0.));
#8754 = ORIENTED_EDGE('',*,*,#8755,.T.);
#8755 = EDGE_CURVE('',#8748,#8756,#8758,.T.);
#8756 = VERTEX_POINT('',#8757);
#8757 = CARTESIAN_POINT('',(-3.2,3.445,0.15));
#8758 = LINE('',#8759,#8760);
#8759 = CARTESIAN_POINT('',(-3.2,3.445,-1.665334536938E-16));
#8760 = VECTOR('',#8761,1.);
#8761 = DIRECTION('',(0.,0.,1.));
#8762 = ORIENTED_EDGE('',*,*,#8763,.T.);
#8763 = EDGE_CURVE('',#8756,#8764,#8766,.T.);
#8764 = VERTEX_POINT('',#8765);
#8765 = CARTESIAN_POINT('',(-2.780857221624,3.445,0.15));
#8766 = LINE('',#8767,#8768);
#8767 = CARTESIAN_POINT('',(-3.2,3.445,0.15));
#8768 = VECTOR('',#8769,1.);
#8769 = DIRECTION('',(1.,-1.144237745222E-17,0.));
#8770 = ORIENTED_EDGE('',*,*,#8771,.T.);
#8771 = EDGE_CURVE('',#8764,#8772,#8774,.T.);
#8772 = VERTEX_POINT('',#8773);
#8773 = CARTESIAN_POINT('',(-2.682376446323,3.445,0.232635182233));
#8774 = CIRCLE('',#8775,0.1);
#8775 = AXIS2_PLACEMENT_3D('',#8776,#8777,#8778);
#8776 = CARTESIAN_POINT('',(-2.780857221624,3.445,0.25));
#8777 = DIRECTION('',(-1.144237745222E-17,-1.,-0.));
#8778 = DIRECTION('',(0.,0.,-1.));
#8779 = ORIENTED_EDGE('',*,*,#8780,.T.);
#8780 = EDGE_CURVE('',#8772,#8781,#8783,.T.);
#8781 = VERTEX_POINT('',#8782);
#8782 = CARTESIAN_POINT('',(-2.646201938253,3.445,0.468412044417));
#8783 = LINE('',#8784,#8785);
#8784 = CARTESIAN_POINT('',(-2.682376446323,3.445,0.232635182233));
#8785 = VECTOR('',#8786,1.);
#8786 = DIRECTION('',(0.151652327974,-1.735263178185E-18,0.988433898356)
  );
#8787 = ORIENTED_EDGE('',*,*,#8788,.T.);
#8788 = EDGE_CURVE('',#8781,#8789,#8791,.T.);
#8789 = VERTEX_POINT('',#8790);
#8790 = CARTESIAN_POINT('',(-2.4,3.445,0.675));
#8791 = CIRCLE('',#8792,0.25);
#8792 = AXIS2_PLACEMENT_3D('',#8793,#8794,#8795);
#8793 = CARTESIAN_POINT('',(-2.4,3.445,0.425));
#8794 = DIRECTION('',(1.144237745222E-17,1.,-3.851859888774E-34));
#8795 = DIRECTION('',(-0.984807753012,1.126854202784E-17,0.173648177667)
  );
#8796 = ORIENTED_EDGE('',*,*,#8797,.T.);
#8797 = EDGE_CURVE('',#8789,#4271,#8798,.T.);
#8798 = LINE('',#8799,#8800);
#8799 = CARTESIAN_POINT('',(-2.4,3.445,0.675));
#8800 = VECTOR('',#8801,1.);
#8801 = DIRECTION('',(1.,-1.144237745222E-17,0.));
#8802 = PLANE('',#8803);
#8803 = AXIS2_PLACEMENT_3D('',#8804,#8805,#8806);
#8804 = CARTESIAN_POINT('',(-2.637203454365,3.445,0.317854565708));
#8805 = DIRECTION('',(1.144237745222E-17,1.,0.));
#8806 = DIRECTION('',(0.,-0.,1.));
#8807 = ADVANCED_FACE('',(#8808),#8827,.F.);
#8808 = FACE_BOUND('',#8809,.F.);
#8809 = EDGE_LOOP('',(#8810,#8811,#8820,#8826));
#8810 = ORIENTED_EDGE('',*,*,#4309,.T.);
#8811 = ORIENTED_EDGE('',*,*,#8812,.T.);
#8812 = EDGE_CURVE('',#4302,#8813,#8815,.T.);
#8813 = VERTEX_POINT('',#8814);
#8814 = CARTESIAN_POINT('',(-2.498480775301,3.705,0.442364817767));
#8815 = CIRCLE('',#8816,0.1);
#8816 = AXIS2_PLACEMENT_3D('',#8817,#8818,#8819);
#8817 = CARTESIAN_POINT('',(-2.4,3.705,0.425));
#8818 = DIRECTION('',(-1.144237745222E-17,-1.,4.379057701015E-47));
#8819 = DIRECTION('',(-4.440892098501E-15,5.081436361563E-32,1.));
#8820 = ORIENTED_EDGE('',*,*,#8821,.F.);
#8821 = EDGE_CURVE('',#8722,#8813,#8822,.T.);
#8822 = LINE('',#8823,#8824);
#8823 = CARTESIAN_POINT('',(-2.498480775301,3.445,0.442364817767));
#8824 = VECTOR('',#8825,1.);
#8825 = DIRECTION('',(1.144237745222E-17,1.,0.));
#8826 = ORIENTED_EDGE('',*,*,#8721,.F.);
#8827 = CYLINDRICAL_SURFACE('',#8828,0.1);
#8828 = AXIS2_PLACEMENT_3D('',#8829,#8830,#8831);
#8829 = CARTESIAN_POINT('',(-2.4,3.445,0.425));
#8830 = DIRECTION('',(-1.144237745222E-17,-1.,0.));
#8831 = DIRECTION('',(-4.440892098501E-15,5.081436361563E-32,1.));
#8832 = ADVANCED_FACE('',(#8833),#8911,.T.);
#8833 = FACE_BOUND('',#8834,.T.);
#8834 = EDGE_LOOP('',(#8835,#8836,#8837,#8838,#8846,#8855,#8863,#8871,
    #8879,#8888,#8896,#8905));
#8835 = ORIENTED_EDGE('',*,*,#4323,.F.);
#8836 = ORIENTED_EDGE('',*,*,#4301,.T.);
#8837 = ORIENTED_EDGE('',*,*,#8812,.T.);
#8838 = ORIENTED_EDGE('',*,*,#8839,.T.);
#8839 = EDGE_CURVE('',#8813,#8840,#8842,.T.);
#8840 = VERTEX_POINT('',#8841);
#8841 = CARTESIAN_POINT('',(-2.534655283371,3.705,0.206587955583));
#8842 = LINE('',#8843,#8844);
#8843 = CARTESIAN_POINT('',(-2.498480775301,3.705,0.442364817767));
#8844 = VECTOR('',#8845,1.);
#8845 = DIRECTION('',(-0.151652327974,1.735263178185E-18,-0.988433898356
    ));
#8846 = ORIENTED_EDGE('',*,*,#8847,.T.);
#8847 = EDGE_CURVE('',#8840,#8848,#8850,.T.);
#8848 = VERTEX_POINT('',#8849);
#8849 = CARTESIAN_POINT('',(-2.780857221624,3.705,-1.665334536938E-16));
#8850 = CIRCLE('',#8851,0.25);
#8851 = AXIS2_PLACEMENT_3D('',#8852,#8853,#8854);
#8852 = CARTESIAN_POINT('',(-2.780857221624,3.705,0.25));
#8853 = DIRECTION('',(1.144237745222E-17,1.,7.703719777549E-34));
#8854 = DIRECTION('',(0.984807753012,-1.126854202784E-17,-0.173648177667
    ));
#8855 = ORIENTED_EDGE('',*,*,#8856,.T.);
#8856 = EDGE_CURVE('',#8848,#8857,#8859,.T.);
#8857 = VERTEX_POINT('',#8858);
#8858 = CARTESIAN_POINT('',(-3.2,3.705,-1.665334536938E-16));
#8859 = LINE('',#8860,#8861);
#8860 = CARTESIAN_POINT('',(-2.780857221624,3.705,-1.665334536938E-16));
#8861 = VECTOR('',#8862,1.);
#8862 = DIRECTION('',(-1.,1.144237745222E-17,0.));
#8863 = ORIENTED_EDGE('',*,*,#8864,.T.);
#8864 = EDGE_CURVE('',#8857,#8865,#8867,.T.);
#8865 = VERTEX_POINT('',#8866);
#8866 = CARTESIAN_POINT('',(-3.2,3.705,0.15));
#8867 = LINE('',#8868,#8869);
#8868 = CARTESIAN_POINT('',(-3.2,3.705,-1.665334536938E-16));
#8869 = VECTOR('',#8870,1.);
#8870 = DIRECTION('',(0.,0.,1.));
#8871 = ORIENTED_EDGE('',*,*,#8872,.T.);
#8872 = EDGE_CURVE('',#8865,#8873,#8875,.T.);
#8873 = VERTEX_POINT('',#8874);
#8874 = CARTESIAN_POINT('',(-2.780857221624,3.705,0.15));
#8875 = LINE('',#8876,#8877);
#8876 = CARTESIAN_POINT('',(-3.2,3.705,0.15));
#8877 = VECTOR('',#8878,1.);
#8878 = DIRECTION('',(1.,-1.144237745222E-17,0.));
#8879 = ORIENTED_EDGE('',*,*,#8880,.T.);
#8880 = EDGE_CURVE('',#8873,#8881,#8883,.T.);
#8881 = VERTEX_POINT('',#8882);
#8882 = CARTESIAN_POINT('',(-2.682376446323,3.705,0.232635182233));
#8883 = CIRCLE('',#8884,0.1);
#8884 = AXIS2_PLACEMENT_3D('',#8885,#8886,#8887);
#8885 = CARTESIAN_POINT('',(-2.780857221624,3.705,0.25));
#8886 = DIRECTION('',(-1.144237745222E-17,-1.,-0.));
#8887 = DIRECTION('',(0.,0.,-1.));
#8888 = ORIENTED_EDGE('',*,*,#8889,.T.);
#8889 = EDGE_CURVE('',#8881,#8890,#8892,.T.);
#8890 = VERTEX_POINT('',#8891);
#8891 = CARTESIAN_POINT('',(-2.646201938253,3.705,0.468412044417));
#8892 = LINE('',#8893,#8894);
#8893 = CARTESIAN_POINT('',(-2.682376446323,3.705,0.232635182233));
#8894 = VECTOR('',#8895,1.);
#8895 = DIRECTION('',(0.151652327974,-1.735263178185E-18,0.988433898356)
  );
#8896 = ORIENTED_EDGE('',*,*,#8897,.T.);
#8897 = EDGE_CURVE('',#8890,#8898,#8900,.T.);
#8898 = VERTEX_POINT('',#8899);
#8899 = CARTESIAN_POINT('',(-2.4,3.705,0.675));
#8900 = CIRCLE('',#8901,0.25);
#8901 = AXIS2_PLACEMENT_3D('',#8902,#8903,#8904);
#8902 = CARTESIAN_POINT('',(-2.4,3.705,0.425));
#8903 = DIRECTION('',(1.144237745222E-17,1.,-3.851859888774E-34));
#8904 = DIRECTION('',(-0.984807753012,1.126854202784E-17,0.173648177667)
  );
#8905 = ORIENTED_EDGE('',*,*,#8906,.T.);
#8906 = EDGE_CURVE('',#8898,#4324,#8907,.T.);
#8907 = LINE('',#8908,#8909);
#8908 = CARTESIAN_POINT('',(-2.4,3.705,0.675));
#8909 = VECTOR('',#8910,1.);
#8910 = DIRECTION('',(1.,-1.144237745222E-17,0.));
#8911 = PLANE('',#8912);
#8912 = AXIS2_PLACEMENT_3D('',#8913,#8914,#8915);
#8913 = CARTESIAN_POINT('',(-2.637203454365,3.705,0.317854565708));
#8914 = DIRECTION('',(1.144237745222E-17,1.,0.));
#8915 = DIRECTION('',(0.,-0.,1.));
#8916 = ADVANCED_FACE('',(#8917),#8928,.F.);
#8917 = FACE_BOUND('',#8918,.F.);
#8918 = EDGE_LOOP('',(#8919,#8920,#8921,#8922));
#8919 = ORIENTED_EDGE('',*,*,#4340,.T.);
#8920 = ORIENTED_EDGE('',*,*,#5380,.T.);
#8921 = ORIENTED_EDGE('',*,*,#5604,.F.);
#8922 = ORIENTED_EDGE('',*,*,#8923,.F.);
#8923 = EDGE_CURVE('',#4324,#5597,#8924,.T.);
#8924 = LINE('',#8925,#8926);
#8925 = CARTESIAN_POINT('',(-2.4,3.705,0.675));
#8926 = VECTOR('',#8927,1.);
#8927 = DIRECTION('',(1.,-1.144237745222E-17,0.));
#8928 = PLANE('',#8929);
#8929 = AXIS2_PLACEMENT_3D('',#8930,#8931,#8932);
#8930 = CARTESIAN_POINT('',(-2.640908612089E-16,4.825,0.675));
#8931 = DIRECTION('',(-8.458391581173E-32,3.012014365389E-27,-1.));
#8932 = DIRECTION('',(1.,1.108771071988E-16,-8.45839158114E-32));
#8933 = ADVANCED_FACE('',(#8934),#9013,.F.);
#8934 = FACE_BOUND('',#8935,.F.);
#8935 = EDGE_LOOP('',(#8936,#8937,#8938,#8947,#8955,#8964,#8972,#8980,
    #8988,#8997,#9005,#9012));
#8936 = ORIENTED_EDGE('',*,*,#4332,.F.);
#8937 = ORIENTED_EDGE('',*,*,#4354,.T.);
#8938 = ORIENTED_EDGE('',*,*,#8939,.T.);
#8939 = EDGE_CURVE('',#4355,#8940,#8942,.T.);
#8940 = VERTEX_POINT('',#8941);
#8941 = CARTESIAN_POINT('',(-2.498480775301,4.095,0.442364817767));
#8942 = CIRCLE('',#8943,0.1);
#8943 = AXIS2_PLACEMENT_3D('',#8944,#8945,#8946);
#8944 = CARTESIAN_POINT('',(-2.4,4.095,0.425));
#8945 = DIRECTION('',(-1.144237745222E-17,-1.,4.379057701015E-47));
#8946 = DIRECTION('',(-4.440892098501E-15,5.081436361563E-32,1.));
#8947 = ORIENTED_EDGE('',*,*,#8948,.T.);
#8948 = EDGE_CURVE('',#8940,#8949,#8951,.T.);
#8949 = VERTEX_POINT('',#8950);
#8950 = CARTESIAN_POINT('',(-2.534655283371,4.095,0.206587955583));
#8951 = LINE('',#8952,#8953);
#8952 = CARTESIAN_POINT('',(-2.498480775301,4.095,0.442364817767));
#8953 = VECTOR('',#8954,1.);
#8954 = DIRECTION('',(-0.151652327974,1.735263178185E-18,-0.988433898356
    ));
#8955 = ORIENTED_EDGE('',*,*,#8956,.T.);
#8956 = EDGE_CURVE('',#8949,#8957,#8959,.T.);
#8957 = VERTEX_POINT('',#8958);
#8958 = CARTESIAN_POINT('',(-2.780857221624,4.095,-1.665334536938E-16));
#8959 = CIRCLE('',#8960,0.25);
#8960 = AXIS2_PLACEMENT_3D('',#8961,#8962,#8963);
#8961 = CARTESIAN_POINT('',(-2.780857221624,4.095,0.25));
#8962 = DIRECTION('',(1.144237745222E-17,1.,7.703719777549E-34));
#8963 = DIRECTION('',(0.984807753012,-1.126854202784E-17,-0.173648177667
    ));
#8964 = ORIENTED_EDGE('',*,*,#8965,.T.);
#8965 = EDGE_CURVE('',#8957,#8966,#8968,.T.);
#8966 = VERTEX_POINT('',#8967);
#8967 = CARTESIAN_POINT('',(-3.2,4.095,-1.665334536938E-16));
#8968 = LINE('',#8969,#8970);
#8969 = CARTESIAN_POINT('',(-2.780857221624,4.095,-1.665334536938E-16));
#8970 = VECTOR('',#8971,1.);
#8971 = DIRECTION('',(-1.,1.144237745222E-17,0.));
#8972 = ORIENTED_EDGE('',*,*,#8973,.T.);
#8973 = EDGE_CURVE('',#8966,#8974,#8976,.T.);
#8974 = VERTEX_POINT('',#8975);
#8975 = CARTESIAN_POINT('',(-3.2,4.095,0.15));
#8976 = LINE('',#8977,#8978);
#8977 = CARTESIAN_POINT('',(-3.2,4.095,-1.665334536938E-16));
#8978 = VECTOR('',#8979,1.);
#8979 = DIRECTION('',(0.,0.,1.));
#8980 = ORIENTED_EDGE('',*,*,#8981,.T.);
#8981 = EDGE_CURVE('',#8974,#8982,#8984,.T.);
#8982 = VERTEX_POINT('',#8983);
#8983 = CARTESIAN_POINT('',(-2.780857221624,4.095,0.15));
#8984 = LINE('',#8985,#8986);
#8985 = CARTESIAN_POINT('',(-3.2,4.095,0.15));
#8986 = VECTOR('',#8987,1.);
#8987 = DIRECTION('',(1.,-1.144237745222E-17,0.));
#8988 = ORIENTED_EDGE('',*,*,#8989,.T.);
#8989 = EDGE_CURVE('',#8982,#8990,#8992,.T.);
#8990 = VERTEX_POINT('',#8991);
#8991 = CARTESIAN_POINT('',(-2.682376446323,4.095,0.232635182233));
#8992 = CIRCLE('',#8993,0.1);
#8993 = AXIS2_PLACEMENT_3D('',#8994,#8995,#8996);
#8994 = CARTESIAN_POINT('',(-2.780857221624,4.095,0.25));
#8995 = DIRECTION('',(-1.144237745222E-17,-1.,-0.));
#8996 = DIRECTION('',(0.,0.,-1.));
#8997 = ORIENTED_EDGE('',*,*,#8998,.T.);
#8998 = EDGE_CURVE('',#8990,#8999,#9001,.T.);
#8999 = VERTEX_POINT('',#9000);
#9000 = CARTESIAN_POINT('',(-2.646201938253,4.095,0.468412044417));
#9001 = LINE('',#9002,#9003);
#9002 = CARTESIAN_POINT('',(-2.682376446323,4.095,0.232635182233));
#9003 = VECTOR('',#9004,1.);
#9004 = DIRECTION('',(0.151652327974,-1.735263178185E-18,0.988433898356)
  );
#9005 = ORIENTED_EDGE('',*,*,#9006,.T.);
#9006 = EDGE_CURVE('',#8999,#5350,#9007,.T.);
#9007 = CIRCLE('',#9008,0.25);
#9008 = AXIS2_PLACEMENT_3D('',#9009,#9010,#9011);
#9009 = CARTESIAN_POINT('',(-2.4,4.095,0.425));
#9010 = DIRECTION('',(1.144237745222E-17,1.,-3.851859888774E-34));
#9011 = DIRECTION('',(-0.984807753012,1.126854202784E-17,0.173648177667)
  );
#9012 = ORIENTED_EDGE('',*,*,#5349,.T.);
#9013 = PLANE('',#9014);
#9014 = AXIS2_PLACEMENT_3D('',#9015,#9016,#9017);
#9015 = CARTESIAN_POINT('',(-2.637203454365,4.095,0.317854565708));
#9016 = DIRECTION('',(1.144237745222E-17,1.,0.));
#9017 = DIRECTION('',(0.,-0.,1.));
#9018 = ADVANCED_FACE('',(#9019),#9038,.F.);
#9019 = FACE_BOUND('',#9020,.F.);
#9020 = EDGE_LOOP('',(#9021,#9022,#9031,#9037));
#9021 = ORIENTED_EDGE('',*,*,#4371,.T.);
#9022 = ORIENTED_EDGE('',*,*,#9023,.T.);
#9023 = EDGE_CURVE('',#4364,#9024,#9026,.T.);
#9024 = VERTEX_POINT('',#9025);
#9025 = CARTESIAN_POINT('',(-2.498480775301,4.355,0.442364817767));
#9026 = CIRCLE('',#9027,0.1);
#9027 = AXIS2_PLACEMENT_3D('',#9028,#9029,#9030);
#9028 = CARTESIAN_POINT('',(-2.4,4.355,0.425));
#9029 = DIRECTION('',(-1.144237745222E-17,-1.,4.379057701015E-47));
#9030 = DIRECTION('',(-4.440892098501E-15,5.081436361563E-32,1.));
#9031 = ORIENTED_EDGE('',*,*,#9032,.F.);
#9032 = EDGE_CURVE('',#8940,#9024,#9033,.T.);
#9033 = LINE('',#9034,#9035);
#9034 = CARTESIAN_POINT('',(-2.498480775301,4.095,0.442364817767));
#9035 = VECTOR('',#9036,1.);
#9036 = DIRECTION('',(1.144237745222E-17,1.,0.));
#9037 = ORIENTED_EDGE('',*,*,#8939,.F.);
#9038 = CYLINDRICAL_SURFACE('',#9039,0.1);
#9039 = AXIS2_PLACEMENT_3D('',#9040,#9041,#9042);
#9040 = CARTESIAN_POINT('',(-2.4,4.095,0.425));
#9041 = DIRECTION('',(-1.144237745222E-17,-1.,0.));
#9042 = DIRECTION('',(-4.440892098501E-15,5.081436361563E-32,1.));
#9043 = ADVANCED_FACE('',(#9044),#9115,.T.);
#9044 = FACE_BOUND('',#9045,.T.);
#9045 = EDGE_LOOP('',(#9046,#9047,#9048,#9049,#9057,#9066,#9074,#9082,
    #9090,#9099,#9107,#9114));
#9046 = ORIENTED_EDGE('',*,*,#4385,.F.);
#9047 = ORIENTED_EDGE('',*,*,#4363,.T.);
#9048 = ORIENTED_EDGE('',*,*,#9023,.T.);
#9049 = ORIENTED_EDGE('',*,*,#9050,.T.);
#9050 = EDGE_CURVE('',#9024,#9051,#9053,.T.);
#9051 = VERTEX_POINT('',#9052);
#9052 = CARTESIAN_POINT('',(-2.534655283371,4.355,0.206587955583));
#9053 = LINE('',#9054,#9055);
#9054 = CARTESIAN_POINT('',(-2.498480775301,4.355,0.442364817767));
#9055 = VECTOR('',#9056,1.);
#9056 = DIRECTION('',(-0.151652327974,1.735263178185E-18,-0.988433898356
    ));
#9057 = ORIENTED_EDGE('',*,*,#9058,.T.);
#9058 = EDGE_CURVE('',#9051,#9059,#9061,.T.);
#9059 = VERTEX_POINT('',#9060);
#9060 = CARTESIAN_POINT('',(-2.780857221624,4.355,-1.665334536938E-16));
#9061 = CIRCLE('',#9062,0.25);
#9062 = AXIS2_PLACEMENT_3D('',#9063,#9064,#9065);
#9063 = CARTESIAN_POINT('',(-2.780857221624,4.355,0.25));
#9064 = DIRECTION('',(1.144237745222E-17,1.,7.703719777549E-34));
#9065 = DIRECTION('',(0.984807753012,-1.126854202784E-17,-0.173648177667
    ));
#9066 = ORIENTED_EDGE('',*,*,#9067,.T.);
#9067 = EDGE_CURVE('',#9059,#9068,#9070,.T.);
#9068 = VERTEX_POINT('',#9069);
#9069 = CARTESIAN_POINT('',(-3.2,4.355,-1.665334536938E-16));
#9070 = LINE('',#9071,#9072);
#9071 = CARTESIAN_POINT('',(-2.780857221624,4.355,-1.665334536938E-16));
#9072 = VECTOR('',#9073,1.);
#9073 = DIRECTION('',(-1.,1.144237745222E-17,0.));
#9074 = ORIENTED_EDGE('',*,*,#9075,.T.);
#9075 = EDGE_CURVE('',#9068,#9076,#9078,.T.);
#9076 = VERTEX_POINT('',#9077);
#9077 = CARTESIAN_POINT('',(-3.2,4.355,0.15));
#9078 = LINE('',#9079,#9080);
#9079 = CARTESIAN_POINT('',(-3.2,4.355,-1.665334536938E-16));
#9080 = VECTOR('',#9081,1.);
#9081 = DIRECTION('',(0.,0.,1.));
#9082 = ORIENTED_EDGE('',*,*,#9083,.T.);
#9083 = EDGE_CURVE('',#9076,#9084,#9086,.T.);
#9084 = VERTEX_POINT('',#9085);
#9085 = CARTESIAN_POINT('',(-2.780857221624,4.355,0.15));
#9086 = LINE('',#9087,#9088);
#9087 = CARTESIAN_POINT('',(-3.2,4.355,0.15));
#9088 = VECTOR('',#9089,1.);
#9089 = DIRECTION('',(1.,-1.144237745222E-17,0.));
#9090 = ORIENTED_EDGE('',*,*,#9091,.T.);
#9091 = EDGE_CURVE('',#9084,#9092,#9094,.T.);
#9092 = VERTEX_POINT('',#9093);
#9093 = CARTESIAN_POINT('',(-2.682376446323,4.355,0.232635182233));
#9094 = CIRCLE('',#9095,0.1);
#9095 = AXIS2_PLACEMENT_3D('',#9096,#9097,#9098);
#9096 = CARTESIAN_POINT('',(-2.780857221624,4.355,0.25));
#9097 = DIRECTION('',(-1.144237745222E-17,-1.,-0.));
#9098 = DIRECTION('',(0.,0.,-1.));
#9099 = ORIENTED_EDGE('',*,*,#9100,.T.);
#9100 = EDGE_CURVE('',#9092,#9101,#9103,.T.);
#9101 = VERTEX_POINT('',#9102);
#9102 = CARTESIAN_POINT('',(-2.646201938253,4.355,0.468412044417));
#9103 = LINE('',#9104,#9105);
#9104 = CARTESIAN_POINT('',(-2.682376446323,4.355,0.232635182233));
#9105 = VECTOR('',#9106,1.);
#9106 = DIRECTION('',(0.151652327974,-1.735263178185E-18,0.988433898356)
  );
#9107 = ORIENTED_EDGE('',*,*,#9108,.T.);
#9108 = EDGE_CURVE('',#9101,#5358,#9109,.T.);
#9109 = CIRCLE('',#9110,0.25);
#9110 = AXIS2_PLACEMENT_3D('',#9111,#9112,#9113);
#9111 = CARTESIAN_POINT('',(-2.4,4.355,0.425));
#9112 = DIRECTION('',(1.144237745222E-17,1.,-3.851859888774E-34));
#9113 = DIRECTION('',(-0.984807753012,1.126854202784E-17,0.173648177667)
  );
#9114 = ORIENTED_EDGE('',*,*,#5365,.T.);
#9115 = PLANE('',#9116);
#9116 = AXIS2_PLACEMENT_3D('',#9117,#9118,#9119);
#9117 = CARTESIAN_POINT('',(-2.637203454365,4.355,0.317854565708));
#9118 = DIRECTION('',(1.144237745222E-17,1.,0.));
#9119 = DIRECTION('',(0.,-0.,1.));
#9120 = ADVANCED_FACE('',(#9121),#9200,.F.);
#9121 = FACE_BOUND('',#9122,.F.);
#9122 = EDGE_LOOP('',(#9123,#9124,#9125,#9134,#9142,#9151,#9159,#9167,
    #9175,#9184,#9192,#9199));
#9123 = ORIENTED_EDGE('',*,*,#4404,.F.);
#9124 = ORIENTED_EDGE('',*,*,#4419,.T.);
#9125 = ORIENTED_EDGE('',*,*,#9126,.T.);
#9126 = EDGE_CURVE('',#4420,#9127,#9129,.T.);
#9127 = VERTEX_POINT('',#9128);
#9128 = CARTESIAN_POINT('',(2.498480775301,4.355,0.442364817767));
#9129 = CIRCLE('',#9130,0.1);
#9130 = AXIS2_PLACEMENT_3D('',#9131,#9132,#9133);
#9131 = CARTESIAN_POINT('',(2.4,4.355,0.425));
#9132 = DIRECTION('',(-1.110223024625E-16,1.,0.));
#9133 = DIRECTION('',(4.440892098501E-15,4.930380657631E-31,1.));
#9134 = ORIENTED_EDGE('',*,*,#9135,.T.);
#9135 = EDGE_CURVE('',#9127,#9136,#9138,.T.);
#9136 = VERTEX_POINT('',#9137);
#9137 = CARTESIAN_POINT('',(2.534655283371,4.355,0.206587955583));
#9138 = LINE('',#9139,#9140);
#9139 = CARTESIAN_POINT('',(2.498480775301,4.355,0.442364817767));
#9140 = VECTOR('',#9141,1.);
#9141 = DIRECTION('',(0.151652327974,1.683679062546E-17,-0.988433898356)
  );
#9142 = ORIENTED_EDGE('',*,*,#9143,.T.);
#9143 = EDGE_CURVE('',#9136,#9144,#9146,.T.);
#9144 = VERTEX_POINT('',#9145);
#9145 = CARTESIAN_POINT('',(2.780857221624,4.355,-1.665334536938E-16));
#9146 = CIRCLE('',#9147,0.25);
#9147 = AXIS2_PLACEMENT_3D('',#9148,#9149,#9150);
#9148 = CARTESIAN_POINT('',(2.780857221624,4.355,0.25));
#9149 = DIRECTION('',(1.110223024625E-16,-1.,0.));
#9150 = DIRECTION('',(-0.984807753012,-1.093356242223E-16,
    -0.173648177667));
#9151 = ORIENTED_EDGE('',*,*,#9152,.T.);
#9152 = EDGE_CURVE('',#9144,#9153,#9155,.T.);
#9153 = VERTEX_POINT('',#9154);
#9154 = CARTESIAN_POINT('',(3.2,4.355,-1.665334536938E-16));
#9155 = LINE('',#9156,#9157);
#9156 = CARTESIAN_POINT('',(2.780857221624,4.355,-1.665334536938E-16));
#9157 = VECTOR('',#9158,1.);
#9158 = DIRECTION('',(1.,1.110223024625E-16,0.));
#9159 = ORIENTED_EDGE('',*,*,#9160,.T.);
#9160 = EDGE_CURVE('',#9153,#9161,#9163,.T.);
#9161 = VERTEX_POINT('',#9162);
#9162 = CARTESIAN_POINT('',(3.2,4.355,0.15));
#9163 = LINE('',#9164,#9165);
#9164 = CARTESIAN_POINT('',(3.2,4.355,-1.665334536938E-16));
#9165 = VECTOR('',#9166,1.);
#9166 = DIRECTION('',(0.,0.,1.));
#9167 = ORIENTED_EDGE('',*,*,#9168,.T.);
#9168 = EDGE_CURVE('',#9161,#9169,#9171,.T.);
#9169 = VERTEX_POINT('',#9170);
#9170 = CARTESIAN_POINT('',(2.780857221624,4.355,0.15));
#9171 = LINE('',#9172,#9173);
#9172 = CARTESIAN_POINT('',(3.2,4.355,0.15));
#9173 = VECTOR('',#9174,1.);
#9174 = DIRECTION('',(-1.,-1.110223024625E-16,0.));
#9175 = ORIENTED_EDGE('',*,*,#9176,.T.);
#9176 = EDGE_CURVE('',#9169,#9177,#9179,.T.);
#9177 = VERTEX_POINT('',#9178);
#9178 = CARTESIAN_POINT('',(2.682376446323,4.355,0.232635182233));
#9179 = CIRCLE('',#9180,0.1);
#9180 = AXIS2_PLACEMENT_3D('',#9181,#9182,#9183);
#9181 = CARTESIAN_POINT('',(2.780857221624,4.355,0.25));
#9182 = DIRECTION('',(-1.110223024625E-16,1.,0.));
#9183 = DIRECTION('',(0.,0.,-1.));
#9184 = ORIENTED_EDGE('',*,*,#9185,.T.);
#9185 = EDGE_CURVE('',#9177,#9186,#9188,.T.);
#9186 = VERTEX_POINT('',#9187);
#9187 = CARTESIAN_POINT('',(2.646201938253,4.355,0.468412044417));
#9188 = LINE('',#9189,#9190);
#9189 = CARTESIAN_POINT('',(2.682376446323,4.355,0.232635182233));
#9190 = VECTOR('',#9191,1.);
#9191 = DIRECTION('',(-0.151652327974,-1.683679062546E-17,0.988433898356
    ));
#9192 = ORIENTED_EDGE('',*,*,#9193,.T.);
#9193 = EDGE_CURVE('',#9186,#5957,#9194,.T.);
#9194 = CIRCLE('',#9195,0.25);
#9195 = AXIS2_PLACEMENT_3D('',#9196,#9197,#9198);
#9196 = CARTESIAN_POINT('',(2.4,4.355,0.425));
#9197 = DIRECTION('',(1.110223024625E-16,-1.,0.));
#9198 = DIRECTION('',(0.984807753012,1.093356242223E-16,0.173648177667)
  );
#9199 = ORIENTED_EDGE('',*,*,#5956,.T.);
#9200 = PLANE('',#9201);
#9201 = AXIS2_PLACEMENT_3D('',#9202,#9203,#9204);
#9202 = CARTESIAN_POINT('',(2.637203454365,4.355,0.317854565708));
#9203 = DIRECTION('',(1.110223024625E-16,-1.,0.));
#9204 = DIRECTION('',(0.,0.,1.));
#9205 = ADVANCED_FACE('',(#9206),#9225,.F.);
#9206 = FACE_BOUND('',#9207,.F.);
#9207 = EDGE_LOOP('',(#9208,#9209,#9218,#9224));
#9208 = ORIENTED_EDGE('',*,*,#4436,.T.);
#9209 = ORIENTED_EDGE('',*,*,#9210,.T.);
#9210 = EDGE_CURVE('',#4429,#9211,#9213,.T.);
#9211 = VERTEX_POINT('',#9212);
#9212 = CARTESIAN_POINT('',(2.498480775301,4.095,0.442364817767));
#9213 = CIRCLE('',#9214,0.1);
#9214 = AXIS2_PLACEMENT_3D('',#9215,#9216,#9217);
#9215 = CARTESIAN_POINT('',(2.4,4.095,0.425));
#9216 = DIRECTION('',(-1.110223024625E-16,1.,0.));
#9217 = DIRECTION('',(4.440892098501E-15,4.930380657631E-31,1.));
#9218 = ORIENTED_EDGE('',*,*,#9219,.F.);
#9219 = EDGE_CURVE('',#9127,#9211,#9220,.T.);
#9220 = LINE('',#9221,#9222);
#9221 = CARTESIAN_POINT('',(2.498480775301,4.355,0.442364817767));
#9222 = VECTOR('',#9223,1.);
#9223 = DIRECTION('',(1.110223024625E-16,-1.,0.));
#9224 = ORIENTED_EDGE('',*,*,#9126,.F.);
#9225 = CYLINDRICAL_SURFACE('',#9226,0.1);
#9226 = AXIS2_PLACEMENT_3D('',#9227,#9228,#9229);
#9227 = CARTESIAN_POINT('',(2.4,4.355,0.425));
#9228 = DIRECTION('',(-1.110223024625E-16,1.,0.));
#9229 = DIRECTION('',(4.440892098501E-15,4.930380657631E-31,1.));
#9230 = ADVANCED_FACE('',(#9231),#9302,.T.);
#9231 = FACE_BOUND('',#9232,.T.);
#9232 = EDGE_LOOP('',(#9233,#9234,#9235,#9236,#9244,#9253,#9261,#9269,
    #9277,#9286,#9294,#9301));
#9233 = ORIENTED_EDGE('',*,*,#4450,.F.);
#9234 = ORIENTED_EDGE('',*,*,#4428,.T.);
#9235 = ORIENTED_EDGE('',*,*,#9210,.T.);
#9236 = ORIENTED_EDGE('',*,*,#9237,.T.);
#9237 = EDGE_CURVE('',#9211,#9238,#9240,.T.);
#9238 = VERTEX_POINT('',#9239);
#9239 = CARTESIAN_POINT('',(2.534655283371,4.095,0.206587955583));
#9240 = LINE('',#9241,#9242);
#9241 = CARTESIAN_POINT('',(2.498480775301,4.095,0.442364817767));
#9242 = VECTOR('',#9243,1.);
#9243 = DIRECTION('',(0.151652327974,1.683679062546E-17,-0.988433898356)
  );
#9244 = ORIENTED_EDGE('',*,*,#9245,.T.);
#9245 = EDGE_CURVE('',#9238,#9246,#9248,.T.);
#9246 = VERTEX_POINT('',#9247);
#9247 = CARTESIAN_POINT('',(2.780857221624,4.095,-1.665334536938E-16));
#9248 = CIRCLE('',#9249,0.25);
#9249 = AXIS2_PLACEMENT_3D('',#9250,#9251,#9252);
#9250 = CARTESIAN_POINT('',(2.780857221624,4.095,0.25));
#9251 = DIRECTION('',(1.110223024625E-16,-1.,0.));
#9252 = DIRECTION('',(-0.984807753012,-1.093356242223E-16,
    -0.173648177667));
#9253 = ORIENTED_EDGE('',*,*,#9254,.T.);
#9254 = EDGE_CURVE('',#9246,#9255,#9257,.T.);
#9255 = VERTEX_POINT('',#9256);
#9256 = CARTESIAN_POINT('',(3.2,4.095,-1.665334536938E-16));
#9257 = LINE('',#9258,#9259);
#9258 = CARTESIAN_POINT('',(2.780857221624,4.095,-1.665334536938E-16));
#9259 = VECTOR('',#9260,1.);
#9260 = DIRECTION('',(1.,1.110223024625E-16,0.));
#9261 = ORIENTED_EDGE('',*,*,#9262,.T.);
#9262 = EDGE_CURVE('',#9255,#9263,#9265,.T.);
#9263 = VERTEX_POINT('',#9264);
#9264 = CARTESIAN_POINT('',(3.2,4.095,0.15));
#9265 = LINE('',#9266,#9267);
#9266 = CARTESIAN_POINT('',(3.2,4.095,-1.665334536938E-16));
#9267 = VECTOR('',#9268,1.);
#9268 = DIRECTION('',(0.,0.,1.));
#9269 = ORIENTED_EDGE('',*,*,#9270,.T.);
#9270 = EDGE_CURVE('',#9263,#9271,#9273,.T.);
#9271 = VERTEX_POINT('',#9272);
#9272 = CARTESIAN_POINT('',(2.780857221624,4.095,0.15));
#9273 = LINE('',#9274,#9275);
#9274 = CARTESIAN_POINT('',(3.2,4.095,0.15));
#9275 = VECTOR('',#9276,1.);
#9276 = DIRECTION('',(-1.,-1.110223024625E-16,0.));
#9277 = ORIENTED_EDGE('',*,*,#9278,.T.);
#9278 = EDGE_CURVE('',#9271,#9279,#9281,.T.);
#9279 = VERTEX_POINT('',#9280);
#9280 = CARTESIAN_POINT('',(2.682376446323,4.095,0.232635182233));
#9281 = CIRCLE('',#9282,0.1);
#9282 = AXIS2_PLACEMENT_3D('',#9283,#9284,#9285);
#9283 = CARTESIAN_POINT('',(2.780857221624,4.095,0.25));
#9284 = DIRECTION('',(-1.110223024625E-16,1.,0.));
#9285 = DIRECTION('',(0.,0.,-1.));
#9286 = ORIENTED_EDGE('',*,*,#9287,.T.);
#9287 = EDGE_CURVE('',#9279,#9288,#9290,.T.);
#9288 = VERTEX_POINT('',#9289);
#9289 = CARTESIAN_POINT('',(2.646201938253,4.095,0.468412044417));
#9290 = LINE('',#9291,#9292);
#9291 = CARTESIAN_POINT('',(2.682376446323,4.095,0.232635182233));
#9292 = VECTOR('',#9293,1.);
#9293 = DIRECTION('',(-0.151652327974,-1.683679062546E-17,0.988433898356
    ));
#9294 = ORIENTED_EDGE('',*,*,#9295,.T.);
#9295 = EDGE_CURVE('',#9288,#5965,#9296,.T.);
#9296 = CIRCLE('',#9297,0.25);
#9297 = AXIS2_PLACEMENT_3D('',#9298,#9299,#9300);
#9298 = CARTESIAN_POINT('',(2.4,4.095,0.425));
#9299 = DIRECTION('',(1.110223024625E-16,-1.,0.));
#9300 = DIRECTION('',(0.984807753012,1.093356242223E-16,0.173648177667)
  );
#9301 = ORIENTED_EDGE('',*,*,#5972,.T.);
#9302 = PLANE('',#9303);
#9303 = AXIS2_PLACEMENT_3D('',#9304,#9305,#9306);
#9304 = CARTESIAN_POINT('',(2.637203454365,4.095,0.317854565708));
#9305 = DIRECTION('',(1.110223024625E-16,-1.,0.));
#9306 = DIRECTION('',(0.,0.,1.));
#9307 = ADVANCED_FACE('',(#9308),#9319,.F.);
#9308 = FACE_BOUND('',#9309,.F.);
#9309 = EDGE_LOOP('',(#9310,#9311,#9312,#9318));
#9310 = ORIENTED_EDGE('',*,*,#5978,.F.);
#9311 = ORIENTED_EDGE('',*,*,#4467,.T.);
#9312 = ORIENTED_EDGE('',*,*,#9313,.T.);
#9313 = EDGE_CURVE('',#4460,#5719,#9314,.T.);
#9314 = LINE('',#9315,#9316);
#9315 = CARTESIAN_POINT('',(2.4,3.705,0.675));
#9316 = VECTOR('',#9317,1.);
#9317 = DIRECTION('',(-1.,-1.110223024625E-16,0.));
#9318 = ORIENTED_EDGE('',*,*,#5718,.F.);
#9319 = PLANE('',#9320);
#9320 = AXIS2_PLACEMENT_3D('',#9321,#9322,#9323);
#9321 = CARTESIAN_POINT('',(-2.640908612089E-16,4.825,0.675));
#9322 = DIRECTION('',(-8.458391581173E-32,3.012014365389E-27,-1.));
#9323 = DIRECTION('',(1.,1.108771071988E-16,-8.45839158114E-32));
#9324 = ADVANCED_FACE('',(#9325),#9411,.F.);
#9325 = FACE_BOUND('',#9326,.F.);
#9326 = EDGE_LOOP('',(#9327,#9328,#9329,#9338,#9346,#9355,#9363,#9371,
    #9379,#9388,#9396,#9405));
#9327 = ORIENTED_EDGE('',*,*,#4459,.F.);
#9328 = ORIENTED_EDGE('',*,*,#4481,.T.);
#9329 = ORIENTED_EDGE('',*,*,#9330,.T.);
#9330 = EDGE_CURVE('',#4482,#9331,#9333,.T.);
#9331 = VERTEX_POINT('',#9332);
#9332 = CARTESIAN_POINT('',(2.498480775301,3.705,0.442364817767));
#9333 = CIRCLE('',#9334,0.1);
#9334 = AXIS2_PLACEMENT_3D('',#9335,#9336,#9337);
#9335 = CARTESIAN_POINT('',(2.4,3.705,0.425));
#9336 = DIRECTION('',(-1.110223024625E-16,1.,0.));
#9337 = DIRECTION('',(4.440892098501E-15,4.930380657631E-31,1.));
#9338 = ORIENTED_EDGE('',*,*,#9339,.T.);
#9339 = EDGE_CURVE('',#9331,#9340,#9342,.T.);
#9340 = VERTEX_POINT('',#9341);
#9341 = CARTESIAN_POINT('',(2.534655283371,3.705,0.206587955583));
#9342 = LINE('',#9343,#9344);
#9343 = CARTESIAN_POINT('',(2.498480775301,3.705,0.442364817767));
#9344 = VECTOR('',#9345,1.);
#9345 = DIRECTION('',(0.151652327974,1.683679062546E-17,-0.988433898356)
  );
#9346 = ORIENTED_EDGE('',*,*,#9347,.T.);
#9347 = EDGE_CURVE('',#9340,#9348,#9350,.T.);
#9348 = VERTEX_POINT('',#9349);
#9349 = CARTESIAN_POINT('',(2.780857221624,3.705,-1.665334536938E-16));
#9350 = CIRCLE('',#9351,0.25);
#9351 = AXIS2_PLACEMENT_3D('',#9352,#9353,#9354);
#9352 = CARTESIAN_POINT('',(2.780857221624,3.705,0.25));
#9353 = DIRECTION('',(1.110223024625E-16,-1.,0.));
#9354 = DIRECTION('',(-0.984807753012,-1.093356242223E-16,
    -0.173648177667));
#9355 = ORIENTED_EDGE('',*,*,#9356,.T.);
#9356 = EDGE_CURVE('',#9348,#9357,#9359,.T.);
#9357 = VERTEX_POINT('',#9358);
#9358 = CARTESIAN_POINT('',(3.2,3.705,-1.665334536938E-16));
#9359 = LINE('',#9360,#9361);
#9360 = CARTESIAN_POINT('',(2.780857221624,3.705,-1.665334536938E-16));
#9361 = VECTOR('',#9362,1.);
#9362 = DIRECTION('',(1.,1.110223024625E-16,0.));
#9363 = ORIENTED_EDGE('',*,*,#9364,.T.);
#9364 = EDGE_CURVE('',#9357,#9365,#9367,.T.);
#9365 = VERTEX_POINT('',#9366);
#9366 = CARTESIAN_POINT('',(3.2,3.705,0.15));
#9367 = LINE('',#9368,#9369);
#9368 = CARTESIAN_POINT('',(3.2,3.705,-1.665334536938E-16));
#9369 = VECTOR('',#9370,1.);
#9370 = DIRECTION('',(0.,0.,1.));
#9371 = ORIENTED_EDGE('',*,*,#9372,.T.);
#9372 = EDGE_CURVE('',#9365,#9373,#9375,.T.);
#9373 = VERTEX_POINT('',#9374);
#9374 = CARTESIAN_POINT('',(2.780857221624,3.705,0.15));
#9375 = LINE('',#9376,#9377);
#9376 = CARTESIAN_POINT('',(3.2,3.705,0.15));
#9377 = VECTOR('',#9378,1.);
#9378 = DIRECTION('',(-1.,-1.110223024625E-16,0.));
#9379 = ORIENTED_EDGE('',*,*,#9380,.T.);
#9380 = EDGE_CURVE('',#9373,#9381,#9383,.T.);
#9381 = VERTEX_POINT('',#9382);
#9382 = CARTESIAN_POINT('',(2.682376446323,3.705,0.232635182233));
#9383 = CIRCLE('',#9384,0.1);
#9384 = AXIS2_PLACEMENT_3D('',#9385,#9386,#9387);
#9385 = CARTESIAN_POINT('',(2.780857221624,3.705,0.25));
#9386 = DIRECTION('',(-1.110223024625E-16,1.,0.));
#9387 = DIRECTION('',(0.,0.,-1.));
#9388 = ORIENTED_EDGE('',*,*,#9389,.T.);
#9389 = EDGE_CURVE('',#9381,#9390,#9392,.T.);
#9390 = VERTEX_POINT('',#9391);
#9391 = CARTESIAN_POINT('',(2.646201938253,3.705,0.468412044417));
#9392 = LINE('',#9393,#9394);
#9393 = CARTESIAN_POINT('',(2.682376446323,3.705,0.232635182233));
#9394 = VECTOR('',#9395,1.);
#9395 = DIRECTION('',(-0.151652327974,-1.683679062546E-17,0.988433898356
    ));
#9396 = ORIENTED_EDGE('',*,*,#9397,.T.);
#9397 = EDGE_CURVE('',#9390,#9398,#9400,.T.);
#9398 = VERTEX_POINT('',#9399);
#9399 = CARTESIAN_POINT('',(2.4,3.705,0.675));
#9400 = CIRCLE('',#9401,0.25);
#9401 = AXIS2_PLACEMENT_3D('',#9402,#9403,#9404);
#9402 = CARTESIAN_POINT('',(2.4,3.705,0.425));
#9403 = DIRECTION('',(1.110223024625E-16,-1.,0.));
#9404 = DIRECTION('',(0.984807753012,1.093356242223E-16,0.173648177667)
  );
#9405 = ORIENTED_EDGE('',*,*,#9406,.T.);
#9406 = EDGE_CURVE('',#9398,#4460,#9407,.T.);
#9407 = LINE('',#9408,#9409);
#9408 = CARTESIAN_POINT('',(2.4,3.705,0.675));
#9409 = VECTOR('',#9410,1.);
#9410 = DIRECTION('',(-1.,-1.110223024625E-16,0.));
#9411 = PLANE('',#9412);
#9412 = AXIS2_PLACEMENT_3D('',#9413,#9414,#9415);
#9413 = CARTESIAN_POINT('',(2.637203454365,3.705,0.317854565708));
#9414 = DIRECTION('',(1.110223024625E-16,-1.,0.));
#9415 = DIRECTION('',(0.,0.,1.));
#9416 = ADVANCED_FACE('',(#9417),#9436,.F.);
#9417 = FACE_BOUND('',#9418,.F.);
#9418 = EDGE_LOOP('',(#9419,#9420,#9429,#9435));
#9419 = ORIENTED_EDGE('',*,*,#4498,.T.);
#9420 = ORIENTED_EDGE('',*,*,#9421,.T.);
#9421 = EDGE_CURVE('',#4491,#9422,#9424,.T.);
#9422 = VERTEX_POINT('',#9423);
#9423 = CARTESIAN_POINT('',(2.498480775301,3.445,0.442364817767));
#9424 = CIRCLE('',#9425,0.1);
#9425 = AXIS2_PLACEMENT_3D('',#9426,#9427,#9428);
#9426 = CARTESIAN_POINT('',(2.4,3.445,0.425));
#9427 = DIRECTION('',(-1.110223024625E-16,1.,0.));
#9428 = DIRECTION('',(4.440892098501E-15,4.930380657631E-31,1.));
#9429 = ORIENTED_EDGE('',*,*,#9430,.F.);
#9430 = EDGE_CURVE('',#9331,#9422,#9431,.T.);
#9431 = LINE('',#9432,#9433);
#9432 = CARTESIAN_POINT('',(2.498480775301,3.705,0.442364817767));
#9433 = VECTOR('',#9434,1.);
#9434 = DIRECTION('',(1.110223024625E-16,-1.,0.));
#9435 = ORIENTED_EDGE('',*,*,#9330,.F.);
#9436 = CYLINDRICAL_SURFACE('',#9437,0.1);
#9437 = AXIS2_PLACEMENT_3D('',#9438,#9439,#9440);
#9438 = CARTESIAN_POINT('',(2.4,3.705,0.425));
#9439 = DIRECTION('',(-1.110223024625E-16,1.,0.));
#9440 = DIRECTION('',(4.440892098501E-15,4.930380657631E-31,1.));
#9441 = ADVANCED_FACE('',(#9442),#9520,.T.);
#9442 = FACE_BOUND('',#9443,.T.);
#9443 = EDGE_LOOP('',(#9444,#9445,#9446,#9447,#9455,#9464,#9472,#9480,
    #9488,#9497,#9505,#9514));
#9444 = ORIENTED_EDGE('',*,*,#4512,.F.);
#9445 = ORIENTED_EDGE('',*,*,#4490,.T.);
#9446 = ORIENTED_EDGE('',*,*,#9421,.T.);
#9447 = ORIENTED_EDGE('',*,*,#9448,.T.);
#9448 = EDGE_CURVE('',#9422,#9449,#9451,.T.);
#9449 = VERTEX_POINT('',#9450);
#9450 = CARTESIAN_POINT('',(2.534655283371,3.445,0.206587955583));
#9451 = LINE('',#9452,#9453);
#9452 = CARTESIAN_POINT('',(2.498480775301,3.445,0.442364817767));
#9453 = VECTOR('',#9454,1.);
#9454 = DIRECTION('',(0.151652327974,1.683679062546E-17,-0.988433898356)
  );
#9455 = ORIENTED_EDGE('',*,*,#9456,.T.);
#9456 = EDGE_CURVE('',#9449,#9457,#9459,.T.);
#9457 = VERTEX_POINT('',#9458);
#9458 = CARTESIAN_POINT('',(2.780857221624,3.445,-1.665334536938E-16));
#9459 = CIRCLE('',#9460,0.25);
#9460 = AXIS2_PLACEMENT_3D('',#9461,#9462,#9463);
#9461 = CARTESIAN_POINT('',(2.780857221624,3.445,0.25));
#9462 = DIRECTION('',(1.110223024625E-16,-1.,0.));
#9463 = DIRECTION('',(-0.984807753012,-1.093356242223E-16,
    -0.173648177667));
#9464 = ORIENTED_EDGE('',*,*,#9465,.T.);
#9465 = EDGE_CURVE('',#9457,#9466,#9468,.T.);
#9466 = VERTEX_POINT('',#9467);
#9467 = CARTESIAN_POINT('',(3.2,3.445,-1.665334536938E-16));
#9468 = LINE('',#9469,#9470);
#9469 = CARTESIAN_POINT('',(2.780857221624,3.445,-1.665334536938E-16));
#9470 = VECTOR('',#9471,1.);
#9471 = DIRECTION('',(1.,1.110223024625E-16,0.));
#9472 = ORIENTED_EDGE('',*,*,#9473,.T.);
#9473 = EDGE_CURVE('',#9466,#9474,#9476,.T.);
#9474 = VERTEX_POINT('',#9475);
#9475 = CARTESIAN_POINT('',(3.2,3.445,0.15));
#9476 = LINE('',#9477,#9478);
#9477 = CARTESIAN_POINT('',(3.2,3.445,-1.665334536938E-16));
#9478 = VECTOR('',#9479,1.);
#9479 = DIRECTION('',(0.,0.,1.));
#9480 = ORIENTED_EDGE('',*,*,#9481,.T.);
#9481 = EDGE_CURVE('',#9474,#9482,#9484,.T.);
#9482 = VERTEX_POINT('',#9483);
#9483 = CARTESIAN_POINT('',(2.780857221624,3.445,0.15));
#9484 = LINE('',#9485,#9486);
#9485 = CARTESIAN_POINT('',(3.2,3.445,0.15));
#9486 = VECTOR('',#9487,1.);
#9487 = DIRECTION('',(-1.,-1.110223024625E-16,0.));
#9488 = ORIENTED_EDGE('',*,*,#9489,.T.);
#9489 = EDGE_CURVE('',#9482,#9490,#9492,.T.);
#9490 = VERTEX_POINT('',#9491);
#9491 = CARTESIAN_POINT('',(2.682376446323,3.445,0.232635182233));
#9492 = CIRCLE('',#9493,0.1);
#9493 = AXIS2_PLACEMENT_3D('',#9494,#9495,#9496);
#9494 = CARTESIAN_POINT('',(2.780857221624,3.445,0.25));
#9495 = DIRECTION('',(-1.110223024625E-16,1.,0.));
#9496 = DIRECTION('',(0.,0.,-1.));
#9497 = ORIENTED_EDGE('',*,*,#9498,.T.);
#9498 = EDGE_CURVE('',#9490,#9499,#9501,.T.);
#9499 = VERTEX_POINT('',#9500);
#9500 = CARTESIAN_POINT('',(2.646201938253,3.445,0.468412044417));
#9501 = LINE('',#9502,#9503);
#9502 = CARTESIAN_POINT('',(2.682376446323,3.445,0.232635182233));
#9503 = VECTOR('',#9504,1.);
#9504 = DIRECTION('',(-0.151652327974,-1.683679062546E-17,0.988433898356
    ));
#9505 = ORIENTED_EDGE('',*,*,#9506,.T.);
#9506 = EDGE_CURVE('',#9499,#9507,#9509,.T.);
#9507 = VERTEX_POINT('',#9508);
#9508 = CARTESIAN_POINT('',(2.4,3.445,0.675));
#9509 = CIRCLE('',#9510,0.25);
#9510 = AXIS2_PLACEMENT_3D('',#9511,#9512,#9513);
#9511 = CARTESIAN_POINT('',(2.4,3.445,0.425));
#9512 = DIRECTION('',(1.110223024625E-16,-1.,0.));
#9513 = DIRECTION('',(0.984807753012,1.093356242223E-16,0.173648177667)
  );
#9514 = ORIENTED_EDGE('',*,*,#9515,.T.);
#9515 = EDGE_CURVE('',#9507,#4513,#9516,.T.);
#9516 = LINE('',#9517,#9518);
#9517 = CARTESIAN_POINT('',(2.4,3.445,0.675));
#9518 = VECTOR('',#9519,1.);
#9519 = DIRECTION('',(-1.,-1.110223024625E-16,0.));
#9520 = PLANE('',#9521);
#9521 = AXIS2_PLACEMENT_3D('',#9522,#9523,#9524);
#9522 = CARTESIAN_POINT('',(2.637203454365,3.445,0.317854565708));
#9523 = DIRECTION('',(1.110223024625E-16,-1.,0.));
#9524 = DIRECTION('',(0.,0.,1.));
#9525 = ADVANCED_FACE('',(#9526),#9542,.F.);
#9526 = FACE_BOUND('',#9527,.F.);
#9527 = EDGE_LOOP('',(#9528,#9534,#9535,#9541));
#9528 = ORIENTED_EDGE('',*,*,#9529,.F.);
#9529 = EDGE_CURVE('',#4513,#5727,#9530,.T.);
#9530 = LINE('',#9531,#9532);
#9531 = CARTESIAN_POINT('',(2.4,3.445,0.675));
#9532 = VECTOR('',#9533,1.);
#9533 = DIRECTION('',(-1.,-1.110223024625E-16,0.));
#9534 = ORIENTED_EDGE('',*,*,#4529,.T.);
#9535 = ORIENTED_EDGE('',*,*,#9536,.T.);
#9536 = EDGE_CURVE('',#4522,#5735,#9537,.T.);
#9537 = LINE('',#9538,#9539);
#9538 = CARTESIAN_POINT('',(2.4,3.055,0.675));
#9539 = VECTOR('',#9540,1.);
#9540 = DIRECTION('',(-1.,-1.110223024625E-16,0.));
#9541 = ORIENTED_EDGE('',*,*,#5734,.F.);
#9542 = PLANE('',#9543);
#9543 = AXIS2_PLACEMENT_3D('',#9544,#9545,#9546);
#9544 = CARTESIAN_POINT('',(-2.640908612089E-16,4.825,0.675));
#9545 = DIRECTION('',(-8.458391581173E-32,3.012014365389E-27,-1.));
#9546 = DIRECTION('',(1.,1.108771071988E-16,-8.45839158114E-32));
#9547 = ADVANCED_FACE('',(#9548),#9634,.F.);
#9548 = FACE_BOUND('',#9549,.F.);
#9549 = EDGE_LOOP('',(#9550,#9551,#9552,#9561,#9569,#9578,#9586,#9594,
    #9602,#9611,#9619,#9628));
#9550 = ORIENTED_EDGE('',*,*,#4521,.F.);
#9551 = ORIENTED_EDGE('',*,*,#4543,.T.);
#9552 = ORIENTED_EDGE('',*,*,#9553,.T.);
#9553 = EDGE_CURVE('',#4544,#9554,#9556,.T.);
#9554 = VERTEX_POINT('',#9555);
#9555 = CARTESIAN_POINT('',(2.498480775301,3.055,0.442364817767));
#9556 = CIRCLE('',#9557,0.1);
#9557 = AXIS2_PLACEMENT_3D('',#9558,#9559,#9560);
#9558 = CARTESIAN_POINT('',(2.4,3.055,0.425));
#9559 = DIRECTION('',(-1.110223024625E-16,1.,0.));
#9560 = DIRECTION('',(4.440892098501E-15,4.930380657631E-31,1.));
#9561 = ORIENTED_EDGE('',*,*,#9562,.T.);
#9562 = EDGE_CURVE('',#9554,#9563,#9565,.T.);
#9563 = VERTEX_POINT('',#9564);
#9564 = CARTESIAN_POINT('',(2.534655283371,3.055,0.206587955583));
#9565 = LINE('',#9566,#9567);
#9566 = CARTESIAN_POINT('',(2.498480775301,3.055,0.442364817767));
#9567 = VECTOR('',#9568,1.);
#9568 = DIRECTION('',(0.151652327974,1.683679062546E-17,-0.988433898356)
  );
#9569 = ORIENTED_EDGE('',*,*,#9570,.T.);
#9570 = EDGE_CURVE('',#9563,#9571,#9573,.T.);
#9571 = VERTEX_POINT('',#9572);
#9572 = CARTESIAN_POINT('',(2.780857221624,3.055,-1.665334536938E-16));
#9573 = CIRCLE('',#9574,0.25);
#9574 = AXIS2_PLACEMENT_3D('',#9575,#9576,#9577);
#9575 = CARTESIAN_POINT('',(2.780857221624,3.055,0.25));
#9576 = DIRECTION('',(1.110223024625E-16,-1.,0.));
#9577 = DIRECTION('',(-0.984807753012,-1.093356242223E-16,
    -0.173648177667));
#9578 = ORIENTED_EDGE('',*,*,#9579,.T.);
#9579 = EDGE_CURVE('',#9571,#9580,#9582,.T.);
#9580 = VERTEX_POINT('',#9581);
#9581 = CARTESIAN_POINT('',(3.2,3.055,-1.665334536938E-16));
#9582 = LINE('',#9583,#9584);
#9583 = CARTESIAN_POINT('',(2.780857221624,3.055,-1.665334536938E-16));
#9584 = VECTOR('',#9585,1.);
#9585 = DIRECTION('',(1.,1.110223024625E-16,0.));
#9586 = ORIENTED_EDGE('',*,*,#9587,.T.);
#9587 = EDGE_CURVE('',#9580,#9588,#9590,.T.);
#9588 = VERTEX_POINT('',#9589);
#9589 = CARTESIAN_POINT('',(3.2,3.055,0.15));
#9590 = LINE('',#9591,#9592);
#9591 = CARTESIAN_POINT('',(3.2,3.055,-1.665334536938E-16));
#9592 = VECTOR('',#9593,1.);
#9593 = DIRECTION('',(0.,0.,1.));
#9594 = ORIENTED_EDGE('',*,*,#9595,.T.);
#9595 = EDGE_CURVE('',#9588,#9596,#9598,.T.);
#9596 = VERTEX_POINT('',#9597);
#9597 = CARTESIAN_POINT('',(2.780857221624,3.055,0.15));
#9598 = LINE('',#9599,#9600);
#9599 = CARTESIAN_POINT('',(3.2,3.055,0.15));
#9600 = VECTOR('',#9601,1.);
#9601 = DIRECTION('',(-1.,-1.110223024625E-16,0.));
#9602 = ORIENTED_EDGE('',*,*,#9603,.T.);
#9603 = EDGE_CURVE('',#9596,#9604,#9606,.T.);
#9604 = VERTEX_POINT('',#9605);
#9605 = CARTESIAN_POINT('',(2.682376446323,3.055,0.232635182233));
#9606 = CIRCLE('',#9607,0.1);
#9607 = AXIS2_PLACEMENT_3D('',#9608,#9609,#9610);
#9608 = CARTESIAN_POINT('',(2.780857221624,3.055,0.25));
#9609 = DIRECTION('',(-1.110223024625E-16,1.,0.));
#9610 = DIRECTION('',(0.,0.,-1.));
#9611 = ORIENTED_EDGE('',*,*,#9612,.T.);
#9612 = EDGE_CURVE('',#9604,#9613,#9615,.T.);
#9613 = VERTEX_POINT('',#9614);
#9614 = CARTESIAN_POINT('',(2.646201938253,3.055,0.468412044417));
#9615 = LINE('',#9616,#9617);
#9616 = CARTESIAN_POINT('',(2.682376446323,3.055,0.232635182233));
#9617 = VECTOR('',#9618,1.);
#9618 = DIRECTION('',(-0.151652327974,-1.683679062546E-17,0.988433898356
    ));
#9619 = ORIENTED_EDGE('',*,*,#9620,.T.);
#9620 = EDGE_CURVE('',#9613,#9621,#9623,.T.);
#9621 = VERTEX_POINT('',#9622);
#9622 = CARTESIAN_POINT('',(2.4,3.055,0.675));
#9623 = CIRCLE('',#9624,0.25);
#9624 = AXIS2_PLACEMENT_3D('',#9625,#9626,#9627);
#9625 = CARTESIAN_POINT('',(2.4,3.055,0.425));
#9626 = DIRECTION('',(1.110223024625E-16,-1.,0.));
#9627 = DIRECTION('',(0.984807753012,1.093356242223E-16,0.173648177667)
  );
#9628 = ORIENTED_EDGE('',*,*,#9629,.T.);
#9629 = EDGE_CURVE('',#9621,#4522,#9630,.T.);
#9630 = LINE('',#9631,#9632);
#9631 = CARTESIAN_POINT('',(2.4,3.055,0.675));
#9632 = VECTOR('',#9633,1.);
#9633 = DIRECTION('',(-1.,-1.110223024625E-16,0.));
#9634 = PLANE('',#9635);
#9635 = AXIS2_PLACEMENT_3D('',#9636,#9637,#9638);
#9636 = CARTESIAN_POINT('',(2.637203454365,3.055,0.317854565708));
#9637 = DIRECTION('',(1.110223024625E-16,-1.,0.));
#9638 = DIRECTION('',(0.,0.,1.));
#9639 = ADVANCED_FACE('',(#9640),#9659,.F.);
#9640 = FACE_BOUND('',#9641,.F.);
#9641 = EDGE_LOOP('',(#9642,#9643,#9652,#9658));
#9642 = ORIENTED_EDGE('',*,*,#4560,.T.);
#9643 = ORIENTED_EDGE('',*,*,#9644,.T.);
#9644 = EDGE_CURVE('',#4553,#9645,#9647,.T.);
#9645 = VERTEX_POINT('',#9646);
#9646 = CARTESIAN_POINT('',(2.498480775301,2.795,0.442364817767));
#9647 = CIRCLE('',#9648,0.1);
#9648 = AXIS2_PLACEMENT_3D('',#9649,#9650,#9651);
#9649 = CARTESIAN_POINT('',(2.4,2.795,0.425));
#9650 = DIRECTION('',(-1.110223024625E-16,1.,0.));
#9651 = DIRECTION('',(4.440892098501E-15,4.930380657631E-31,1.));
#9652 = ORIENTED_EDGE('',*,*,#9653,.F.);
#9653 = EDGE_CURVE('',#9554,#9645,#9654,.T.);
#9654 = LINE('',#9655,#9656);
#9655 = CARTESIAN_POINT('',(2.498480775301,3.055,0.442364817767));
#9656 = VECTOR('',#9657,1.);
#9657 = DIRECTION('',(1.110223024625E-16,-1.,0.));
#9658 = ORIENTED_EDGE('',*,*,#9553,.F.);
#9659 = CYLINDRICAL_SURFACE('',#9660,0.1);
#9660 = AXIS2_PLACEMENT_3D('',#9661,#9662,#9663);
#9661 = CARTESIAN_POINT('',(2.4,3.055,0.425));
#9662 = DIRECTION('',(-1.110223024625E-16,1.,0.));
#9663 = DIRECTION('',(4.440892098501E-15,4.930380657631E-31,1.));
#9664 = ADVANCED_FACE('',(#9665),#9743,.T.);
#9665 = FACE_BOUND('',#9666,.T.);
#9666 = EDGE_LOOP('',(#9667,#9668,#9669,#9670,#9678,#9687,#9695,#9703,
    #9711,#9720,#9728,#9737));
#9667 = ORIENTED_EDGE('',*,*,#4574,.F.);
#9668 = ORIENTED_EDGE('',*,*,#4552,.T.);
#9669 = ORIENTED_EDGE('',*,*,#9644,.T.);
#9670 = ORIENTED_EDGE('',*,*,#9671,.T.);
#9671 = EDGE_CURVE('',#9645,#9672,#9674,.T.);
#9672 = VERTEX_POINT('',#9673);
#9673 = CARTESIAN_POINT('',(2.534655283371,2.795,0.206587955583));
#9674 = LINE('',#9675,#9676);
#9675 = CARTESIAN_POINT('',(2.498480775301,2.795,0.442364817767));
#9676 = VECTOR('',#9677,1.);
#9677 = DIRECTION('',(0.151652327974,1.683679062546E-17,-0.988433898356)
  );
#9678 = ORIENTED_EDGE('',*,*,#9679,.T.);
#9679 = EDGE_CURVE('',#9672,#9680,#9682,.T.);
#9680 = VERTEX_POINT('',#9681);
#9681 = CARTESIAN_POINT('',(2.780857221624,2.795,-1.665334536938E-16));
#9682 = CIRCLE('',#9683,0.25);
#9683 = AXIS2_PLACEMENT_3D('',#9684,#9685,#9686);
#9684 = CARTESIAN_POINT('',(2.780857221624,2.795,0.25));
#9685 = DIRECTION('',(1.110223024625E-16,-1.,0.));
#9686 = DIRECTION('',(-0.984807753012,-1.093356242223E-16,
    -0.173648177667));
#9687 = ORIENTED_EDGE('',*,*,#9688,.T.);
#9688 = EDGE_CURVE('',#9680,#9689,#9691,.T.);
#9689 = VERTEX_POINT('',#9690);
#9690 = CARTESIAN_POINT('',(3.2,2.795,-1.665334536938E-16));
#9691 = LINE('',#9692,#9693);
#9692 = CARTESIAN_POINT('',(2.780857221624,2.795,-1.665334536938E-16));
#9693 = VECTOR('',#9694,1.);
#9694 = DIRECTION('',(1.,1.110223024625E-16,0.));
#9695 = ORIENTED_EDGE('',*,*,#9696,.T.);
#9696 = EDGE_CURVE('',#9689,#9697,#9699,.T.);
#9697 = VERTEX_POINT('',#9698);
#9698 = CARTESIAN_POINT('',(3.2,2.795,0.15));
#9699 = LINE('',#9700,#9701);
#9700 = CARTESIAN_POINT('',(3.2,2.795,-1.665334536938E-16));
#9701 = VECTOR('',#9702,1.);
#9702 = DIRECTION('',(0.,0.,1.));
#9703 = ORIENTED_EDGE('',*,*,#9704,.T.);
#9704 = EDGE_CURVE('',#9697,#9705,#9707,.T.);
#9705 = VERTEX_POINT('',#9706);
#9706 = CARTESIAN_POINT('',(2.780857221624,2.795,0.15));
#9707 = LINE('',#9708,#9709);
#9708 = CARTESIAN_POINT('',(3.2,2.795,0.15));
#9709 = VECTOR('',#9710,1.);
#9710 = DIRECTION('',(-1.,-1.110223024625E-16,0.));
#9711 = ORIENTED_EDGE('',*,*,#9712,.T.);
#9712 = EDGE_CURVE('',#9705,#9713,#9715,.T.);
#9713 = VERTEX_POINT('',#9714);
#9714 = CARTESIAN_POINT('',(2.682376446323,2.795,0.232635182233));
#9715 = CIRCLE('',#9716,0.1);
#9716 = AXIS2_PLACEMENT_3D('',#9717,#9718,#9719);
#9717 = CARTESIAN_POINT('',(2.780857221624,2.795,0.25));
#9718 = DIRECTION('',(-1.110223024625E-16,1.,0.));
#9719 = DIRECTION('',(0.,0.,-1.));
#9720 = ORIENTED_EDGE('',*,*,#9721,.T.);
#9721 = EDGE_CURVE('',#9713,#9722,#9724,.T.);
#9722 = VERTEX_POINT('',#9723);
#9723 = CARTESIAN_POINT('',(2.646201938253,2.795,0.468412044417));
#9724 = LINE('',#9725,#9726);
#9725 = CARTESIAN_POINT('',(2.682376446323,2.795,0.232635182233));
#9726 = VECTOR('',#9727,1.);
#9727 = DIRECTION('',(-0.151652327974,-1.683679062546E-17,0.988433898356
    ));
#9728 = ORIENTED_EDGE('',*,*,#9729,.T.);
#9729 = EDGE_CURVE('',#9722,#9730,#9732,.T.);
#9730 = VERTEX_POINT('',#9731);
#9731 = CARTESIAN_POINT('',(2.4,2.795,0.675));
#9732 = CIRCLE('',#9733,0.25);
#9733 = AXIS2_PLACEMENT_3D('',#9734,#9735,#9736);
#9734 = CARTESIAN_POINT('',(2.4,2.795,0.425));
#9735 = DIRECTION('',(1.110223024625E-16,-1.,0.));
#9736 = DIRECTION('',(0.984807753012,1.093356242223E-16,0.173648177667)
  );
#9737 = ORIENTED_EDGE('',*,*,#9738,.T.);
#9738 = EDGE_CURVE('',#9730,#4575,#9739,.T.);
#9739 = LINE('',#9740,#9741);
#9740 = CARTESIAN_POINT('',(2.4,2.795,0.675));
#9741 = VECTOR('',#9742,1.);
#9742 = DIRECTION('',(-1.,-1.110223024625E-16,0.));
#9743 = PLANE('',#9744);
#9744 = AXIS2_PLACEMENT_3D('',#9745,#9746,#9747);
#9745 = CARTESIAN_POINT('',(2.637203454365,2.795,0.317854565708));
#9746 = DIRECTION('',(1.110223024625E-16,-1.,0.));
#9747 = DIRECTION('',(0.,0.,1.));
#9748 = ADVANCED_FACE('',(#9749),#9765,.F.);
#9749 = FACE_BOUND('',#9750,.F.);
#9750 = EDGE_LOOP('',(#9751,#9757,#9758,#9764));
#9751 = ORIENTED_EDGE('',*,*,#9752,.F.);
#9752 = EDGE_CURVE('',#4575,#5743,#9753,.T.);
#9753 = LINE('',#9754,#9755);
#9754 = CARTESIAN_POINT('',(2.4,2.795,0.675));
#9755 = VECTOR('',#9756,1.);
#9756 = DIRECTION('',(-1.,-1.110223024625E-16,0.));
#9757 = ORIENTED_EDGE('',*,*,#4591,.T.);
#9758 = ORIENTED_EDGE('',*,*,#9759,.T.);
#9759 = EDGE_CURVE('',#4584,#5751,#9760,.T.);
#9760 = LINE('',#9761,#9762);
#9761 = CARTESIAN_POINT('',(2.4,2.405,0.675));
#9762 = VECTOR('',#9763,1.);
#9763 = DIRECTION('',(-1.,-1.110223024625E-16,0.));
#9764 = ORIENTED_EDGE('',*,*,#5750,.F.);
#9765 = PLANE('',#9766);
#9766 = AXIS2_PLACEMENT_3D('',#9767,#9768,#9769);
#9767 = CARTESIAN_POINT('',(-2.640908612089E-16,4.825,0.675));
#9768 = DIRECTION('',(-8.458391581173E-32,3.012014365389E-27,-1.));
#9769 = DIRECTION('',(1.,1.108771071988E-16,-8.45839158114E-32));
#9770 = ADVANCED_FACE('',(#9771),#9857,.F.);
#9771 = FACE_BOUND('',#9772,.F.);
#9772 = EDGE_LOOP('',(#9773,#9774,#9775,#9784,#9792,#9801,#9809,#9817,
    #9825,#9834,#9842,#9851));
#9773 = ORIENTED_EDGE('',*,*,#4583,.F.);
#9774 = ORIENTED_EDGE('',*,*,#4605,.T.);
#9775 = ORIENTED_EDGE('',*,*,#9776,.T.);
#9776 = EDGE_CURVE('',#4606,#9777,#9779,.T.);
#9777 = VERTEX_POINT('',#9778);
#9778 = CARTESIAN_POINT('',(2.498480775301,2.405,0.442364817767));
#9779 = CIRCLE('',#9780,0.1);
#9780 = AXIS2_PLACEMENT_3D('',#9781,#9782,#9783);
#9781 = CARTESIAN_POINT('',(2.4,2.405,0.425));
#9782 = DIRECTION('',(-1.110223024625E-16,1.,0.));
#9783 = DIRECTION('',(4.440892098501E-15,4.930380657631E-31,1.));
#9784 = ORIENTED_EDGE('',*,*,#9785,.T.);
#9785 = EDGE_CURVE('',#9777,#9786,#9788,.T.);
#9786 = VERTEX_POINT('',#9787);
#9787 = CARTESIAN_POINT('',(2.534655283371,2.405,0.206587955583));
#9788 = LINE('',#9789,#9790);
#9789 = CARTESIAN_POINT('',(2.498480775301,2.405,0.442364817767));
#9790 = VECTOR('',#9791,1.);
#9791 = DIRECTION('',(0.151652327974,1.683679062546E-17,-0.988433898356)
  );
#9792 = ORIENTED_EDGE('',*,*,#9793,.T.);
#9793 = EDGE_CURVE('',#9786,#9794,#9796,.T.);
#9794 = VERTEX_POINT('',#9795);
#9795 = CARTESIAN_POINT('',(2.780857221624,2.405,-1.665334536938E-16));
#9796 = CIRCLE('',#9797,0.25);
#9797 = AXIS2_PLACEMENT_3D('',#9798,#9799,#9800);
#9798 = CARTESIAN_POINT('',(2.780857221624,2.405,0.25));
#9799 = DIRECTION('',(1.110223024625E-16,-1.,0.));
#9800 = DIRECTION('',(-0.984807753012,-1.093356242223E-16,
    -0.173648177667));
#9801 = ORIENTED_EDGE('',*,*,#9802,.T.);
#9802 = EDGE_CURVE('',#9794,#9803,#9805,.T.);
#9803 = VERTEX_POINT('',#9804);
#9804 = CARTESIAN_POINT('',(3.2,2.405,-1.665334536938E-16));
#9805 = LINE('',#9806,#9807);
#9806 = CARTESIAN_POINT('',(2.780857221624,2.405,-1.665334536938E-16));
#9807 = VECTOR('',#9808,1.);
#9808 = DIRECTION('',(1.,1.110223024625E-16,0.));
#9809 = ORIENTED_EDGE('',*,*,#9810,.T.);
#9810 = EDGE_CURVE('',#9803,#9811,#9813,.T.);
#9811 = VERTEX_POINT('',#9812);
#9812 = CARTESIAN_POINT('',(3.2,2.405,0.15));
#9813 = LINE('',#9814,#9815);
#9814 = CARTESIAN_POINT('',(3.2,2.405,-1.665334536938E-16));
#9815 = VECTOR('',#9816,1.);
#9816 = DIRECTION('',(0.,0.,1.));
#9817 = ORIENTED_EDGE('',*,*,#9818,.T.);
#9818 = EDGE_CURVE('',#9811,#9819,#9821,.T.);
#9819 = VERTEX_POINT('',#9820);
#9820 = CARTESIAN_POINT('',(2.780857221624,2.405,0.15));
#9821 = LINE('',#9822,#9823);
#9822 = CARTESIAN_POINT('',(3.2,2.405,0.15));
#9823 = VECTOR('',#9824,1.);
#9824 = DIRECTION('',(-1.,-1.110223024625E-16,0.));
#9825 = ORIENTED_EDGE('',*,*,#9826,.T.);
#9826 = EDGE_CURVE('',#9819,#9827,#9829,.T.);
#9827 = VERTEX_POINT('',#9828);
#9828 = CARTESIAN_POINT('',(2.682376446323,2.405,0.232635182233));
#9829 = CIRCLE('',#9830,0.1);
#9830 = AXIS2_PLACEMENT_3D('',#9831,#9832,#9833);
#9831 = CARTESIAN_POINT('',(2.780857221624,2.405,0.25));
#9832 = DIRECTION('',(-1.110223024625E-16,1.,0.));
#9833 = DIRECTION('',(0.,0.,-1.));
#9834 = ORIENTED_EDGE('',*,*,#9835,.T.);
#9835 = EDGE_CURVE('',#9827,#9836,#9838,.T.);
#9836 = VERTEX_POINT('',#9837);
#9837 = CARTESIAN_POINT('',(2.646201938253,2.405,0.468412044417));
#9838 = LINE('',#9839,#9840);
#9839 = CARTESIAN_POINT('',(2.682376446323,2.405,0.232635182233));
#9840 = VECTOR('',#9841,1.);
#9841 = DIRECTION('',(-0.151652327974,-1.683679062546E-17,0.988433898356
    ));
#9842 = ORIENTED_EDGE('',*,*,#9843,.T.);
#9843 = EDGE_CURVE('',#9836,#9844,#9846,.T.);
#9844 = VERTEX_POINT('',#9845);
#9845 = CARTESIAN_POINT('',(2.4,2.405,0.675));
#9846 = CIRCLE('',#9847,0.25);
#9847 = AXIS2_PLACEMENT_3D('',#9848,#9849,#9850);
#9848 = CARTESIAN_POINT('',(2.4,2.405,0.425));
#9849 = DIRECTION('',(1.110223024625E-16,-1.,0.));
#9850 = DIRECTION('',(0.984807753012,1.093356242223E-16,0.173648177667)
  );
#9851 = ORIENTED_EDGE('',*,*,#9852,.T.);
#9852 = EDGE_CURVE('',#9844,#4584,#9853,.T.);
#9853 = LINE('',#9854,#9855);
#9854 = CARTESIAN_POINT('',(2.4,2.405,0.675));
#9855 = VECTOR('',#9856,1.);
#9856 = DIRECTION('',(-1.,-1.110223024625E-16,0.));
#9857 = PLANE('',#9858);
#9858 = AXIS2_PLACEMENT_3D('',#9859,#9860,#9861);
#9859 = CARTESIAN_POINT('',(2.637203454365,2.405,0.317854565708));
#9860 = DIRECTION('',(1.110223024625E-16,-1.,0.));
#9861 = DIRECTION('',(0.,0.,1.));
#9862 = ADVANCED_FACE('',(#9863),#9882,.F.);
#9863 = FACE_BOUND('',#9864,.F.);
#9864 = EDGE_LOOP('',(#9865,#9866,#9875,#9881));
#9865 = ORIENTED_EDGE('',*,*,#4622,.T.);
#9866 = ORIENTED_EDGE('',*,*,#9867,.T.);
#9867 = EDGE_CURVE('',#4615,#9868,#9870,.T.);
#9868 = VERTEX_POINT('',#9869);
#9869 = CARTESIAN_POINT('',(2.498480775301,2.145,0.442364817767));
#9870 = CIRCLE('',#9871,0.1);
#9871 = AXIS2_PLACEMENT_3D('',#9872,#9873,#9874);
#9872 = CARTESIAN_POINT('',(2.4,2.145,0.425));
#9873 = DIRECTION('',(-1.110223024625E-16,1.,0.));
#9874 = DIRECTION('',(4.440892098501E-15,4.930380657631E-31,1.));
#9875 = ORIENTED_EDGE('',*,*,#9876,.F.);
#9876 = EDGE_CURVE('',#9777,#9868,#9877,.T.);
#9877 = LINE('',#9878,#9879);
#9878 = CARTESIAN_POINT('',(2.498480775301,2.405,0.442364817767));
#9879 = VECTOR('',#9880,1.);
#9880 = DIRECTION('',(1.110223024625E-16,-1.,0.));
#9881 = ORIENTED_EDGE('',*,*,#9776,.F.);
#9882 = CYLINDRICAL_SURFACE('',#9883,0.1);
#9883 = AXIS2_PLACEMENT_3D('',#9884,#9885,#9886);
#9884 = CARTESIAN_POINT('',(2.4,2.405,0.425));
#9885 = DIRECTION('',(-1.110223024625E-16,1.,0.));
#9886 = DIRECTION('',(4.440892098501E-15,4.930380657631E-31,1.));
#9887 = ADVANCED_FACE('',(#9888),#9966,.T.);
#9888 = FACE_BOUND('',#9889,.T.);
#9889 = EDGE_LOOP('',(#9890,#9891,#9892,#9893,#9901,#9910,#9918,#9926,
    #9934,#9943,#9951,#9960));
#9890 = ORIENTED_EDGE('',*,*,#4636,.F.);
#9891 = ORIENTED_EDGE('',*,*,#4614,.T.);
#9892 = ORIENTED_EDGE('',*,*,#9867,.T.);
#9893 = ORIENTED_EDGE('',*,*,#9894,.T.);
#9894 = EDGE_CURVE('',#9868,#9895,#9897,.T.);
#9895 = VERTEX_POINT('',#9896);
#9896 = CARTESIAN_POINT('',(2.534655283371,2.145,0.206587955583));
#9897 = LINE('',#9898,#9899);
#9898 = CARTESIAN_POINT('',(2.498480775301,2.145,0.442364817767));
#9899 = VECTOR('',#9900,1.);
#9900 = DIRECTION('',(0.151652327974,1.683679062546E-17,-0.988433898356)
  );
#9901 = ORIENTED_EDGE('',*,*,#9902,.T.);
#9902 = EDGE_CURVE('',#9895,#9903,#9905,.T.);
#9903 = VERTEX_POINT('',#9904);
#9904 = CARTESIAN_POINT('',(2.780857221624,2.145,-1.665334536938E-16));
#9905 = CIRCLE('',#9906,0.25);
#9906 = AXIS2_PLACEMENT_3D('',#9907,#9908,#9909);
#9907 = CARTESIAN_POINT('',(2.780857221624,2.145,0.25));
#9908 = DIRECTION('',(1.110223024625E-16,-1.,0.));
#9909 = DIRECTION('',(-0.984807753012,-1.093356242223E-16,
    -0.173648177667));
#9910 = ORIENTED_EDGE('',*,*,#9911,.T.);
#9911 = EDGE_CURVE('',#9903,#9912,#9914,.T.);
#9912 = VERTEX_POINT('',#9913);
#9913 = CARTESIAN_POINT('',(3.2,2.145,-1.665334536938E-16));
#9914 = LINE('',#9915,#9916);
#9915 = CARTESIAN_POINT('',(2.780857221624,2.145,-1.665334536938E-16));
#9916 = VECTOR('',#9917,1.);
#9917 = DIRECTION('',(1.,1.110223024625E-16,0.));
#9918 = ORIENTED_EDGE('',*,*,#9919,.T.);
#9919 = EDGE_CURVE('',#9912,#9920,#9922,.T.);
#9920 = VERTEX_POINT('',#9921);
#9921 = CARTESIAN_POINT('',(3.2,2.145,0.15));
#9922 = LINE('',#9923,#9924);
#9923 = CARTESIAN_POINT('',(3.2,2.145,-1.665334536938E-16));
#9924 = VECTOR('',#9925,1.);
#9925 = DIRECTION('',(0.,0.,1.));
#9926 = ORIENTED_EDGE('',*,*,#9927,.T.);
#9927 = EDGE_CURVE('',#9920,#9928,#9930,.T.);
#9928 = VERTEX_POINT('',#9929);
#9929 = CARTESIAN_POINT('',(2.780857221624,2.145,0.15));
#9930 = LINE('',#9931,#9932);
#9931 = CARTESIAN_POINT('',(3.2,2.145,0.15));
#9932 = VECTOR('',#9933,1.);
#9933 = DIRECTION('',(-1.,-1.110223024625E-16,0.));
#9934 = ORIENTED_EDGE('',*,*,#9935,.T.);
#9935 = EDGE_CURVE('',#9928,#9936,#9938,.T.);
#9936 = VERTEX_POINT('',#9937);
#9937 = CARTESIAN_POINT('',(2.682376446323,2.145,0.232635182233));
#9938 = CIRCLE('',#9939,0.1);
#9939 = AXIS2_PLACEMENT_3D('',#9940,#9941,#9942);
#9940 = CARTESIAN_POINT('',(2.780857221624,2.145,0.25));
#9941 = DIRECTION('',(-1.110223024625E-16,1.,0.));
#9942 = DIRECTION('',(0.,0.,-1.));
#9943 = ORIENTED_EDGE('',*,*,#9944,.T.);
#9944 = EDGE_CURVE('',#9936,#9945,#9947,.T.);
#9945 = VERTEX_POINT('',#9946);
#9946 = CARTESIAN_POINT('',(2.646201938253,2.145,0.468412044417));
#9947 = LINE('',#9948,#9949);
#9948 = CARTESIAN_POINT('',(2.682376446323,2.145,0.232635182233));
#9949 = VECTOR('',#9950,1.);
#9950 = DIRECTION('',(-0.151652327974,-1.683679062546E-17,0.988433898356
    ));
#9951 = ORIENTED_EDGE('',*,*,#9952,.T.);
#9952 = EDGE_CURVE('',#9945,#9953,#9955,.T.);
#9953 = VERTEX_POINT('',#9954);
#9954 = CARTESIAN_POINT('',(2.4,2.145,0.675));
#9955 = CIRCLE('',#9956,0.25);
#9956 = AXIS2_PLACEMENT_3D('',#9957,#9958,#9959);
#9957 = CARTESIAN_POINT('',(2.4,2.145,0.425));
#9958 = DIRECTION('',(1.110223024625E-16,-1.,0.));
#9959 = DIRECTION('',(0.984807753012,1.093356242223E-16,0.173648177667)
  );
#9960 = ORIENTED_EDGE('',*,*,#9961,.T.);
#9961 = EDGE_CURVE('',#9953,#4637,#9962,.T.);
#9962 = LINE('',#9963,#9964);
#9963 = CARTESIAN_POINT('',(2.4,2.145,0.675));
#9964 = VECTOR('',#9965,1.);
#9965 = DIRECTION('',(-1.,-1.110223024625E-16,0.));
#9966 = PLANE('',#9967);
#9967 = AXIS2_PLACEMENT_3D('',#9968,#9969,#9970);
#9968 = CARTESIAN_POINT('',(2.637203454365,2.145,0.317854565708));
#9969 = DIRECTION('',(1.110223024625E-16,-1.,0.));
#9970 = DIRECTION('',(0.,0.,1.));
#9971 = ADVANCED_FACE('',(#9972),#9988,.F.);
#9972 = FACE_BOUND('',#9973,.F.);
#9973 = EDGE_LOOP('',(#9974,#9980,#9981,#9987));
#9974 = ORIENTED_EDGE('',*,*,#9975,.F.);
#9975 = EDGE_CURVE('',#4637,#5759,#9976,.T.);
#9976 = LINE('',#9977,#9978);
#9977 = CARTESIAN_POINT('',(2.4,2.145,0.675));
#9978 = VECTOR('',#9979,1.);
#9979 = DIRECTION('',(-1.,-1.110223024625E-16,0.));
#9980 = ORIENTED_EDGE('',*,*,#4653,.T.);
#9981 = ORIENTED_EDGE('',*,*,#9982,.T.);
#9982 = EDGE_CURVE('',#4646,#5767,#9983,.T.);
#9983 = LINE('',#9984,#9985);
#9984 = CARTESIAN_POINT('',(2.4,1.755,0.675));
#9985 = VECTOR('',#9986,1.);
#9986 = DIRECTION('',(-1.,-1.110223024625E-16,0.));
#9987 = ORIENTED_EDGE('',*,*,#5766,.F.);
#9988 = PLANE('',#9989);
#9989 = AXIS2_PLACEMENT_3D('',#9990,#9991,#9992);
#9990 = CARTESIAN_POINT('',(-2.640908612089E-16,4.825,0.675));
#9991 = DIRECTION('',(-8.458391581173E-32,3.012014365389E-27,-1.));
#9992 = DIRECTION('',(1.,1.108771071988E-16,-8.45839158114E-32));
#9993 = ADVANCED_FACE('',(#9994),#10080,.F.);
#9994 = FACE_BOUND('',#9995,.F.);
#9995 = EDGE_LOOP('',(#9996,#9997,#9998,#10007,#10015,#10024,#10032,
    #10040,#10048,#10057,#10065,#10074));
#9996 = ORIENTED_EDGE('',*,*,#4645,.F.);
#9997 = ORIENTED_EDGE('',*,*,#4667,.T.);
#9998 = ORIENTED_EDGE('',*,*,#9999,.T.);
#9999 = EDGE_CURVE('',#4668,#10000,#10002,.T.);
#10000 = VERTEX_POINT('',#10001);
#10001 = CARTESIAN_POINT('',(2.498480775301,1.755,0.442364817767));
#10002 = CIRCLE('',#10003,0.1);
#10003 = AXIS2_PLACEMENT_3D('',#10004,#10005,#10006);
#10004 = CARTESIAN_POINT('',(2.4,1.755,0.425));
#10005 = DIRECTION('',(-1.110223024625E-16,1.,0.));
#10006 = DIRECTION('',(4.440892098501E-15,4.930380657631E-31,1.));
#10007 = ORIENTED_EDGE('',*,*,#10008,.T.);
#10008 = EDGE_CURVE('',#10000,#10009,#10011,.T.);
#10009 = VERTEX_POINT('',#10010);
#10010 = CARTESIAN_POINT('',(2.534655283371,1.755,0.206587955583));
#10011 = LINE('',#10012,#10013);
#10012 = CARTESIAN_POINT('',(2.498480775301,1.755,0.442364817767));
#10013 = VECTOR('',#10014,1.);
#10014 = DIRECTION('',(0.151652327974,1.683679062546E-17,-0.988433898356
    ));
#10015 = ORIENTED_EDGE('',*,*,#10016,.T.);
#10016 = EDGE_CURVE('',#10009,#10017,#10019,.T.);
#10017 = VERTEX_POINT('',#10018);
#10018 = CARTESIAN_POINT('',(2.780857221624,1.755,-1.665334536938E-16));
#10019 = CIRCLE('',#10020,0.25);
#10020 = AXIS2_PLACEMENT_3D('',#10021,#10022,#10023);
#10021 = CARTESIAN_POINT('',(2.780857221624,1.755,0.25));
#10022 = DIRECTION('',(1.110223024625E-16,-1.,0.));
#10023 = DIRECTION('',(-0.984807753012,-1.093356242223E-16,
    -0.173648177667));
#10024 = ORIENTED_EDGE('',*,*,#10025,.T.);
#10025 = EDGE_CURVE('',#10017,#10026,#10028,.T.);
#10026 = VERTEX_POINT('',#10027);
#10027 = CARTESIAN_POINT('',(3.2,1.755,-1.665334536938E-16));
#10028 = LINE('',#10029,#10030);
#10029 = CARTESIAN_POINT('',(2.780857221624,1.755,-1.665334536938E-16));
#10030 = VECTOR('',#10031,1.);
#10031 = DIRECTION('',(1.,1.110223024625E-16,0.));
#10032 = ORIENTED_EDGE('',*,*,#10033,.T.);
#10033 = EDGE_CURVE('',#10026,#10034,#10036,.T.);
#10034 = VERTEX_POINT('',#10035);
#10035 = CARTESIAN_POINT('',(3.2,1.755,0.15));
#10036 = LINE('',#10037,#10038);
#10037 = CARTESIAN_POINT('',(3.2,1.755,-1.665334536938E-16));
#10038 = VECTOR('',#10039,1.);
#10039 = DIRECTION('',(0.,0.,1.));
#10040 = ORIENTED_EDGE('',*,*,#10041,.T.);
#10041 = EDGE_CURVE('',#10034,#10042,#10044,.T.);
#10042 = VERTEX_POINT('',#10043);
#10043 = CARTESIAN_POINT('',(2.780857221624,1.755,0.15));
#10044 = LINE('',#10045,#10046);
#10045 = CARTESIAN_POINT('',(3.2,1.755,0.15));
#10046 = VECTOR('',#10047,1.);
#10047 = DIRECTION('',(-1.,-1.110223024625E-16,0.));
#10048 = ORIENTED_EDGE('',*,*,#10049,.T.);
#10049 = EDGE_CURVE('',#10042,#10050,#10052,.T.);
#10050 = VERTEX_POINT('',#10051);
#10051 = CARTESIAN_POINT('',(2.682376446323,1.755,0.232635182233));
#10052 = CIRCLE('',#10053,0.1);
#10053 = AXIS2_PLACEMENT_3D('',#10054,#10055,#10056);
#10054 = CARTESIAN_POINT('',(2.780857221624,1.755,0.25));
#10055 = DIRECTION('',(-1.110223024625E-16,1.,0.));
#10056 = DIRECTION('',(0.,0.,-1.));
#10057 = ORIENTED_EDGE('',*,*,#10058,.T.);
#10058 = EDGE_CURVE('',#10050,#10059,#10061,.T.);
#10059 = VERTEX_POINT('',#10060);
#10060 = CARTESIAN_POINT('',(2.646201938253,1.755,0.468412044417));
#10061 = LINE('',#10062,#10063);
#10062 = CARTESIAN_POINT('',(2.682376446323,1.755,0.232635182233));
#10063 = VECTOR('',#10064,1.);
#10064 = DIRECTION('',(-0.151652327974,-1.683679062546E-17,
    0.988433898356));
#10065 = ORIENTED_EDGE('',*,*,#10066,.T.);
#10066 = EDGE_CURVE('',#10059,#10067,#10069,.T.);
#10067 = VERTEX_POINT('',#10068);
#10068 = CARTESIAN_POINT('',(2.4,1.755,0.675));
#10069 = CIRCLE('',#10070,0.25);
#10070 = AXIS2_PLACEMENT_3D('',#10071,#10072,#10073);
#10071 = CARTESIAN_POINT('',(2.4,1.755,0.425));
#10072 = DIRECTION('',(1.110223024625E-16,-1.,0.));
#10073 = DIRECTION('',(0.984807753012,1.093356242223E-16,0.173648177667)
  );
#10074 = ORIENTED_EDGE('',*,*,#10075,.T.);
#10075 = EDGE_CURVE('',#10067,#4646,#10076,.T.);
#10076 = LINE('',#10077,#10078);
#10077 = CARTESIAN_POINT('',(2.4,1.755,0.675));
#10078 = VECTOR('',#10079,1.);
#10079 = DIRECTION('',(-1.,-1.110223024625E-16,0.));
#10080 = PLANE('',#10081);
#10081 = AXIS2_PLACEMENT_3D('',#10082,#10083,#10084);
#10082 = CARTESIAN_POINT('',(2.637203454365,1.755,0.317854565708));
#10083 = DIRECTION('',(1.110223024625E-16,-1.,0.));
#10084 = DIRECTION('',(0.,0.,1.));
#10085 = ADVANCED_FACE('',(#10086),#10105,.F.);
#10086 = FACE_BOUND('',#10087,.F.);
#10087 = EDGE_LOOP('',(#10088,#10089,#10098,#10104));
#10088 = ORIENTED_EDGE('',*,*,#4684,.T.);
#10089 = ORIENTED_EDGE('',*,*,#10090,.T.);
#10090 = EDGE_CURVE('',#4677,#10091,#10093,.T.);
#10091 = VERTEX_POINT('',#10092);
#10092 = CARTESIAN_POINT('',(2.498480775301,1.495,0.442364817767));
#10093 = CIRCLE('',#10094,0.1);
#10094 = AXIS2_PLACEMENT_3D('',#10095,#10096,#10097);
#10095 = CARTESIAN_POINT('',(2.4,1.495,0.425));
#10096 = DIRECTION('',(-1.110223024625E-16,1.,0.));
#10097 = DIRECTION('',(4.440892098501E-15,4.930380657631E-31,1.));
#10098 = ORIENTED_EDGE('',*,*,#10099,.F.);
#10099 = EDGE_CURVE('',#10000,#10091,#10100,.T.);
#10100 = LINE('',#10101,#10102);
#10101 = CARTESIAN_POINT('',(2.498480775301,1.755,0.442364817767));
#10102 = VECTOR('',#10103,1.);
#10103 = DIRECTION('',(1.110223024625E-16,-1.,0.));
#10104 = ORIENTED_EDGE('',*,*,#9999,.F.);
#10105 = CYLINDRICAL_SURFACE('',#10106,0.1);
#10106 = AXIS2_PLACEMENT_3D('',#10107,#10108,#10109);
#10107 = CARTESIAN_POINT('',(2.4,1.755,0.425));
#10108 = DIRECTION('',(-1.110223024625E-16,1.,0.));
#10109 = DIRECTION('',(4.440892098501E-15,4.930380657631E-31,1.));
#10110 = ADVANCED_FACE('',(#10111),#10189,.T.);
#10111 = FACE_BOUND('',#10112,.T.);
#10112 = EDGE_LOOP('',(#10113,#10114,#10115,#10116,#10124,#10133,#10141,
    #10149,#10157,#10166,#10174,#10183));
#10113 = ORIENTED_EDGE('',*,*,#4698,.F.);
#10114 = ORIENTED_EDGE('',*,*,#4676,.T.);
#10115 = ORIENTED_EDGE('',*,*,#10090,.T.);
#10116 = ORIENTED_EDGE('',*,*,#10117,.T.);
#10117 = EDGE_CURVE('',#10091,#10118,#10120,.T.);
#10118 = VERTEX_POINT('',#10119);
#10119 = CARTESIAN_POINT('',(2.534655283371,1.495,0.206587955583));
#10120 = LINE('',#10121,#10122);
#10121 = CARTESIAN_POINT('',(2.498480775301,1.495,0.442364817767));
#10122 = VECTOR('',#10123,1.);
#10123 = DIRECTION('',(0.151652327974,1.683679062546E-17,-0.988433898356
    ));
#10124 = ORIENTED_EDGE('',*,*,#10125,.T.);
#10125 = EDGE_CURVE('',#10118,#10126,#10128,.T.);
#10126 = VERTEX_POINT('',#10127);
#10127 = CARTESIAN_POINT('',(2.780857221624,1.495,-1.665334536938E-16));
#10128 = CIRCLE('',#10129,0.25);
#10129 = AXIS2_PLACEMENT_3D('',#10130,#10131,#10132);
#10130 = CARTESIAN_POINT('',(2.780857221624,1.495,0.25));
#10131 = DIRECTION('',(1.110223024625E-16,-1.,0.));
#10132 = DIRECTION('',(-0.984807753012,-1.093356242223E-16,
    -0.173648177667));
#10133 = ORIENTED_EDGE('',*,*,#10134,.T.);
#10134 = EDGE_CURVE('',#10126,#10135,#10137,.T.);
#10135 = VERTEX_POINT('',#10136);
#10136 = CARTESIAN_POINT('',(3.2,1.495,-1.665334536938E-16));
#10137 = LINE('',#10138,#10139);
#10138 = CARTESIAN_POINT('',(2.780857221624,1.495,-1.665334536938E-16));
#10139 = VECTOR('',#10140,1.);
#10140 = DIRECTION('',(1.,1.110223024625E-16,0.));
#10141 = ORIENTED_EDGE('',*,*,#10142,.T.);
#10142 = EDGE_CURVE('',#10135,#10143,#10145,.T.);
#10143 = VERTEX_POINT('',#10144);
#10144 = CARTESIAN_POINT('',(3.2,1.495,0.15));
#10145 = LINE('',#10146,#10147);
#10146 = CARTESIAN_POINT('',(3.2,1.495,-1.665334536938E-16));
#10147 = VECTOR('',#10148,1.);
#10148 = DIRECTION('',(0.,0.,1.));
#10149 = ORIENTED_EDGE('',*,*,#10150,.T.);
#10150 = EDGE_CURVE('',#10143,#10151,#10153,.T.);
#10151 = VERTEX_POINT('',#10152);
#10152 = CARTESIAN_POINT('',(2.780857221624,1.495,0.15));
#10153 = LINE('',#10154,#10155);
#10154 = CARTESIAN_POINT('',(3.2,1.495,0.15));
#10155 = VECTOR('',#10156,1.);
#10156 = DIRECTION('',(-1.,-1.110223024625E-16,0.));
#10157 = ORIENTED_EDGE('',*,*,#10158,.T.);
#10158 = EDGE_CURVE('',#10151,#10159,#10161,.T.);
#10159 = VERTEX_POINT('',#10160);
#10160 = CARTESIAN_POINT('',(2.682376446323,1.495,0.232635182233));
#10161 = CIRCLE('',#10162,0.1);
#10162 = AXIS2_PLACEMENT_3D('',#10163,#10164,#10165);
#10163 = CARTESIAN_POINT('',(2.780857221624,1.495,0.25));
#10164 = DIRECTION('',(-1.110223024625E-16,1.,0.));
#10165 = DIRECTION('',(0.,0.,-1.));
#10166 = ORIENTED_EDGE('',*,*,#10167,.T.);
#10167 = EDGE_CURVE('',#10159,#10168,#10170,.T.);
#10168 = VERTEX_POINT('',#10169);
#10169 = CARTESIAN_POINT('',(2.646201938253,1.495,0.468412044417));
#10170 = LINE('',#10171,#10172);
#10171 = CARTESIAN_POINT('',(2.682376446323,1.495,0.232635182233));
#10172 = VECTOR('',#10173,1.);
#10173 = DIRECTION('',(-0.151652327974,-1.683679062546E-17,
    0.988433898356));
#10174 = ORIENTED_EDGE('',*,*,#10175,.T.);
#10175 = EDGE_CURVE('',#10168,#10176,#10178,.T.);
#10176 = VERTEX_POINT('',#10177);
#10177 = CARTESIAN_POINT('',(2.4,1.495,0.675));
#10178 = CIRCLE('',#10179,0.25);
#10179 = AXIS2_PLACEMENT_3D('',#10180,#10181,#10182);
#10180 = CARTESIAN_POINT('',(2.4,1.495,0.425));
#10181 = DIRECTION('',(1.110223024625E-16,-1.,0.));
#10182 = DIRECTION('',(0.984807753012,1.093356242223E-16,0.173648177667)
  );
#10183 = ORIENTED_EDGE('',*,*,#10184,.T.);
#10184 = EDGE_CURVE('',#10176,#4699,#10185,.T.);
#10185 = LINE('',#10186,#10187);
#10186 = CARTESIAN_POINT('',(2.4,1.495,0.675));
#10187 = VECTOR('',#10188,1.);
#10188 = DIRECTION('',(-1.,-1.110223024625E-16,0.));
#10189 = PLANE('',#10190);
#10190 = AXIS2_PLACEMENT_3D('',#10191,#10192,#10193);
#10191 = CARTESIAN_POINT('',(2.637203454365,1.495,0.317854565708));
#10192 = DIRECTION('',(1.110223024625E-16,-1.,0.));
#10193 = DIRECTION('',(0.,0.,1.));
#10194 = ADVANCED_FACE('',(#10195),#10211,.F.);
#10195 = FACE_BOUND('',#10196,.F.);
#10196 = EDGE_LOOP('',(#10197,#10203,#10204,#10210));
#10197 = ORIENTED_EDGE('',*,*,#10198,.F.);
#10198 = EDGE_CURVE('',#4699,#5775,#10199,.T.);
#10199 = LINE('',#10200,#10201);
#10200 = CARTESIAN_POINT('',(2.4,1.495,0.675));
#10201 = VECTOR('',#10202,1.);
#10202 = DIRECTION('',(-1.,-1.110223024625E-16,0.));
#10203 = ORIENTED_EDGE('',*,*,#4715,.T.);
#10204 = ORIENTED_EDGE('',*,*,#10205,.T.);
#10205 = EDGE_CURVE('',#4708,#5783,#10206,.T.);
#10206 = LINE('',#10207,#10208);
#10207 = CARTESIAN_POINT('',(2.4,1.105,0.675));
#10208 = VECTOR('',#10209,1.);
#10209 = DIRECTION('',(-1.,-1.110223024625E-16,0.));
#10210 = ORIENTED_EDGE('',*,*,#5782,.F.);
#10211 = PLANE('',#10212);
#10212 = AXIS2_PLACEMENT_3D('',#10213,#10214,#10215);
#10213 = CARTESIAN_POINT('',(-2.640908612089E-16,4.825,0.675));
#10214 = DIRECTION('',(-8.458391581173E-32,3.012014365389E-27,-1.));
#10215 = DIRECTION('',(1.,1.108771071988E-16,-8.45839158114E-32));
#10216 = ADVANCED_FACE('',(#10217),#10303,.F.);
#10217 = FACE_BOUND('',#10218,.F.);
#10218 = EDGE_LOOP('',(#10219,#10220,#10221,#10230,#10238,#10247,#10255,
    #10263,#10271,#10280,#10288,#10297));
#10219 = ORIENTED_EDGE('',*,*,#4707,.F.);
#10220 = ORIENTED_EDGE('',*,*,#4729,.T.);
#10221 = ORIENTED_EDGE('',*,*,#10222,.T.);
#10222 = EDGE_CURVE('',#4730,#10223,#10225,.T.);
#10223 = VERTEX_POINT('',#10224);
#10224 = CARTESIAN_POINT('',(2.498480775301,1.105,0.442364817767));
#10225 = CIRCLE('',#10226,0.1);
#10226 = AXIS2_PLACEMENT_3D('',#10227,#10228,#10229);
#10227 = CARTESIAN_POINT('',(2.4,1.105,0.425));
#10228 = DIRECTION('',(-1.110223024625E-16,1.,0.));
#10229 = DIRECTION('',(4.440892098501E-15,4.930380657631E-31,1.));
#10230 = ORIENTED_EDGE('',*,*,#10231,.T.);
#10231 = EDGE_CURVE('',#10223,#10232,#10234,.T.);
#10232 = VERTEX_POINT('',#10233);
#10233 = CARTESIAN_POINT('',(2.534655283371,1.105,0.206587955583));
#10234 = LINE('',#10235,#10236);
#10235 = CARTESIAN_POINT('',(2.498480775301,1.105,0.442364817767));
#10236 = VECTOR('',#10237,1.);
#10237 = DIRECTION('',(0.151652327974,1.683679062546E-17,-0.988433898356
    ));
#10238 = ORIENTED_EDGE('',*,*,#10239,.T.);
#10239 = EDGE_CURVE('',#10232,#10240,#10242,.T.);
#10240 = VERTEX_POINT('',#10241);
#10241 = CARTESIAN_POINT('',(2.780857221624,1.105,-1.665334536938E-16));
#10242 = CIRCLE('',#10243,0.25);
#10243 = AXIS2_PLACEMENT_3D('',#10244,#10245,#10246);
#10244 = CARTESIAN_POINT('',(2.780857221624,1.105,0.25));
#10245 = DIRECTION('',(1.110223024625E-16,-1.,0.));
#10246 = DIRECTION('',(-0.984807753012,-1.093356242223E-16,
    -0.173648177667));
#10247 = ORIENTED_EDGE('',*,*,#10248,.T.);
#10248 = EDGE_CURVE('',#10240,#10249,#10251,.T.);
#10249 = VERTEX_POINT('',#10250);
#10250 = CARTESIAN_POINT('',(3.2,1.105,-1.665334536938E-16));
#10251 = LINE('',#10252,#10253);
#10252 = CARTESIAN_POINT('',(2.780857221624,1.105,-1.665334536938E-16));
#10253 = VECTOR('',#10254,1.);
#10254 = DIRECTION('',(1.,1.110223024625E-16,0.));
#10255 = ORIENTED_EDGE('',*,*,#10256,.T.);
#10256 = EDGE_CURVE('',#10249,#10257,#10259,.T.);
#10257 = VERTEX_POINT('',#10258);
#10258 = CARTESIAN_POINT('',(3.2,1.105,0.15));
#10259 = LINE('',#10260,#10261);
#10260 = CARTESIAN_POINT('',(3.2,1.105,-1.665334536938E-16));
#10261 = VECTOR('',#10262,1.);
#10262 = DIRECTION('',(0.,0.,1.));
#10263 = ORIENTED_EDGE('',*,*,#10264,.T.);
#10264 = EDGE_CURVE('',#10257,#10265,#10267,.T.);
#10265 = VERTEX_POINT('',#10266);
#10266 = CARTESIAN_POINT('',(2.780857221624,1.105,0.15));
#10267 = LINE('',#10268,#10269);
#10268 = CARTESIAN_POINT('',(3.2,1.105,0.15));
#10269 = VECTOR('',#10270,1.);
#10270 = DIRECTION('',(-1.,-1.110223024625E-16,0.));
#10271 = ORIENTED_EDGE('',*,*,#10272,.T.);
#10272 = EDGE_CURVE('',#10265,#10273,#10275,.T.);
#10273 = VERTEX_POINT('',#10274);
#10274 = CARTESIAN_POINT('',(2.682376446323,1.105,0.232635182233));
#10275 = CIRCLE('',#10276,0.1);
#10276 = AXIS2_PLACEMENT_3D('',#10277,#10278,#10279);
#10277 = CARTESIAN_POINT('',(2.780857221624,1.105,0.25));
#10278 = DIRECTION('',(-1.110223024625E-16,1.,0.));
#10279 = DIRECTION('',(0.,0.,-1.));
#10280 = ORIENTED_EDGE('',*,*,#10281,.T.);
#10281 = EDGE_CURVE('',#10273,#10282,#10284,.T.);
#10282 = VERTEX_POINT('',#10283);
#10283 = CARTESIAN_POINT('',(2.646201938253,1.105,0.468412044417));
#10284 = LINE('',#10285,#10286);
#10285 = CARTESIAN_POINT('',(2.682376446323,1.105,0.232635182233));
#10286 = VECTOR('',#10287,1.);
#10287 = DIRECTION('',(-0.151652327974,-1.683679062546E-17,
    0.988433898356));
#10288 = ORIENTED_EDGE('',*,*,#10289,.T.);
#10289 = EDGE_CURVE('',#10282,#10290,#10292,.T.);
#10290 = VERTEX_POINT('',#10291);
#10291 = CARTESIAN_POINT('',(2.4,1.105,0.675));
#10292 = CIRCLE('',#10293,0.25);
#10293 = AXIS2_PLACEMENT_3D('',#10294,#10295,#10296);
#10294 = CARTESIAN_POINT('',(2.4,1.105,0.425));
#10295 = DIRECTION('',(1.110223024625E-16,-1.,0.));
#10296 = DIRECTION('',(0.984807753012,1.093356242223E-16,0.173648177667)
  );
#10297 = ORIENTED_EDGE('',*,*,#10298,.T.);
#10298 = EDGE_CURVE('',#10290,#4708,#10299,.T.);
#10299 = LINE('',#10300,#10301);
#10300 = CARTESIAN_POINT('',(2.4,1.105,0.675));
#10301 = VECTOR('',#10302,1.);
#10302 = DIRECTION('',(-1.,-1.110223024625E-16,0.));
#10303 = PLANE('',#10304);
#10304 = AXIS2_PLACEMENT_3D('',#10305,#10306,#10307);
#10305 = CARTESIAN_POINT('',(2.637203454365,1.105,0.317854565708));
#10306 = DIRECTION('',(1.110223024625E-16,-1.,0.));
#10307 = DIRECTION('',(0.,0.,1.));
#10308 = ADVANCED_FACE('',(#10309),#10328,.F.);
#10309 = FACE_BOUND('',#10310,.F.);
#10310 = EDGE_LOOP('',(#10311,#10312,#10321,#10327));
#10311 = ORIENTED_EDGE('',*,*,#4746,.T.);
#10312 = ORIENTED_EDGE('',*,*,#10313,.T.);
#10313 = EDGE_CURVE('',#4739,#10314,#10316,.T.);
#10314 = VERTEX_POINT('',#10315);
#10315 = CARTESIAN_POINT('',(2.498480775301,0.845,0.442364817767));
#10316 = CIRCLE('',#10317,0.1);
#10317 = AXIS2_PLACEMENT_3D('',#10318,#10319,#10320);
#10318 = CARTESIAN_POINT('',(2.4,0.845,0.425));
#10319 = DIRECTION('',(-1.110223024625E-16,1.,0.));
#10320 = DIRECTION('',(4.440892098501E-15,4.930380657631E-31,1.));
#10321 = ORIENTED_EDGE('',*,*,#10322,.F.);
#10322 = EDGE_CURVE('',#10223,#10314,#10323,.T.);
#10323 = LINE('',#10324,#10325);
#10324 = CARTESIAN_POINT('',(2.498480775301,1.105,0.442364817767));
#10325 = VECTOR('',#10326,1.);
#10326 = DIRECTION('',(1.110223024625E-16,-1.,0.));
#10327 = ORIENTED_EDGE('',*,*,#10222,.F.);
#10328 = CYLINDRICAL_SURFACE('',#10329,0.1);
#10329 = AXIS2_PLACEMENT_3D('',#10330,#10331,#10332);
#10330 = CARTESIAN_POINT('',(2.4,1.105,0.425));
#10331 = DIRECTION('',(-1.110223024625E-16,1.,0.));
#10332 = DIRECTION('',(4.440892098501E-15,4.930380657631E-31,1.));
#10333 = ADVANCED_FACE('',(#10334),#10412,.T.);
#10334 = FACE_BOUND('',#10335,.T.);
#10335 = EDGE_LOOP('',(#10336,#10337,#10338,#10339,#10347,#10356,#10364,
    #10372,#10380,#10389,#10397,#10406));
#10336 = ORIENTED_EDGE('',*,*,#4760,.F.);
#10337 = ORIENTED_EDGE('',*,*,#4738,.T.);
#10338 = ORIENTED_EDGE('',*,*,#10313,.T.);
#10339 = ORIENTED_EDGE('',*,*,#10340,.T.);
#10340 = EDGE_CURVE('',#10314,#10341,#10343,.T.);
#10341 = VERTEX_POINT('',#10342);
#10342 = CARTESIAN_POINT('',(2.534655283371,0.845,0.206587955583));
#10343 = LINE('',#10344,#10345);
#10344 = CARTESIAN_POINT('',(2.498480775301,0.845,0.442364817767));
#10345 = VECTOR('',#10346,1.);
#10346 = DIRECTION('',(0.151652327974,1.683679062546E-17,-0.988433898356
    ));
#10347 = ORIENTED_EDGE('',*,*,#10348,.T.);
#10348 = EDGE_CURVE('',#10341,#10349,#10351,.T.);
#10349 = VERTEX_POINT('',#10350);
#10350 = CARTESIAN_POINT('',(2.780857221624,0.845,-1.665334536938E-16));
#10351 = CIRCLE('',#10352,0.25);
#10352 = AXIS2_PLACEMENT_3D('',#10353,#10354,#10355);
#10353 = CARTESIAN_POINT('',(2.780857221624,0.845,0.25));
#10354 = DIRECTION('',(1.110223024625E-16,-1.,0.));
#10355 = DIRECTION('',(-0.984807753012,-1.093356242223E-16,
    -0.173648177667));
#10356 = ORIENTED_EDGE('',*,*,#10357,.T.);
#10357 = EDGE_CURVE('',#10349,#10358,#10360,.T.);
#10358 = VERTEX_POINT('',#10359);
#10359 = CARTESIAN_POINT('',(3.2,0.845,-1.665334536938E-16));
#10360 = LINE('',#10361,#10362);
#10361 = CARTESIAN_POINT('',(2.780857221624,0.845,-1.665334536938E-16));
#10362 = VECTOR('',#10363,1.);
#10363 = DIRECTION('',(1.,1.110223024625E-16,0.));
#10364 = ORIENTED_EDGE('',*,*,#10365,.T.);
#10365 = EDGE_CURVE('',#10358,#10366,#10368,.T.);
#10366 = VERTEX_POINT('',#10367);
#10367 = CARTESIAN_POINT('',(3.2,0.845,0.15));
#10368 = LINE('',#10369,#10370);
#10369 = CARTESIAN_POINT('',(3.2,0.845,-1.665334536938E-16));
#10370 = VECTOR('',#10371,1.);
#10371 = DIRECTION('',(0.,0.,1.));
#10372 = ORIENTED_EDGE('',*,*,#10373,.T.);
#10373 = EDGE_CURVE('',#10366,#10374,#10376,.T.);
#10374 = VERTEX_POINT('',#10375);
#10375 = CARTESIAN_POINT('',(2.780857221624,0.845,0.15));
#10376 = LINE('',#10377,#10378);
#10377 = CARTESIAN_POINT('',(3.2,0.845,0.15));
#10378 = VECTOR('',#10379,1.);
#10379 = DIRECTION('',(-1.,-1.110223024625E-16,0.));
#10380 = ORIENTED_EDGE('',*,*,#10381,.T.);
#10381 = EDGE_CURVE('',#10374,#10382,#10384,.T.);
#10382 = VERTEX_POINT('',#10383);
#10383 = CARTESIAN_POINT('',(2.682376446323,0.845,0.232635182233));
#10384 = CIRCLE('',#10385,0.1);
#10385 = AXIS2_PLACEMENT_3D('',#10386,#10387,#10388);
#10386 = CARTESIAN_POINT('',(2.780857221624,0.845,0.25));
#10387 = DIRECTION('',(-1.110223024625E-16,1.,0.));
#10388 = DIRECTION('',(0.,0.,-1.));
#10389 = ORIENTED_EDGE('',*,*,#10390,.T.);
#10390 = EDGE_CURVE('',#10382,#10391,#10393,.T.);
#10391 = VERTEX_POINT('',#10392);
#10392 = CARTESIAN_POINT('',(2.646201938253,0.845,0.468412044417));
#10393 = LINE('',#10394,#10395);
#10394 = CARTESIAN_POINT('',(2.682376446323,0.845,0.232635182233));
#10395 = VECTOR('',#10396,1.);
#10396 = DIRECTION('',(-0.151652327974,-1.683679062546E-17,
    0.988433898356));
#10397 = ORIENTED_EDGE('',*,*,#10398,.T.);
#10398 = EDGE_CURVE('',#10391,#10399,#10401,.T.);
#10399 = VERTEX_POINT('',#10400);
#10400 = CARTESIAN_POINT('',(2.4,0.845,0.675));
#10401 = CIRCLE('',#10402,0.25);
#10402 = AXIS2_PLACEMENT_3D('',#10403,#10404,#10405);
#10403 = CARTESIAN_POINT('',(2.4,0.845,0.425));
#10404 = DIRECTION('',(1.110223024625E-16,-1.,0.));
#10405 = DIRECTION('',(0.984807753012,1.093356242223E-16,0.173648177667)
  );
#10406 = ORIENTED_EDGE('',*,*,#10407,.T.);
#10407 = EDGE_CURVE('',#10399,#4761,#10408,.T.);
#10408 = LINE('',#10409,#10410);
#10409 = CARTESIAN_POINT('',(2.4,0.845,0.675));
#10410 = VECTOR('',#10411,1.);
#10411 = DIRECTION('',(-1.,-1.110223024625E-16,0.));
#10412 = PLANE('',#10413);
#10413 = AXIS2_PLACEMENT_3D('',#10414,#10415,#10416);
#10414 = CARTESIAN_POINT('',(2.637203454365,0.845,0.317854565708));
#10415 = DIRECTION('',(1.110223024625E-16,-1.,0.));
#10416 = DIRECTION('',(0.,0.,1.));
#10417 = ADVANCED_FACE('',(#10418),#10434,.F.);
#10418 = FACE_BOUND('',#10419,.F.);
#10419 = EDGE_LOOP('',(#10420,#10426,#10427,#10433));
#10420 = ORIENTED_EDGE('',*,*,#10421,.F.);
#10421 = EDGE_CURVE('',#4761,#5791,#10422,.T.);
#10422 = LINE('',#10423,#10424);
#10423 = CARTESIAN_POINT('',(2.4,0.845,0.675));
#10424 = VECTOR('',#10425,1.);
#10425 = DIRECTION('',(-1.,-1.110223024625E-16,0.));
#10426 = ORIENTED_EDGE('',*,*,#4777,.T.);
#10427 = ORIENTED_EDGE('',*,*,#10428,.T.);
#10428 = EDGE_CURVE('',#4770,#5799,#10429,.T.);
#10429 = LINE('',#10430,#10431);
#10430 = CARTESIAN_POINT('',(2.4,0.455,0.675));
#10431 = VECTOR('',#10432,1.);
#10432 = DIRECTION('',(-1.,-1.110223024625E-16,0.));
#10433 = ORIENTED_EDGE('',*,*,#5798,.F.);
#10434 = PLANE('',#10435);
#10435 = AXIS2_PLACEMENT_3D('',#10436,#10437,#10438);
#10436 = CARTESIAN_POINT('',(-2.640908612089E-16,4.825,0.675));
#10437 = DIRECTION('',(-8.458391581173E-32,3.012014365389E-27,-1.));
#10438 = DIRECTION('',(1.,1.108771071988E-16,-8.45839158114E-32));
#10439 = ADVANCED_FACE('',(#10440),#10526,.F.);
#10440 = FACE_BOUND('',#10441,.F.);
#10441 = EDGE_LOOP('',(#10442,#10443,#10444,#10453,#10461,#10470,#10478,
    #10486,#10494,#10503,#10511,#10520));
#10442 = ORIENTED_EDGE('',*,*,#4769,.F.);
#10443 = ORIENTED_EDGE('',*,*,#4791,.T.);
#10444 = ORIENTED_EDGE('',*,*,#10445,.T.);
#10445 = EDGE_CURVE('',#4792,#10446,#10448,.T.);
#10446 = VERTEX_POINT('',#10447);
#10447 = CARTESIAN_POINT('',(2.498480775301,0.455,0.442364817767));
#10448 = CIRCLE('',#10449,0.1);
#10449 = AXIS2_PLACEMENT_3D('',#10450,#10451,#10452);
#10450 = CARTESIAN_POINT('',(2.4,0.455,0.425));
#10451 = DIRECTION('',(-1.110223024625E-16,1.,0.));
#10452 = DIRECTION('',(4.440892098501E-15,4.930380657631E-31,1.));
#10453 = ORIENTED_EDGE('',*,*,#10454,.T.);
#10454 = EDGE_CURVE('',#10446,#10455,#10457,.T.);
#10455 = VERTEX_POINT('',#10456);
#10456 = CARTESIAN_POINT('',(2.534655283371,0.455,0.206587955583));
#10457 = LINE('',#10458,#10459);
#10458 = CARTESIAN_POINT('',(2.498480775301,0.455,0.442364817767));
#10459 = VECTOR('',#10460,1.);
#10460 = DIRECTION('',(0.151652327974,1.683679062546E-17,-0.988433898356
    ));
#10461 = ORIENTED_EDGE('',*,*,#10462,.T.);
#10462 = EDGE_CURVE('',#10455,#10463,#10465,.T.);
#10463 = VERTEX_POINT('',#10464);
#10464 = CARTESIAN_POINT('',(2.780857221624,0.455,-1.665334536938E-16));
#10465 = CIRCLE('',#10466,0.25);
#10466 = AXIS2_PLACEMENT_3D('',#10467,#10468,#10469);
#10467 = CARTESIAN_POINT('',(2.780857221624,0.455,0.25));
#10468 = DIRECTION('',(1.110223024625E-16,-1.,0.));
#10469 = DIRECTION('',(-0.984807753012,-1.093356242223E-16,
    -0.173648177667));
#10470 = ORIENTED_EDGE('',*,*,#10471,.T.);
#10471 = EDGE_CURVE('',#10463,#10472,#10474,.T.);
#10472 = VERTEX_POINT('',#10473);
#10473 = CARTESIAN_POINT('',(3.2,0.455,-1.665334536938E-16));
#10474 = LINE('',#10475,#10476);
#10475 = CARTESIAN_POINT('',(2.780857221624,0.455,-1.665334536938E-16));
#10476 = VECTOR('',#10477,1.);
#10477 = DIRECTION('',(1.,1.110223024625E-16,0.));
#10478 = ORIENTED_EDGE('',*,*,#10479,.T.);
#10479 = EDGE_CURVE('',#10472,#10480,#10482,.T.);
#10480 = VERTEX_POINT('',#10481);
#10481 = CARTESIAN_POINT('',(3.2,0.455,0.15));
#10482 = LINE('',#10483,#10484);
#10483 = CARTESIAN_POINT('',(3.2,0.455,-1.665334536938E-16));
#10484 = VECTOR('',#10485,1.);
#10485 = DIRECTION('',(0.,0.,1.));
#10486 = ORIENTED_EDGE('',*,*,#10487,.T.);
#10487 = EDGE_CURVE('',#10480,#10488,#10490,.T.);
#10488 = VERTEX_POINT('',#10489);
#10489 = CARTESIAN_POINT('',(2.780857221624,0.455,0.15));
#10490 = LINE('',#10491,#10492);
#10491 = CARTESIAN_POINT('',(3.2,0.455,0.15));
#10492 = VECTOR('',#10493,1.);
#10493 = DIRECTION('',(-1.,-1.110223024625E-16,0.));
#10494 = ORIENTED_EDGE('',*,*,#10495,.T.);
#10495 = EDGE_CURVE('',#10488,#10496,#10498,.T.);
#10496 = VERTEX_POINT('',#10497);
#10497 = CARTESIAN_POINT('',(2.682376446323,0.455,0.232635182233));
#10498 = CIRCLE('',#10499,0.1);
#10499 = AXIS2_PLACEMENT_3D('',#10500,#10501,#10502);
#10500 = CARTESIAN_POINT('',(2.780857221624,0.455,0.25));
#10501 = DIRECTION('',(-1.110223024625E-16,1.,0.));
#10502 = DIRECTION('',(0.,0.,-1.));
#10503 = ORIENTED_EDGE('',*,*,#10504,.T.);
#10504 = EDGE_CURVE('',#10496,#10505,#10507,.T.);
#10505 = VERTEX_POINT('',#10506);
#10506 = CARTESIAN_POINT('',(2.646201938253,0.455,0.468412044417));
#10507 = LINE('',#10508,#10509);
#10508 = CARTESIAN_POINT('',(2.682376446323,0.455,0.232635182233));
#10509 = VECTOR('',#10510,1.);
#10510 = DIRECTION('',(-0.151652327974,-1.683679062546E-17,
    0.988433898356));
#10511 = ORIENTED_EDGE('',*,*,#10512,.T.);
#10512 = EDGE_CURVE('',#10505,#10513,#10515,.T.);
#10513 = VERTEX_POINT('',#10514);
#10514 = CARTESIAN_POINT('',(2.4,0.455,0.675));
#10515 = CIRCLE('',#10516,0.25);
#10516 = AXIS2_PLACEMENT_3D('',#10517,#10518,#10519);
#10517 = CARTESIAN_POINT('',(2.4,0.455,0.425));
#10518 = DIRECTION('',(1.110223024625E-16,-1.,0.));
#10519 = DIRECTION('',(0.984807753012,1.093356242223E-16,0.173648177667)
  );
#10520 = ORIENTED_EDGE('',*,*,#10521,.T.);
#10521 = EDGE_CURVE('',#10513,#4770,#10522,.T.);
#10522 = LINE('',#10523,#10524);
#10523 = CARTESIAN_POINT('',(2.4,0.455,0.675));
#10524 = VECTOR('',#10525,1.);
#10525 = DIRECTION('',(-1.,-1.110223024625E-16,0.));
#10526 = PLANE('',#10527);
#10527 = AXIS2_PLACEMENT_3D('',#10528,#10529,#10530);
#10528 = CARTESIAN_POINT('',(2.637203454365,0.455,0.317854565708));
#10529 = DIRECTION('',(1.110223024625E-16,-1.,0.));
#10530 = DIRECTION('',(0.,0.,1.));
#10531 = ADVANCED_FACE('',(#10532),#10551,.F.);
#10532 = FACE_BOUND('',#10533,.F.);
#10533 = EDGE_LOOP('',(#10534,#10535,#10544,#10550));
#10534 = ORIENTED_EDGE('',*,*,#4808,.T.);
#10535 = ORIENTED_EDGE('',*,*,#10536,.T.);
#10536 = EDGE_CURVE('',#4801,#10537,#10539,.T.);
#10537 = VERTEX_POINT('',#10538);
#10538 = CARTESIAN_POINT('',(2.498480775301,0.195,0.442364817767));
#10539 = CIRCLE('',#10540,0.1);
#10540 = AXIS2_PLACEMENT_3D('',#10541,#10542,#10543);
#10541 = CARTESIAN_POINT('',(2.4,0.195,0.425));
#10542 = DIRECTION('',(-1.110223024625E-16,1.,0.));
#10543 = DIRECTION('',(4.440892098501E-15,4.930380657631E-31,1.));
#10544 = ORIENTED_EDGE('',*,*,#10545,.F.);
#10545 = EDGE_CURVE('',#10446,#10537,#10546,.T.);
#10546 = LINE('',#10547,#10548);
#10547 = CARTESIAN_POINT('',(2.498480775301,0.455,0.442364817767));
#10548 = VECTOR('',#10549,1.);
#10549 = DIRECTION('',(1.110223024625E-16,-1.,0.));
#10550 = ORIENTED_EDGE('',*,*,#10445,.F.);
#10551 = CYLINDRICAL_SURFACE('',#10552,0.1);
#10552 = AXIS2_PLACEMENT_3D('',#10553,#10554,#10555);
#10553 = CARTESIAN_POINT('',(2.4,0.455,0.425));
#10554 = DIRECTION('',(-1.110223024625E-16,1.,0.));
#10555 = DIRECTION('',(4.440892098501E-15,4.930380657631E-31,1.));
#10556 = ADVANCED_FACE('',(#10557),#10635,.T.);
#10557 = FACE_BOUND('',#10558,.T.);
#10558 = EDGE_LOOP('',(#10559,#10560,#10561,#10562,#10570,#10579,#10587,
    #10595,#10603,#10612,#10620,#10629));
#10559 = ORIENTED_EDGE('',*,*,#4822,.F.);
#10560 = ORIENTED_EDGE('',*,*,#4800,.T.);
#10561 = ORIENTED_EDGE('',*,*,#10536,.T.);
#10562 = ORIENTED_EDGE('',*,*,#10563,.T.);
#10563 = EDGE_CURVE('',#10537,#10564,#10566,.T.);
#10564 = VERTEX_POINT('',#10565);
#10565 = CARTESIAN_POINT('',(2.534655283371,0.195,0.206587955583));
#10566 = LINE('',#10567,#10568);
#10567 = CARTESIAN_POINT('',(2.498480775301,0.195,0.442364817767));
#10568 = VECTOR('',#10569,1.);
#10569 = DIRECTION('',(0.151652327974,1.683679062546E-17,-0.988433898356
    ));
#10570 = ORIENTED_EDGE('',*,*,#10571,.T.);
#10571 = EDGE_CURVE('',#10564,#10572,#10574,.T.);
#10572 = VERTEX_POINT('',#10573);
#10573 = CARTESIAN_POINT('',(2.780857221624,0.195,-1.665334536938E-16));
#10574 = CIRCLE('',#10575,0.25);
#10575 = AXIS2_PLACEMENT_3D('',#10576,#10577,#10578);
#10576 = CARTESIAN_POINT('',(2.780857221624,0.195,0.25));
#10577 = DIRECTION('',(1.110223024625E-16,-1.,0.));
#10578 = DIRECTION('',(-0.984807753012,-1.093356242223E-16,
    -0.173648177667));
#10579 = ORIENTED_EDGE('',*,*,#10580,.T.);
#10580 = EDGE_CURVE('',#10572,#10581,#10583,.T.);
#10581 = VERTEX_POINT('',#10582);
#10582 = CARTESIAN_POINT('',(3.2,0.195,-1.665334536938E-16));
#10583 = LINE('',#10584,#10585);
#10584 = CARTESIAN_POINT('',(2.780857221624,0.195,-1.665334536938E-16));
#10585 = VECTOR('',#10586,1.);
#10586 = DIRECTION('',(1.,1.110223024625E-16,0.));
#10587 = ORIENTED_EDGE('',*,*,#10588,.T.);
#10588 = EDGE_CURVE('',#10581,#10589,#10591,.T.);
#10589 = VERTEX_POINT('',#10590);
#10590 = CARTESIAN_POINT('',(3.2,0.195,0.15));
#10591 = LINE('',#10592,#10593);
#10592 = CARTESIAN_POINT('',(3.2,0.195,-1.665334536938E-16));
#10593 = VECTOR('',#10594,1.);
#10594 = DIRECTION('',(0.,0.,1.));
#10595 = ORIENTED_EDGE('',*,*,#10596,.T.);
#10596 = EDGE_CURVE('',#10589,#10597,#10599,.T.);
#10597 = VERTEX_POINT('',#10598);
#10598 = CARTESIAN_POINT('',(2.780857221624,0.195,0.15));
#10599 = LINE('',#10600,#10601);
#10600 = CARTESIAN_POINT('',(3.2,0.195,0.15));
#10601 = VECTOR('',#10602,1.);
#10602 = DIRECTION('',(-1.,-1.110223024625E-16,0.));
#10603 = ORIENTED_EDGE('',*,*,#10604,.T.);
#10604 = EDGE_CURVE('',#10597,#10605,#10607,.T.);
#10605 = VERTEX_POINT('',#10606);
#10606 = CARTESIAN_POINT('',(2.682376446323,0.195,0.232635182233));
#10607 = CIRCLE('',#10608,0.1);
#10608 = AXIS2_PLACEMENT_3D('',#10609,#10610,#10611);
#10609 = CARTESIAN_POINT('',(2.780857221624,0.195,0.25));
#10610 = DIRECTION('',(-1.110223024625E-16,1.,0.));
#10611 = DIRECTION('',(0.,0.,-1.));
#10612 = ORIENTED_EDGE('',*,*,#10613,.T.);
#10613 = EDGE_CURVE('',#10605,#10614,#10616,.T.);
#10614 = VERTEX_POINT('',#10615);
#10615 = CARTESIAN_POINT('',(2.646201938253,0.195,0.468412044417));
#10616 = LINE('',#10617,#10618);
#10617 = CARTESIAN_POINT('',(2.682376446323,0.195,0.232635182233));
#10618 = VECTOR('',#10619,1.);
#10619 = DIRECTION('',(-0.151652327974,-1.683679062546E-17,
    0.988433898356));
#10620 = ORIENTED_EDGE('',*,*,#10621,.T.);
#10621 = EDGE_CURVE('',#10614,#10622,#10624,.T.);
#10622 = VERTEX_POINT('',#10623);
#10623 = CARTESIAN_POINT('',(2.4,0.195,0.675));
#10624 = CIRCLE('',#10625,0.25);
#10625 = AXIS2_PLACEMENT_3D('',#10626,#10627,#10628);
#10626 = CARTESIAN_POINT('',(2.4,0.195,0.425));
#10627 = DIRECTION('',(1.110223024625E-16,-1.,0.));
#10628 = DIRECTION('',(0.984807753012,1.093356242223E-16,0.173648177667)
  );
#10629 = ORIENTED_EDGE('',*,*,#10630,.T.);
#10630 = EDGE_CURVE('',#10622,#4823,#10631,.T.);
#10631 = LINE('',#10632,#10633);
#10632 = CARTESIAN_POINT('',(2.4,0.195,0.675));
#10633 = VECTOR('',#10634,1.);
#10634 = DIRECTION('',(-1.,-1.110223024625E-16,0.));
#10635 = PLANE('',#10636);
#10636 = AXIS2_PLACEMENT_3D('',#10637,#10638,#10639);
#10637 = CARTESIAN_POINT('',(2.637203454365,0.195,0.317854565708));
#10638 = DIRECTION('',(1.110223024625E-16,-1.,0.));
#10639 = DIRECTION('',(0.,0.,1.));
#10640 = ADVANCED_FACE('',(#10641),#10657,.F.);
#10641 = FACE_BOUND('',#10642,.F.);
#10642 = EDGE_LOOP('',(#10643,#10649,#10650,#10656));
#10643 = ORIENTED_EDGE('',*,*,#10644,.F.);
#10644 = EDGE_CURVE('',#4823,#5807,#10645,.T.);
#10645 = LINE('',#10646,#10647);
#10646 = CARTESIAN_POINT('',(2.4,0.195,0.675));
#10647 = VECTOR('',#10648,1.);
#10648 = DIRECTION('',(-1.,-1.110223024625E-16,0.));
#10649 = ORIENTED_EDGE('',*,*,#4839,.T.);
#10650 = ORIENTED_EDGE('',*,*,#10651,.T.);
#10651 = EDGE_CURVE('',#4832,#5815,#10652,.T.);
#10652 = LINE('',#10653,#10654);
#10653 = CARTESIAN_POINT('',(2.4,-0.195,0.675));
#10654 = VECTOR('',#10655,1.);
#10655 = DIRECTION('',(-1.,-1.110223024625E-16,0.));
#10656 = ORIENTED_EDGE('',*,*,#5814,.F.);
#10657 = PLANE('',#10658);
#10658 = AXIS2_PLACEMENT_3D('',#10659,#10660,#10661);
#10659 = CARTESIAN_POINT('',(-2.640908612089E-16,4.825,0.675));
#10660 = DIRECTION('',(-8.458391581173E-32,3.012014365389E-27,-1.));
#10661 = DIRECTION('',(1.,1.108771071988E-16,-8.45839158114E-32));
#10662 = ADVANCED_FACE('',(#10663),#10749,.F.);
#10663 = FACE_BOUND('',#10664,.F.);
#10664 = EDGE_LOOP('',(#10665,#10666,#10667,#10676,#10684,#10693,#10701,
    #10709,#10717,#10726,#10734,#10743));
#10665 = ORIENTED_EDGE('',*,*,#4831,.F.);
#10666 = ORIENTED_EDGE('',*,*,#4853,.T.);
#10667 = ORIENTED_EDGE('',*,*,#10668,.T.);
#10668 = EDGE_CURVE('',#4854,#10669,#10671,.T.);
#10669 = VERTEX_POINT('',#10670);
#10670 = CARTESIAN_POINT('',(2.498480775301,-0.195,0.442364817767));
#10671 = CIRCLE('',#10672,0.1);
#10672 = AXIS2_PLACEMENT_3D('',#10673,#10674,#10675);
#10673 = CARTESIAN_POINT('',(2.4,-0.195,0.425));
#10674 = DIRECTION('',(-1.110223024625E-16,1.,0.));
#10675 = DIRECTION('',(4.440892098501E-15,4.930380657631E-31,1.));
#10676 = ORIENTED_EDGE('',*,*,#10677,.T.);
#10677 = EDGE_CURVE('',#10669,#10678,#10680,.T.);
#10678 = VERTEX_POINT('',#10679);
#10679 = CARTESIAN_POINT('',(2.534655283371,-0.195,0.206587955583));
#10680 = LINE('',#10681,#10682);
#10681 = CARTESIAN_POINT('',(2.498480775301,-0.195,0.442364817767));
#10682 = VECTOR('',#10683,1.);
#10683 = DIRECTION('',(0.151652327974,1.683679062546E-17,-0.988433898356
    ));
#10684 = ORIENTED_EDGE('',*,*,#10685,.T.);
#10685 = EDGE_CURVE('',#10678,#10686,#10688,.T.);
#10686 = VERTEX_POINT('',#10687);
#10687 = CARTESIAN_POINT('',(2.780857221624,-0.195,-1.665334536938E-16)
  );
#10688 = CIRCLE('',#10689,0.25);
#10689 = AXIS2_PLACEMENT_3D('',#10690,#10691,#10692);
#10690 = CARTESIAN_POINT('',(2.780857221624,-0.195,0.25));
#10691 = DIRECTION('',(1.110223024625E-16,-1.,0.));
#10692 = DIRECTION('',(-0.984807753012,-1.093356242223E-16,
    -0.173648177667));
#10693 = ORIENTED_EDGE('',*,*,#10694,.T.);
#10694 = EDGE_CURVE('',#10686,#10695,#10697,.T.);
#10695 = VERTEX_POINT('',#10696);
#10696 = CARTESIAN_POINT('',(3.2,-0.195,-1.665334536938E-16));
#10697 = LINE('',#10698,#10699);
#10698 = CARTESIAN_POINT('',(2.780857221624,-0.195,-1.665334536938E-16)
  );
#10699 = VECTOR('',#10700,1.);
#10700 = DIRECTION('',(1.,1.110223024625E-16,0.));
#10701 = ORIENTED_EDGE('',*,*,#10702,.T.);
#10702 = EDGE_CURVE('',#10695,#10703,#10705,.T.);
#10703 = VERTEX_POINT('',#10704);
#10704 = CARTESIAN_POINT('',(3.2,-0.195,0.15));
#10705 = LINE('',#10706,#10707);
#10706 = CARTESIAN_POINT('',(3.2,-0.195,-1.665334536938E-16));
#10707 = VECTOR('',#10708,1.);
#10708 = DIRECTION('',(0.,0.,1.));
#10709 = ORIENTED_EDGE('',*,*,#10710,.T.);
#10710 = EDGE_CURVE('',#10703,#10711,#10713,.T.);
#10711 = VERTEX_POINT('',#10712);
#10712 = CARTESIAN_POINT('',(2.780857221624,-0.195,0.15));
#10713 = LINE('',#10714,#10715);
#10714 = CARTESIAN_POINT('',(3.2,-0.195,0.15));
#10715 = VECTOR('',#10716,1.);
#10716 = DIRECTION('',(-1.,-1.110223024625E-16,0.));
#10717 = ORIENTED_EDGE('',*,*,#10718,.T.);
#10718 = EDGE_CURVE('',#10711,#10719,#10721,.T.);
#10719 = VERTEX_POINT('',#10720);
#10720 = CARTESIAN_POINT('',(2.682376446323,-0.195,0.232635182233));
#10721 = CIRCLE('',#10722,0.1);
#10722 = AXIS2_PLACEMENT_3D('',#10723,#10724,#10725);
#10723 = CARTESIAN_POINT('',(2.780857221624,-0.195,0.25));
#10724 = DIRECTION('',(-1.110223024625E-16,1.,0.));
#10725 = DIRECTION('',(0.,0.,-1.));
#10726 = ORIENTED_EDGE('',*,*,#10727,.T.);
#10727 = EDGE_CURVE('',#10719,#10728,#10730,.T.);
#10728 = VERTEX_POINT('',#10729);
#10729 = CARTESIAN_POINT('',(2.646201938253,-0.195,0.468412044417));
#10730 = LINE('',#10731,#10732);
#10731 = CARTESIAN_POINT('',(2.682376446323,-0.195,0.232635182233));
#10732 = VECTOR('',#10733,1.);
#10733 = DIRECTION('',(-0.151652327974,-1.683679062546E-17,
    0.988433898356));
#10734 = ORIENTED_EDGE('',*,*,#10735,.T.);
#10735 = EDGE_CURVE('',#10728,#10736,#10738,.T.);
#10736 = VERTEX_POINT('',#10737);
#10737 = CARTESIAN_POINT('',(2.4,-0.195,0.675));
#10738 = CIRCLE('',#10739,0.25);
#10739 = AXIS2_PLACEMENT_3D('',#10740,#10741,#10742);
#10740 = CARTESIAN_POINT('',(2.4,-0.195,0.425));
#10741 = DIRECTION('',(1.110223024625E-16,-1.,0.));
#10742 = DIRECTION('',(0.984807753012,1.093356242223E-16,0.173648177667)
  );
#10743 = ORIENTED_EDGE('',*,*,#10744,.T.);
#10744 = EDGE_CURVE('',#10736,#4832,#10745,.T.);
#10745 = LINE('',#10746,#10747);
#10746 = CARTESIAN_POINT('',(2.4,-0.195,0.675));
#10747 = VECTOR('',#10748,1.);
#10748 = DIRECTION('',(-1.,-1.110223024625E-16,0.));
#10749 = PLANE('',#10750);
#10750 = AXIS2_PLACEMENT_3D('',#10751,#10752,#10753);
#10751 = CARTESIAN_POINT('',(2.637203454365,-0.195,0.317854565708));
#10752 = DIRECTION('',(1.110223024625E-16,-1.,0.));
#10753 = DIRECTION('',(0.,0.,1.));
#10754 = ADVANCED_FACE('',(#10755),#10774,.F.);
#10755 = FACE_BOUND('',#10756,.F.);
#10756 = EDGE_LOOP('',(#10757,#10758,#10767,#10773));
#10757 = ORIENTED_EDGE('',*,*,#4870,.T.);
#10758 = ORIENTED_EDGE('',*,*,#10759,.T.);
#10759 = EDGE_CURVE('',#4863,#10760,#10762,.T.);
#10760 = VERTEX_POINT('',#10761);
#10761 = CARTESIAN_POINT('',(2.498480775301,-0.455,0.442364817767));
#10762 = CIRCLE('',#10763,0.1);
#10763 = AXIS2_PLACEMENT_3D('',#10764,#10765,#10766);
#10764 = CARTESIAN_POINT('',(2.4,-0.455,0.425));
#10765 = DIRECTION('',(-1.110223024625E-16,1.,0.));
#10766 = DIRECTION('',(4.440892098501E-15,4.930380657631E-31,1.));
#10767 = ORIENTED_EDGE('',*,*,#10768,.F.);
#10768 = EDGE_CURVE('',#10669,#10760,#10769,.T.);
#10769 = LINE('',#10770,#10771);
#10770 = CARTESIAN_POINT('',(2.498480775301,-0.195,0.442364817767));
#10771 = VECTOR('',#10772,1.);
#10772 = DIRECTION('',(1.110223024625E-16,-1.,0.));
#10773 = ORIENTED_EDGE('',*,*,#10668,.F.);
#10774 = CYLINDRICAL_SURFACE('',#10775,0.1);
#10775 = AXIS2_PLACEMENT_3D('',#10776,#10777,#10778);
#10776 = CARTESIAN_POINT('',(2.4,-0.195,0.425));
#10777 = DIRECTION('',(-1.110223024625E-16,1.,0.));
#10778 = DIRECTION('',(4.440892098501E-15,4.930380657631E-31,1.));
#10779 = ADVANCED_FACE('',(#10780),#10858,.T.);
#10780 = FACE_BOUND('',#10781,.T.);
#10781 = EDGE_LOOP('',(#10782,#10783,#10784,#10785,#10793,#10802,#10810,
    #10818,#10826,#10835,#10843,#10852));
#10782 = ORIENTED_EDGE('',*,*,#4884,.F.);
#10783 = ORIENTED_EDGE('',*,*,#4862,.T.);
#10784 = ORIENTED_EDGE('',*,*,#10759,.T.);
#10785 = ORIENTED_EDGE('',*,*,#10786,.T.);
#10786 = EDGE_CURVE('',#10760,#10787,#10789,.T.);
#10787 = VERTEX_POINT('',#10788);
#10788 = CARTESIAN_POINT('',(2.534655283371,-0.455,0.206587955583));
#10789 = LINE('',#10790,#10791);
#10790 = CARTESIAN_POINT('',(2.498480775301,-0.455,0.442364817767));
#10791 = VECTOR('',#10792,1.);
#10792 = DIRECTION('',(0.151652327974,1.683679062546E-17,-0.988433898356
    ));
#10793 = ORIENTED_EDGE('',*,*,#10794,.T.);
#10794 = EDGE_CURVE('',#10787,#10795,#10797,.T.);
#10795 = VERTEX_POINT('',#10796);
#10796 = CARTESIAN_POINT('',(2.780857221624,-0.455,-1.665334536938E-16)
  );
#10797 = CIRCLE('',#10798,0.25);
#10798 = AXIS2_PLACEMENT_3D('',#10799,#10800,#10801);
#10799 = CARTESIAN_POINT('',(2.780857221624,-0.455,0.25));
#10800 = DIRECTION('',(1.110223024625E-16,-1.,0.));
#10801 = DIRECTION('',(-0.984807753012,-1.093356242223E-16,
    -0.173648177667));
#10802 = ORIENTED_EDGE('',*,*,#10803,.T.);
#10803 = EDGE_CURVE('',#10795,#10804,#10806,.T.);
#10804 = VERTEX_POINT('',#10805);
#10805 = CARTESIAN_POINT('',(3.2,-0.455,-1.665334536938E-16));
#10806 = LINE('',#10807,#10808);
#10807 = CARTESIAN_POINT('',(2.780857221624,-0.455,-1.665334536938E-16)
  );
#10808 = VECTOR('',#10809,1.);
#10809 = DIRECTION('',(1.,1.110223024625E-16,0.));
#10810 = ORIENTED_EDGE('',*,*,#10811,.T.);
#10811 = EDGE_CURVE('',#10804,#10812,#10814,.T.);
#10812 = VERTEX_POINT('',#10813);
#10813 = CARTESIAN_POINT('',(3.2,-0.455,0.15));
#10814 = LINE('',#10815,#10816);
#10815 = CARTESIAN_POINT('',(3.2,-0.455,-1.665334536938E-16));
#10816 = VECTOR('',#10817,1.);
#10817 = DIRECTION('',(0.,0.,1.));
#10818 = ORIENTED_EDGE('',*,*,#10819,.T.);
#10819 = EDGE_CURVE('',#10812,#10820,#10822,.T.);
#10820 = VERTEX_POINT('',#10821);
#10821 = CARTESIAN_POINT('',(2.780857221624,-0.455,0.15));
#10822 = LINE('',#10823,#10824);
#10823 = CARTESIAN_POINT('',(3.2,-0.455,0.15));
#10824 = VECTOR('',#10825,1.);
#10825 = DIRECTION('',(-1.,-1.110223024625E-16,0.));
#10826 = ORIENTED_EDGE('',*,*,#10827,.T.);
#10827 = EDGE_CURVE('',#10820,#10828,#10830,.T.);
#10828 = VERTEX_POINT('',#10829);
#10829 = CARTESIAN_POINT('',(2.682376446323,-0.455,0.232635182233));
#10830 = CIRCLE('',#10831,0.1);
#10831 = AXIS2_PLACEMENT_3D('',#10832,#10833,#10834);
#10832 = CARTESIAN_POINT('',(2.780857221624,-0.455,0.25));
#10833 = DIRECTION('',(-1.110223024625E-16,1.,0.));
#10834 = DIRECTION('',(0.,0.,-1.));
#10835 = ORIENTED_EDGE('',*,*,#10836,.T.);
#10836 = EDGE_CURVE('',#10828,#10837,#10839,.T.);
#10837 = VERTEX_POINT('',#10838);
#10838 = CARTESIAN_POINT('',(2.646201938253,-0.455,0.468412044417));
#10839 = LINE('',#10840,#10841);
#10840 = CARTESIAN_POINT('',(2.682376446323,-0.455,0.232635182233));
#10841 = VECTOR('',#10842,1.);
#10842 = DIRECTION('',(-0.151652327974,-1.683679062546E-17,
    0.988433898356));
#10843 = ORIENTED_EDGE('',*,*,#10844,.T.);
#10844 = EDGE_CURVE('',#10837,#10845,#10847,.T.);
#10845 = VERTEX_POINT('',#10846);
#10846 = CARTESIAN_POINT('',(2.4,-0.455,0.675));
#10847 = CIRCLE('',#10848,0.25);
#10848 = AXIS2_PLACEMENT_3D('',#10849,#10850,#10851);
#10849 = CARTESIAN_POINT('',(2.4,-0.455,0.425));
#10850 = DIRECTION('',(1.110223024625E-16,-1.,0.));
#10851 = DIRECTION('',(0.984807753012,1.093356242223E-16,0.173648177667)
  );
#10852 = ORIENTED_EDGE('',*,*,#10853,.T.);
#10853 = EDGE_CURVE('',#10845,#4885,#10854,.T.);
#10854 = LINE('',#10855,#10856);
#10855 = CARTESIAN_POINT('',(2.4,-0.455,0.675));
#10856 = VECTOR('',#10857,1.);
#10857 = DIRECTION('',(-1.,-1.110223024625E-16,0.));
#10858 = PLANE('',#10859);
#10859 = AXIS2_PLACEMENT_3D('',#10860,#10861,#10862);
#10860 = CARTESIAN_POINT('',(2.637203454365,-0.455,0.317854565708));
#10861 = DIRECTION('',(1.110223024625E-16,-1.,0.));
#10862 = DIRECTION('',(0.,0.,1.));
#10863 = ADVANCED_FACE('',(#10864),#10880,.F.);
#10864 = FACE_BOUND('',#10865,.F.);
#10865 = EDGE_LOOP('',(#10866,#10872,#10873,#10879));
#10866 = ORIENTED_EDGE('',*,*,#10867,.F.);
#10867 = EDGE_CURVE('',#4885,#5823,#10868,.T.);
#10868 = LINE('',#10869,#10870);
#10869 = CARTESIAN_POINT('',(2.4,-0.455,0.675));
#10870 = VECTOR('',#10871,1.);
#10871 = DIRECTION('',(-1.,-1.110223024625E-16,0.));
#10872 = ORIENTED_EDGE('',*,*,#4901,.T.);
#10873 = ORIENTED_EDGE('',*,*,#10874,.T.);
#10874 = EDGE_CURVE('',#4894,#5831,#10875,.T.);
#10875 = LINE('',#10876,#10877);
#10876 = CARTESIAN_POINT('',(2.4,-0.845,0.675));
#10877 = VECTOR('',#10878,1.);
#10878 = DIRECTION('',(-1.,-1.110223024625E-16,0.));
#10879 = ORIENTED_EDGE('',*,*,#5830,.F.);
#10880 = PLANE('',#10881);
#10881 = AXIS2_PLACEMENT_3D('',#10882,#10883,#10884);
#10882 = CARTESIAN_POINT('',(-2.640908612089E-16,4.825,0.675));
#10883 = DIRECTION('',(-8.458391581173E-32,3.012014365389E-27,-1.));
#10884 = DIRECTION('',(1.,1.108771071988E-16,-8.45839158114E-32));
#10885 = ADVANCED_FACE('',(#10886),#10972,.F.);
#10886 = FACE_BOUND('',#10887,.F.);
#10887 = EDGE_LOOP('',(#10888,#10889,#10890,#10899,#10907,#10916,#10924,
    #10932,#10940,#10949,#10957,#10966));
#10888 = ORIENTED_EDGE('',*,*,#4893,.F.);
#10889 = ORIENTED_EDGE('',*,*,#4915,.T.);
#10890 = ORIENTED_EDGE('',*,*,#10891,.T.);
#10891 = EDGE_CURVE('',#4916,#10892,#10894,.T.);
#10892 = VERTEX_POINT('',#10893);
#10893 = CARTESIAN_POINT('',(2.498480775301,-0.845,0.442364817767));
#10894 = CIRCLE('',#10895,0.1);
#10895 = AXIS2_PLACEMENT_3D('',#10896,#10897,#10898);
#10896 = CARTESIAN_POINT('',(2.4,-0.845,0.425));
#10897 = DIRECTION('',(-1.110223024625E-16,1.,0.));
#10898 = DIRECTION('',(4.440892098501E-15,4.930380657631E-31,1.));
#10899 = ORIENTED_EDGE('',*,*,#10900,.T.);
#10900 = EDGE_CURVE('',#10892,#10901,#10903,.T.);
#10901 = VERTEX_POINT('',#10902);
#10902 = CARTESIAN_POINT('',(2.534655283371,-0.845,0.206587955583));
#10903 = LINE('',#10904,#10905);
#10904 = CARTESIAN_POINT('',(2.498480775301,-0.845,0.442364817767));
#10905 = VECTOR('',#10906,1.);
#10906 = DIRECTION('',(0.151652327974,1.683679062546E-17,-0.988433898356
    ));
#10907 = ORIENTED_EDGE('',*,*,#10908,.T.);
#10908 = EDGE_CURVE('',#10901,#10909,#10911,.T.);
#10909 = VERTEX_POINT('',#10910);
#10910 = CARTESIAN_POINT('',(2.780857221624,-0.845,-1.665334536938E-16)
  );
#10911 = CIRCLE('',#10912,0.25);
#10912 = AXIS2_PLACEMENT_3D('',#10913,#10914,#10915);
#10913 = CARTESIAN_POINT('',(2.780857221624,-0.845,0.25));
#10914 = DIRECTION('',(1.110223024625E-16,-1.,0.));
#10915 = DIRECTION('',(-0.984807753012,-1.093356242223E-16,
    -0.173648177667));
#10916 = ORIENTED_EDGE('',*,*,#10917,.T.);
#10917 = EDGE_CURVE('',#10909,#10918,#10920,.T.);
#10918 = VERTEX_POINT('',#10919);
#10919 = CARTESIAN_POINT('',(3.2,-0.845,-1.665334536938E-16));
#10920 = LINE('',#10921,#10922);
#10921 = CARTESIAN_POINT('',(2.780857221624,-0.845,-1.665334536938E-16)
  );
#10922 = VECTOR('',#10923,1.);
#10923 = DIRECTION('',(1.,1.110223024625E-16,0.));
#10924 = ORIENTED_EDGE('',*,*,#10925,.T.);
#10925 = EDGE_CURVE('',#10918,#10926,#10928,.T.);
#10926 = VERTEX_POINT('',#10927);
#10927 = CARTESIAN_POINT('',(3.2,-0.845,0.15));
#10928 = LINE('',#10929,#10930);
#10929 = CARTESIAN_POINT('',(3.2,-0.845,-1.665334536938E-16));
#10930 = VECTOR('',#10931,1.);
#10931 = DIRECTION('',(0.,0.,1.));
#10932 = ORIENTED_EDGE('',*,*,#10933,.T.);
#10933 = EDGE_CURVE('',#10926,#10934,#10936,.T.);
#10934 = VERTEX_POINT('',#10935);
#10935 = CARTESIAN_POINT('',(2.780857221624,-0.845,0.15));
#10936 = LINE('',#10937,#10938);
#10937 = CARTESIAN_POINT('',(3.2,-0.845,0.15));
#10938 = VECTOR('',#10939,1.);
#10939 = DIRECTION('',(-1.,-1.110223024625E-16,0.));
#10940 = ORIENTED_EDGE('',*,*,#10941,.T.);
#10941 = EDGE_CURVE('',#10934,#10942,#10944,.T.);
#10942 = VERTEX_POINT('',#10943);
#10943 = CARTESIAN_POINT('',(2.682376446323,-0.845,0.232635182233));
#10944 = CIRCLE('',#10945,0.1);
#10945 = AXIS2_PLACEMENT_3D('',#10946,#10947,#10948);
#10946 = CARTESIAN_POINT('',(2.780857221624,-0.845,0.25));
#10947 = DIRECTION('',(-1.110223024625E-16,1.,0.));
#10948 = DIRECTION('',(0.,0.,-1.));
#10949 = ORIENTED_EDGE('',*,*,#10950,.T.);
#10950 = EDGE_CURVE('',#10942,#10951,#10953,.T.);
#10951 = VERTEX_POINT('',#10952);
#10952 = CARTESIAN_POINT('',(2.646201938253,-0.845,0.468412044417));
#10953 = LINE('',#10954,#10955);
#10954 = CARTESIAN_POINT('',(2.682376446323,-0.845,0.232635182233));
#10955 = VECTOR('',#10956,1.);
#10956 = DIRECTION('',(-0.151652327974,-1.683679062546E-17,
    0.988433898356));
#10957 = ORIENTED_EDGE('',*,*,#10958,.T.);
#10958 = EDGE_CURVE('',#10951,#10959,#10961,.T.);
#10959 = VERTEX_POINT('',#10960);
#10960 = CARTESIAN_POINT('',(2.4,-0.845,0.675));
#10961 = CIRCLE('',#10962,0.25);
#10962 = AXIS2_PLACEMENT_3D('',#10963,#10964,#10965);
#10963 = CARTESIAN_POINT('',(2.4,-0.845,0.425));
#10964 = DIRECTION('',(1.110223024625E-16,-1.,0.));
#10965 = DIRECTION('',(0.984807753012,1.093356242223E-16,0.173648177667)
  );
#10966 = ORIENTED_EDGE('',*,*,#10967,.T.);
#10967 = EDGE_CURVE('',#10959,#4894,#10968,.T.);
#10968 = LINE('',#10969,#10970);
#10969 = CARTESIAN_POINT('',(2.4,-0.845,0.675));
#10970 = VECTOR('',#10971,1.);
#10971 = DIRECTION('',(-1.,-1.110223024625E-16,0.));
#10972 = PLANE('',#10973);
#10973 = AXIS2_PLACEMENT_3D('',#10974,#10975,#10976);
#10974 = CARTESIAN_POINT('',(2.637203454365,-0.845,0.317854565708));
#10975 = DIRECTION('',(1.110223024625E-16,-1.,0.));
#10976 = DIRECTION('',(0.,0.,1.));
#10977 = ADVANCED_FACE('',(#10978),#10997,.F.);
#10978 = FACE_BOUND('',#10979,.F.);
#10979 = EDGE_LOOP('',(#10980,#10981,#10990,#10996));
#10980 = ORIENTED_EDGE('',*,*,#4932,.T.);
#10981 = ORIENTED_EDGE('',*,*,#10982,.T.);
#10982 = EDGE_CURVE('',#4925,#10983,#10985,.T.);
#10983 = VERTEX_POINT('',#10984);
#10984 = CARTESIAN_POINT('',(2.498480775301,-1.105,0.442364817767));
#10985 = CIRCLE('',#10986,0.1);
#10986 = AXIS2_PLACEMENT_3D('',#10987,#10988,#10989);
#10987 = CARTESIAN_POINT('',(2.4,-1.105,0.425));
#10988 = DIRECTION('',(-1.110223024625E-16,1.,0.));
#10989 = DIRECTION('',(4.440892098501E-15,4.930380657631E-31,1.));
#10990 = ORIENTED_EDGE('',*,*,#10991,.F.);
#10991 = EDGE_CURVE('',#10892,#10983,#10992,.T.);
#10992 = LINE('',#10993,#10994);
#10993 = CARTESIAN_POINT('',(2.498480775301,-0.845,0.442364817767));
#10994 = VECTOR('',#10995,1.);
#10995 = DIRECTION('',(1.110223024625E-16,-1.,0.));
#10996 = ORIENTED_EDGE('',*,*,#10891,.F.);
#10997 = CYLINDRICAL_SURFACE('',#10998,0.1);
#10998 = AXIS2_PLACEMENT_3D('',#10999,#11000,#11001);
#10999 = CARTESIAN_POINT('',(2.4,-0.845,0.425));
#11000 = DIRECTION('',(-1.110223024625E-16,1.,0.));
#11001 = DIRECTION('',(4.440892098501E-15,4.930380657631E-31,1.));
#11002 = ADVANCED_FACE('',(#11003),#11081,.T.);
#11003 = FACE_BOUND('',#11004,.T.);
#11004 = EDGE_LOOP('',(#11005,#11006,#11007,#11008,#11016,#11025,#11033,
    #11041,#11049,#11058,#11066,#11075));
#11005 = ORIENTED_EDGE('',*,*,#4946,.F.);
#11006 = ORIENTED_EDGE('',*,*,#4924,.T.);
#11007 = ORIENTED_EDGE('',*,*,#10982,.T.);
#11008 = ORIENTED_EDGE('',*,*,#11009,.T.);
#11009 = EDGE_CURVE('',#10983,#11010,#11012,.T.);
#11010 = VERTEX_POINT('',#11011);
#11011 = CARTESIAN_POINT('',(2.534655283371,-1.105,0.206587955583));
#11012 = LINE('',#11013,#11014);
#11013 = CARTESIAN_POINT('',(2.498480775301,-1.105,0.442364817767));
#11014 = VECTOR('',#11015,1.);
#11015 = DIRECTION('',(0.151652327974,1.683679062546E-17,-0.988433898356
    ));
#11016 = ORIENTED_EDGE('',*,*,#11017,.T.);
#11017 = EDGE_CURVE('',#11010,#11018,#11020,.T.);
#11018 = VERTEX_POINT('',#11019);
#11019 = CARTESIAN_POINT('',(2.780857221624,-1.105,-1.665334536938E-16)
  );
#11020 = CIRCLE('',#11021,0.25);
#11021 = AXIS2_PLACEMENT_3D('',#11022,#11023,#11024);
#11022 = CARTESIAN_POINT('',(2.780857221624,-1.105,0.25));
#11023 = DIRECTION('',(1.110223024625E-16,-1.,0.));
#11024 = DIRECTION('',(-0.984807753012,-1.093356242223E-16,
    -0.173648177667));
#11025 = ORIENTED_EDGE('',*,*,#11026,.T.);
#11026 = EDGE_CURVE('',#11018,#11027,#11029,.T.);
#11027 = VERTEX_POINT('',#11028);
#11028 = CARTESIAN_POINT('',(3.2,-1.105,-1.665334536938E-16));
#11029 = LINE('',#11030,#11031);
#11030 = CARTESIAN_POINT('',(2.780857221624,-1.105,-1.665334536938E-16)
  );
#11031 = VECTOR('',#11032,1.);
#11032 = DIRECTION('',(1.,1.110223024625E-16,0.));
#11033 = ORIENTED_EDGE('',*,*,#11034,.T.);
#11034 = EDGE_CURVE('',#11027,#11035,#11037,.T.);
#11035 = VERTEX_POINT('',#11036);
#11036 = CARTESIAN_POINT('',(3.2,-1.105,0.15));
#11037 = LINE('',#11038,#11039);
#11038 = CARTESIAN_POINT('',(3.2,-1.105,-1.665334536938E-16));
#11039 = VECTOR('',#11040,1.);
#11040 = DIRECTION('',(0.,0.,1.));
#11041 = ORIENTED_EDGE('',*,*,#11042,.T.);
#11042 = EDGE_CURVE('',#11035,#11043,#11045,.T.);
#11043 = VERTEX_POINT('',#11044);
#11044 = CARTESIAN_POINT('',(2.780857221624,-1.105,0.15));
#11045 = LINE('',#11046,#11047);
#11046 = CARTESIAN_POINT('',(3.2,-1.105,0.15));
#11047 = VECTOR('',#11048,1.);
#11048 = DIRECTION('',(-1.,-1.110223024625E-16,0.));
#11049 = ORIENTED_EDGE('',*,*,#11050,.T.);
#11050 = EDGE_CURVE('',#11043,#11051,#11053,.T.);
#11051 = VERTEX_POINT('',#11052);
#11052 = CARTESIAN_POINT('',(2.682376446323,-1.105,0.232635182233));
#11053 = CIRCLE('',#11054,0.1);
#11054 = AXIS2_PLACEMENT_3D('',#11055,#11056,#11057);
#11055 = CARTESIAN_POINT('',(2.780857221624,-1.105,0.25));
#11056 = DIRECTION('',(-1.110223024625E-16,1.,0.));
#11057 = DIRECTION('',(0.,0.,-1.));
#11058 = ORIENTED_EDGE('',*,*,#11059,.T.);
#11059 = EDGE_CURVE('',#11051,#11060,#11062,.T.);
#11060 = VERTEX_POINT('',#11061);
#11061 = CARTESIAN_POINT('',(2.646201938253,-1.105,0.468412044417));
#11062 = LINE('',#11063,#11064);
#11063 = CARTESIAN_POINT('',(2.682376446323,-1.105,0.232635182233));
#11064 = VECTOR('',#11065,1.);
#11065 = DIRECTION('',(-0.151652327974,-1.683679062546E-17,
    0.988433898356));
#11066 = ORIENTED_EDGE('',*,*,#11067,.T.);
#11067 = EDGE_CURVE('',#11060,#11068,#11070,.T.);
#11068 = VERTEX_POINT('',#11069);
#11069 = CARTESIAN_POINT('',(2.4,-1.105,0.675));
#11070 = CIRCLE('',#11071,0.25);
#11071 = AXIS2_PLACEMENT_3D('',#11072,#11073,#11074);
#11072 = CARTESIAN_POINT('',(2.4,-1.105,0.425));
#11073 = DIRECTION('',(1.110223024625E-16,-1.,0.));
#11074 = DIRECTION('',(0.984807753012,1.093356242223E-16,0.173648177667)
  );
#11075 = ORIENTED_EDGE('',*,*,#11076,.T.);
#11076 = EDGE_CURVE('',#11068,#4947,#11077,.T.);
#11077 = LINE('',#11078,#11079);
#11078 = CARTESIAN_POINT('',(2.4,-1.105,0.675));
#11079 = VECTOR('',#11080,1.);
#11080 = DIRECTION('',(-1.,-1.110223024625E-16,0.));
#11081 = PLANE('',#11082);
#11082 = AXIS2_PLACEMENT_3D('',#11083,#11084,#11085);
#11083 = CARTESIAN_POINT('',(2.637203454365,-1.105,0.317854565708));
#11084 = DIRECTION('',(1.110223024625E-16,-1.,0.));
#11085 = DIRECTION('',(0.,0.,1.));
#11086 = ADVANCED_FACE('',(#11087),#11103,.F.);
#11087 = FACE_BOUND('',#11088,.F.);
#11088 = EDGE_LOOP('',(#11089,#11095,#11096,#11102));
#11089 = ORIENTED_EDGE('',*,*,#11090,.F.);
#11090 = EDGE_CURVE('',#4947,#5839,#11091,.T.);
#11091 = LINE('',#11092,#11093);
#11092 = CARTESIAN_POINT('',(2.4,-1.105,0.675));
#11093 = VECTOR('',#11094,1.);
#11094 = DIRECTION('',(-1.,-1.110223024625E-16,0.));
#11095 = ORIENTED_EDGE('',*,*,#4963,.T.);
#11096 = ORIENTED_EDGE('',*,*,#11097,.T.);
#11097 = EDGE_CURVE('',#4956,#5847,#11098,.T.);
#11098 = LINE('',#11099,#11100);
#11099 = CARTESIAN_POINT('',(2.4,-1.495,0.675));
#11100 = VECTOR('',#11101,1.);
#11101 = DIRECTION('',(-1.,-1.110223024625E-16,0.));
#11102 = ORIENTED_EDGE('',*,*,#5846,.F.);
#11103 = PLANE('',#11104);
#11104 = AXIS2_PLACEMENT_3D('',#11105,#11106,#11107);
#11105 = CARTESIAN_POINT('',(-2.640908612089E-16,4.825,0.675));
#11106 = DIRECTION('',(-8.458391581173E-32,3.012014365389E-27,-1.));
#11107 = DIRECTION('',(1.,1.108771071988E-16,-8.45839158114E-32));
#11108 = ADVANCED_FACE('',(#11109),#11195,.F.);
#11109 = FACE_BOUND('',#11110,.F.);
#11110 = EDGE_LOOP('',(#11111,#11112,#11113,#11122,#11130,#11139,#11147,
    #11155,#11163,#11172,#11180,#11189));
#11111 = ORIENTED_EDGE('',*,*,#4955,.F.);
#11112 = ORIENTED_EDGE('',*,*,#4977,.T.);
#11113 = ORIENTED_EDGE('',*,*,#11114,.T.);
#11114 = EDGE_CURVE('',#4978,#11115,#11117,.T.);
#11115 = VERTEX_POINT('',#11116);
#11116 = CARTESIAN_POINT('',(2.498480775301,-1.495,0.442364817767));
#11117 = CIRCLE('',#11118,0.1);
#11118 = AXIS2_PLACEMENT_3D('',#11119,#11120,#11121);
#11119 = CARTESIAN_POINT('',(2.4,-1.495,0.425));
#11120 = DIRECTION('',(-1.110223024625E-16,1.,0.));
#11121 = DIRECTION('',(4.440892098501E-15,4.930380657631E-31,1.));
#11122 = ORIENTED_EDGE('',*,*,#11123,.T.);
#11123 = EDGE_CURVE('',#11115,#11124,#11126,.T.);
#11124 = VERTEX_POINT('',#11125);
#11125 = CARTESIAN_POINT('',(2.534655283371,-1.495,0.206587955583));
#11126 = LINE('',#11127,#11128);
#11127 = CARTESIAN_POINT('',(2.498480775301,-1.495,0.442364817767));
#11128 = VECTOR('',#11129,1.);
#11129 = DIRECTION('',(0.151652327974,1.683679062546E-17,-0.988433898356
    ));
#11130 = ORIENTED_EDGE('',*,*,#11131,.T.);
#11131 = EDGE_CURVE('',#11124,#11132,#11134,.T.);
#11132 = VERTEX_POINT('',#11133);
#11133 = CARTESIAN_POINT('',(2.780857221624,-1.495,-1.665334536938E-16)
  );
#11134 = CIRCLE('',#11135,0.25);
#11135 = AXIS2_PLACEMENT_3D('',#11136,#11137,#11138);
#11136 = CARTESIAN_POINT('',(2.780857221624,-1.495,0.25));
#11137 = DIRECTION('',(1.110223024625E-16,-1.,0.));
#11138 = DIRECTION('',(-0.984807753012,-1.093356242223E-16,
    -0.173648177667));
#11139 = ORIENTED_EDGE('',*,*,#11140,.T.);
#11140 = EDGE_CURVE('',#11132,#11141,#11143,.T.);
#11141 = VERTEX_POINT('',#11142);
#11142 = CARTESIAN_POINT('',(3.2,-1.495,-1.665334536938E-16));
#11143 = LINE('',#11144,#11145);
#11144 = CARTESIAN_POINT('',(2.780857221624,-1.495,-1.665334536938E-16)
  );
#11145 = VECTOR('',#11146,1.);
#11146 = DIRECTION('',(1.,1.110223024625E-16,0.));
#11147 = ORIENTED_EDGE('',*,*,#11148,.T.);
#11148 = EDGE_CURVE('',#11141,#11149,#11151,.T.);
#11149 = VERTEX_POINT('',#11150);
#11150 = CARTESIAN_POINT('',(3.2,-1.495,0.15));
#11151 = LINE('',#11152,#11153);
#11152 = CARTESIAN_POINT('',(3.2,-1.495,-1.665334536938E-16));
#11153 = VECTOR('',#11154,1.);
#11154 = DIRECTION('',(0.,0.,1.));
#11155 = ORIENTED_EDGE('',*,*,#11156,.T.);
#11156 = EDGE_CURVE('',#11149,#11157,#11159,.T.);
#11157 = VERTEX_POINT('',#11158);
#11158 = CARTESIAN_POINT('',(2.780857221624,-1.495,0.15));
#11159 = LINE('',#11160,#11161);
#11160 = CARTESIAN_POINT('',(3.2,-1.495,0.15));
#11161 = VECTOR('',#11162,1.);
#11162 = DIRECTION('',(-1.,-1.110223024625E-16,0.));
#11163 = ORIENTED_EDGE('',*,*,#11164,.T.);
#11164 = EDGE_CURVE('',#11157,#11165,#11167,.T.);
#11165 = VERTEX_POINT('',#11166);
#11166 = CARTESIAN_POINT('',(2.682376446323,-1.495,0.232635182233));
#11167 = CIRCLE('',#11168,0.1);
#11168 = AXIS2_PLACEMENT_3D('',#11169,#11170,#11171);
#11169 = CARTESIAN_POINT('',(2.780857221624,-1.495,0.25));
#11170 = DIRECTION('',(-1.110223024625E-16,1.,0.));
#11171 = DIRECTION('',(0.,0.,-1.));
#11172 = ORIENTED_EDGE('',*,*,#11173,.T.);
#11173 = EDGE_CURVE('',#11165,#11174,#11176,.T.);
#11174 = VERTEX_POINT('',#11175);
#11175 = CARTESIAN_POINT('',(2.646201938253,-1.495,0.468412044417));
#11176 = LINE('',#11177,#11178);
#11177 = CARTESIAN_POINT('',(2.682376446323,-1.495,0.232635182233));
#11178 = VECTOR('',#11179,1.);
#11179 = DIRECTION('',(-0.151652327974,-1.683679062546E-17,
    0.988433898356));
#11180 = ORIENTED_EDGE('',*,*,#11181,.T.);
#11181 = EDGE_CURVE('',#11174,#11182,#11184,.T.);
#11182 = VERTEX_POINT('',#11183);
#11183 = CARTESIAN_POINT('',(2.4,-1.495,0.675));
#11184 = CIRCLE('',#11185,0.25);
#11185 = AXIS2_PLACEMENT_3D('',#11186,#11187,#11188);
#11186 = CARTESIAN_POINT('',(2.4,-1.495,0.425));
#11187 = DIRECTION('',(1.110223024625E-16,-1.,0.));
#11188 = DIRECTION('',(0.984807753012,1.093356242223E-16,0.173648177667)
  );
#11189 = ORIENTED_EDGE('',*,*,#11190,.T.);
#11190 = EDGE_CURVE('',#11182,#4956,#11191,.T.);
#11191 = LINE('',#11192,#11193);
#11192 = CARTESIAN_POINT('',(2.4,-1.495,0.675));
#11193 = VECTOR('',#11194,1.);
#11194 = DIRECTION('',(-1.,-1.110223024625E-16,0.));
#11195 = PLANE('',#11196);
#11196 = AXIS2_PLACEMENT_3D('',#11197,#11198,#11199);
#11197 = CARTESIAN_POINT('',(2.637203454365,-1.495,0.317854565708));
#11198 = DIRECTION('',(1.110223024625E-16,-1.,0.));
#11199 = DIRECTION('',(0.,0.,1.));
#11200 = ADVANCED_FACE('',(#11201),#11220,.F.);
#11201 = FACE_BOUND('',#11202,.F.);
#11202 = EDGE_LOOP('',(#11203,#11204,#11213,#11219));
#11203 = ORIENTED_EDGE('',*,*,#4994,.T.);
#11204 = ORIENTED_EDGE('',*,*,#11205,.T.);
#11205 = EDGE_CURVE('',#4987,#11206,#11208,.T.);
#11206 = VERTEX_POINT('',#11207);
#11207 = CARTESIAN_POINT('',(2.498480775301,-1.755,0.442364817767));
#11208 = CIRCLE('',#11209,0.1);
#11209 = AXIS2_PLACEMENT_3D('',#11210,#11211,#11212);
#11210 = CARTESIAN_POINT('',(2.4,-1.755,0.425));
#11211 = DIRECTION('',(-1.110223024625E-16,1.,0.));
#11212 = DIRECTION('',(4.440892098501E-15,4.930380657631E-31,1.));
#11213 = ORIENTED_EDGE('',*,*,#11214,.F.);
#11214 = EDGE_CURVE('',#11115,#11206,#11215,.T.);
#11215 = LINE('',#11216,#11217);
#11216 = CARTESIAN_POINT('',(2.498480775301,-1.495,0.442364817767));
#11217 = VECTOR('',#11218,1.);
#11218 = DIRECTION('',(1.110223024625E-16,-1.,0.));
#11219 = ORIENTED_EDGE('',*,*,#11114,.F.);
#11220 = CYLINDRICAL_SURFACE('',#11221,0.1);
#11221 = AXIS2_PLACEMENT_3D('',#11222,#11223,#11224);
#11222 = CARTESIAN_POINT('',(2.4,-1.495,0.425));
#11223 = DIRECTION('',(-1.110223024625E-16,1.,0.));
#11224 = DIRECTION('',(4.440892098501E-15,4.930380657631E-31,1.));
#11225 = ADVANCED_FACE('',(#11226),#11304,.T.);
#11226 = FACE_BOUND('',#11227,.T.);
#11227 = EDGE_LOOP('',(#11228,#11229,#11230,#11231,#11239,#11248,#11256,
    #11264,#11272,#11281,#11289,#11298));
#11228 = ORIENTED_EDGE('',*,*,#5008,.F.);
#11229 = ORIENTED_EDGE('',*,*,#4986,.T.);
#11230 = ORIENTED_EDGE('',*,*,#11205,.T.);
#11231 = ORIENTED_EDGE('',*,*,#11232,.T.);
#11232 = EDGE_CURVE('',#11206,#11233,#11235,.T.);
#11233 = VERTEX_POINT('',#11234);
#11234 = CARTESIAN_POINT('',(2.534655283371,-1.755,0.206587955583));
#11235 = LINE('',#11236,#11237);
#11236 = CARTESIAN_POINT('',(2.498480775301,-1.755,0.442364817767));
#11237 = VECTOR('',#11238,1.);
#11238 = DIRECTION('',(0.151652327974,1.683679062546E-17,-0.988433898356
    ));
#11239 = ORIENTED_EDGE('',*,*,#11240,.T.);
#11240 = EDGE_CURVE('',#11233,#11241,#11243,.T.);
#11241 = VERTEX_POINT('',#11242);
#11242 = CARTESIAN_POINT('',(2.780857221624,-1.755,-1.665334536938E-16)
  );
#11243 = CIRCLE('',#11244,0.25);
#11244 = AXIS2_PLACEMENT_3D('',#11245,#11246,#11247);
#11245 = CARTESIAN_POINT('',(2.780857221624,-1.755,0.25));
#11246 = DIRECTION('',(1.110223024625E-16,-1.,0.));
#11247 = DIRECTION('',(-0.984807753012,-1.093356242223E-16,
    -0.173648177667));
#11248 = ORIENTED_EDGE('',*,*,#11249,.T.);
#11249 = EDGE_CURVE('',#11241,#11250,#11252,.T.);
#11250 = VERTEX_POINT('',#11251);
#11251 = CARTESIAN_POINT('',(3.2,-1.755,-1.665334536938E-16));
#11252 = LINE('',#11253,#11254);
#11253 = CARTESIAN_POINT('',(2.780857221624,-1.755,-1.665334536938E-16)
  );
#11254 = VECTOR('',#11255,1.);
#11255 = DIRECTION('',(1.,1.110223024625E-16,0.));
#11256 = ORIENTED_EDGE('',*,*,#11257,.T.);
#11257 = EDGE_CURVE('',#11250,#11258,#11260,.T.);
#11258 = VERTEX_POINT('',#11259);
#11259 = CARTESIAN_POINT('',(3.2,-1.755,0.15));
#11260 = LINE('',#11261,#11262);
#11261 = CARTESIAN_POINT('',(3.2,-1.755,-1.665334536938E-16));
#11262 = VECTOR('',#11263,1.);
#11263 = DIRECTION('',(0.,0.,1.));
#11264 = ORIENTED_EDGE('',*,*,#11265,.T.);
#11265 = EDGE_CURVE('',#11258,#11266,#11268,.T.);
#11266 = VERTEX_POINT('',#11267);
#11267 = CARTESIAN_POINT('',(2.780857221624,-1.755,0.15));
#11268 = LINE('',#11269,#11270);
#11269 = CARTESIAN_POINT('',(3.2,-1.755,0.15));
#11270 = VECTOR('',#11271,1.);
#11271 = DIRECTION('',(-1.,-1.110223024625E-16,0.));
#11272 = ORIENTED_EDGE('',*,*,#11273,.T.);
#11273 = EDGE_CURVE('',#11266,#11274,#11276,.T.);
#11274 = VERTEX_POINT('',#11275);
#11275 = CARTESIAN_POINT('',(2.682376446323,-1.755,0.232635182233));
#11276 = CIRCLE('',#11277,0.1);
#11277 = AXIS2_PLACEMENT_3D('',#11278,#11279,#11280);
#11278 = CARTESIAN_POINT('',(2.780857221624,-1.755,0.25));
#11279 = DIRECTION('',(-1.110223024625E-16,1.,0.));
#11280 = DIRECTION('',(0.,0.,-1.));
#11281 = ORIENTED_EDGE('',*,*,#11282,.T.);
#11282 = EDGE_CURVE('',#11274,#11283,#11285,.T.);
#11283 = VERTEX_POINT('',#11284);
#11284 = CARTESIAN_POINT('',(2.646201938253,-1.755,0.468412044417));
#11285 = LINE('',#11286,#11287);
#11286 = CARTESIAN_POINT('',(2.682376446323,-1.755,0.232635182233));
#11287 = VECTOR('',#11288,1.);
#11288 = DIRECTION('',(-0.151652327974,-1.683679062546E-17,
    0.988433898356));
#11289 = ORIENTED_EDGE('',*,*,#11290,.T.);
#11290 = EDGE_CURVE('',#11283,#11291,#11293,.T.);
#11291 = VERTEX_POINT('',#11292);
#11292 = CARTESIAN_POINT('',(2.4,-1.755,0.675));
#11293 = CIRCLE('',#11294,0.25);
#11294 = AXIS2_PLACEMENT_3D('',#11295,#11296,#11297);
#11295 = CARTESIAN_POINT('',(2.4,-1.755,0.425));
#11296 = DIRECTION('',(1.110223024625E-16,-1.,0.));
#11297 = DIRECTION('',(0.984807753012,1.093356242223E-16,0.173648177667)
  );
#11298 = ORIENTED_EDGE('',*,*,#11299,.T.);
#11299 = EDGE_CURVE('',#11291,#5009,#11300,.T.);
#11300 = LINE('',#11301,#11302);
#11301 = CARTESIAN_POINT('',(2.4,-1.755,0.675));
#11302 = VECTOR('',#11303,1.);
#11303 = DIRECTION('',(-1.,-1.110223024625E-16,0.));
#11304 = PLANE('',#11305);
#11305 = AXIS2_PLACEMENT_3D('',#11306,#11307,#11308);
#11306 = CARTESIAN_POINT('',(2.637203454365,-1.755,0.317854565708));
#11307 = DIRECTION('',(1.110223024625E-16,-1.,0.));
#11308 = DIRECTION('',(0.,0.,1.));
#11309 = ADVANCED_FACE('',(#11310),#11326,.F.);
#11310 = FACE_BOUND('',#11311,.F.);
#11311 = EDGE_LOOP('',(#11312,#11318,#11319,#11325));
#11312 = ORIENTED_EDGE('',*,*,#11313,.F.);
#11313 = EDGE_CURVE('',#5009,#5855,#11314,.T.);
#11314 = LINE('',#11315,#11316);
#11315 = CARTESIAN_POINT('',(2.4,-1.755,0.675));
#11316 = VECTOR('',#11317,1.);
#11317 = DIRECTION('',(-1.,-1.110223024625E-16,0.));
#11318 = ORIENTED_EDGE('',*,*,#5025,.T.);
#11319 = ORIENTED_EDGE('',*,*,#11320,.T.);
#11320 = EDGE_CURVE('',#5018,#5863,#11321,.T.);
#11321 = LINE('',#11322,#11323);
#11322 = CARTESIAN_POINT('',(2.4,-2.145,0.675));
#11323 = VECTOR('',#11324,1.);
#11324 = DIRECTION('',(-1.,-1.110223024625E-16,0.));
#11325 = ORIENTED_EDGE('',*,*,#5862,.F.);
#11326 = PLANE('',#11327);
#11327 = AXIS2_PLACEMENT_3D('',#11328,#11329,#11330);
#11328 = CARTESIAN_POINT('',(-2.640908612089E-16,4.825,0.675));
#11329 = DIRECTION('',(-8.458391581173E-32,3.012014365389E-27,-1.));
#11330 = DIRECTION('',(1.,1.108771071988E-16,-8.45839158114E-32));
#11331 = ADVANCED_FACE('',(#11332),#11418,.F.);
#11332 = FACE_BOUND('',#11333,.F.);
#11333 = EDGE_LOOP('',(#11334,#11335,#11336,#11345,#11353,#11362,#11370,
    #11378,#11386,#11395,#11403,#11412));
#11334 = ORIENTED_EDGE('',*,*,#5017,.F.);
#11335 = ORIENTED_EDGE('',*,*,#5039,.T.);
#11336 = ORIENTED_EDGE('',*,*,#11337,.T.);
#11337 = EDGE_CURVE('',#5040,#11338,#11340,.T.);
#11338 = VERTEX_POINT('',#11339);
#11339 = CARTESIAN_POINT('',(2.498480775301,-2.145,0.442364817767));
#11340 = CIRCLE('',#11341,0.1);
#11341 = AXIS2_PLACEMENT_3D('',#11342,#11343,#11344);
#11342 = CARTESIAN_POINT('',(2.4,-2.145,0.425));
#11343 = DIRECTION('',(-1.110223024625E-16,1.,0.));
#11344 = DIRECTION('',(4.440892098501E-15,4.930380657631E-31,1.));
#11345 = ORIENTED_EDGE('',*,*,#11346,.T.);
#11346 = EDGE_CURVE('',#11338,#11347,#11349,.T.);
#11347 = VERTEX_POINT('',#11348);
#11348 = CARTESIAN_POINT('',(2.534655283371,-2.145,0.206587955583));
#11349 = LINE('',#11350,#11351);
#11350 = CARTESIAN_POINT('',(2.498480775301,-2.145,0.442364817767));
#11351 = VECTOR('',#11352,1.);
#11352 = DIRECTION('',(0.151652327974,1.683679062546E-17,-0.988433898356
    ));
#11353 = ORIENTED_EDGE('',*,*,#11354,.T.);
#11354 = EDGE_CURVE('',#11347,#11355,#11357,.T.);
#11355 = VERTEX_POINT('',#11356);
#11356 = CARTESIAN_POINT('',(2.780857221624,-2.145,-1.665334536938E-16)
  );
#11357 = CIRCLE('',#11358,0.25);
#11358 = AXIS2_PLACEMENT_3D('',#11359,#11360,#11361);
#11359 = CARTESIAN_POINT('',(2.780857221624,-2.145,0.25));
#11360 = DIRECTION('',(1.110223024625E-16,-1.,0.));
#11361 = DIRECTION('',(-0.984807753012,-1.093356242223E-16,
    -0.173648177667));
#11362 = ORIENTED_EDGE('',*,*,#11363,.T.);
#11363 = EDGE_CURVE('',#11355,#11364,#11366,.T.);
#11364 = VERTEX_POINT('',#11365);
#11365 = CARTESIAN_POINT('',(3.2,-2.145,-1.665334536938E-16));
#11366 = LINE('',#11367,#11368);
#11367 = CARTESIAN_POINT('',(2.780857221624,-2.145,-1.665334536938E-16)
  );
#11368 = VECTOR('',#11369,1.);
#11369 = DIRECTION('',(1.,1.110223024625E-16,0.));
#11370 = ORIENTED_EDGE('',*,*,#11371,.T.);
#11371 = EDGE_CURVE('',#11364,#11372,#11374,.T.);
#11372 = VERTEX_POINT('',#11373);
#11373 = CARTESIAN_POINT('',(3.2,-2.145,0.15));
#11374 = LINE('',#11375,#11376);
#11375 = CARTESIAN_POINT('',(3.2,-2.145,-1.665334536938E-16));
#11376 = VECTOR('',#11377,1.);
#11377 = DIRECTION('',(0.,0.,1.));
#11378 = ORIENTED_EDGE('',*,*,#11379,.T.);
#11379 = EDGE_CURVE('',#11372,#11380,#11382,.T.);
#11380 = VERTEX_POINT('',#11381);
#11381 = CARTESIAN_POINT('',(2.780857221624,-2.145,0.15));
#11382 = LINE('',#11383,#11384);
#11383 = CARTESIAN_POINT('',(3.2,-2.145,0.15));
#11384 = VECTOR('',#11385,1.);
#11385 = DIRECTION('',(-1.,-1.110223024625E-16,0.));
#11386 = ORIENTED_EDGE('',*,*,#11387,.T.);
#11387 = EDGE_CURVE('',#11380,#11388,#11390,.T.);
#11388 = VERTEX_POINT('',#11389);
#11389 = CARTESIAN_POINT('',(2.682376446323,-2.145,0.232635182233));
#11390 = CIRCLE('',#11391,0.1);
#11391 = AXIS2_PLACEMENT_3D('',#11392,#11393,#11394);
#11392 = CARTESIAN_POINT('',(2.780857221624,-2.145,0.25));
#11393 = DIRECTION('',(-1.110223024625E-16,1.,0.));
#11394 = DIRECTION('',(0.,0.,-1.));
#11395 = ORIENTED_EDGE('',*,*,#11396,.T.);
#11396 = EDGE_CURVE('',#11388,#11397,#11399,.T.);
#11397 = VERTEX_POINT('',#11398);
#11398 = CARTESIAN_POINT('',(2.646201938253,-2.145,0.468412044417));
#11399 = LINE('',#11400,#11401);
#11400 = CARTESIAN_POINT('',(2.682376446323,-2.145,0.232635182233));
#11401 = VECTOR('',#11402,1.);
#11402 = DIRECTION('',(-0.151652327974,-1.683679062546E-17,
    0.988433898356));
#11403 = ORIENTED_EDGE('',*,*,#11404,.T.);
#11404 = EDGE_CURVE('',#11397,#11405,#11407,.T.);
#11405 = VERTEX_POINT('',#11406);
#11406 = CARTESIAN_POINT('',(2.4,-2.145,0.675));
#11407 = CIRCLE('',#11408,0.25);
#11408 = AXIS2_PLACEMENT_3D('',#11409,#11410,#11411);
#11409 = CARTESIAN_POINT('',(2.4,-2.145,0.425));
#11410 = DIRECTION('',(1.110223024625E-16,-1.,0.));
#11411 = DIRECTION('',(0.984807753012,1.093356242223E-16,0.173648177667)
  );
#11412 = ORIENTED_EDGE('',*,*,#11413,.T.);
#11413 = EDGE_CURVE('',#11405,#5018,#11414,.T.);
#11414 = LINE('',#11415,#11416);
#11415 = CARTESIAN_POINT('',(2.4,-2.145,0.675));
#11416 = VECTOR('',#11417,1.);
#11417 = DIRECTION('',(-1.,-1.110223024625E-16,0.));
#11418 = PLANE('',#11419);
#11419 = AXIS2_PLACEMENT_3D('',#11420,#11421,#11422);
#11420 = CARTESIAN_POINT('',(2.637203454365,-2.145,0.317854565708));
#11421 = DIRECTION('',(1.110223024625E-16,-1.,0.));
#11422 = DIRECTION('',(0.,0.,1.));
#11423 = ADVANCED_FACE('',(#11424),#11443,.F.);
#11424 = FACE_BOUND('',#11425,.F.);
#11425 = EDGE_LOOP('',(#11426,#11427,#11436,#11442));
#11426 = ORIENTED_EDGE('',*,*,#5056,.T.);
#11427 = ORIENTED_EDGE('',*,*,#11428,.T.);
#11428 = EDGE_CURVE('',#5049,#11429,#11431,.T.);
#11429 = VERTEX_POINT('',#11430);
#11430 = CARTESIAN_POINT('',(2.498480775301,-2.405,0.442364817767));
#11431 = CIRCLE('',#11432,0.1);
#11432 = AXIS2_PLACEMENT_3D('',#11433,#11434,#11435);
#11433 = CARTESIAN_POINT('',(2.4,-2.405,0.425));
#11434 = DIRECTION('',(-1.110223024625E-16,1.,0.));
#11435 = DIRECTION('',(4.440892098501E-15,4.930380657631E-31,1.));
#11436 = ORIENTED_EDGE('',*,*,#11437,.F.);
#11437 = EDGE_CURVE('',#11338,#11429,#11438,.T.);
#11438 = LINE('',#11439,#11440);
#11439 = CARTESIAN_POINT('',(2.498480775301,-2.145,0.442364817767));
#11440 = VECTOR('',#11441,1.);
#11441 = DIRECTION('',(1.110223024625E-16,-1.,0.));
#11442 = ORIENTED_EDGE('',*,*,#11337,.F.);
#11443 = CYLINDRICAL_SURFACE('',#11444,0.1);
#11444 = AXIS2_PLACEMENT_3D('',#11445,#11446,#11447);
#11445 = CARTESIAN_POINT('',(2.4,-2.145,0.425));
#11446 = DIRECTION('',(-1.110223024625E-16,1.,0.));
#11447 = DIRECTION('',(4.440892098501E-15,4.930380657631E-31,1.));
#11448 = ADVANCED_FACE('',(#11449),#11527,.T.);
#11449 = FACE_BOUND('',#11450,.T.);
#11450 = EDGE_LOOP('',(#11451,#11452,#11453,#11454,#11462,#11471,#11479,
    #11487,#11495,#11504,#11512,#11521));
#11451 = ORIENTED_EDGE('',*,*,#5070,.F.);
#11452 = ORIENTED_EDGE('',*,*,#5048,.T.);
#11453 = ORIENTED_EDGE('',*,*,#11428,.T.);
#11454 = ORIENTED_EDGE('',*,*,#11455,.T.);
#11455 = EDGE_CURVE('',#11429,#11456,#11458,.T.);
#11456 = VERTEX_POINT('',#11457);
#11457 = CARTESIAN_POINT('',(2.534655283371,-2.405,0.206587955583));
#11458 = LINE('',#11459,#11460);
#11459 = CARTESIAN_POINT('',(2.498480775301,-2.405,0.442364817767));
#11460 = VECTOR('',#11461,1.);
#11461 = DIRECTION('',(0.151652327974,1.683679062546E-17,-0.988433898356
    ));
#11462 = ORIENTED_EDGE('',*,*,#11463,.T.);
#11463 = EDGE_CURVE('',#11456,#11464,#11466,.T.);
#11464 = VERTEX_POINT('',#11465);
#11465 = CARTESIAN_POINT('',(2.780857221624,-2.405,-1.665334536938E-16)
  );
#11466 = CIRCLE('',#11467,0.25);
#11467 = AXIS2_PLACEMENT_3D('',#11468,#11469,#11470);
#11468 = CARTESIAN_POINT('',(2.780857221624,-2.405,0.25));
#11469 = DIRECTION('',(1.110223024625E-16,-1.,0.));
#11470 = DIRECTION('',(-0.984807753012,-1.093356242223E-16,
    -0.173648177667));
#11471 = ORIENTED_EDGE('',*,*,#11472,.T.);
#11472 = EDGE_CURVE('',#11464,#11473,#11475,.T.);
#11473 = VERTEX_POINT('',#11474);
#11474 = CARTESIAN_POINT('',(3.2,-2.405,-1.665334536938E-16));
#11475 = LINE('',#11476,#11477);
#11476 = CARTESIAN_POINT('',(2.780857221624,-2.405,-1.665334536938E-16)
  );
#11477 = VECTOR('',#11478,1.);
#11478 = DIRECTION('',(1.,1.110223024625E-16,0.));
#11479 = ORIENTED_EDGE('',*,*,#11480,.T.);
#11480 = EDGE_CURVE('',#11473,#11481,#11483,.T.);
#11481 = VERTEX_POINT('',#11482);
#11482 = CARTESIAN_POINT('',(3.2,-2.405,0.15));
#11483 = LINE('',#11484,#11485);
#11484 = CARTESIAN_POINT('',(3.2,-2.405,-1.665334536938E-16));
#11485 = VECTOR('',#11486,1.);
#11486 = DIRECTION('',(0.,0.,1.));
#11487 = ORIENTED_EDGE('',*,*,#11488,.T.);
#11488 = EDGE_CURVE('',#11481,#11489,#11491,.T.);
#11489 = VERTEX_POINT('',#11490);
#11490 = CARTESIAN_POINT('',(2.780857221624,-2.405,0.15));
#11491 = LINE('',#11492,#11493);
#11492 = CARTESIAN_POINT('',(3.2,-2.405,0.15));
#11493 = VECTOR('',#11494,1.);
#11494 = DIRECTION('',(-1.,-1.110223024625E-16,0.));
#11495 = ORIENTED_EDGE('',*,*,#11496,.T.);
#11496 = EDGE_CURVE('',#11489,#11497,#11499,.T.);
#11497 = VERTEX_POINT('',#11498);
#11498 = CARTESIAN_POINT('',(2.682376446323,-2.405,0.232635182233));
#11499 = CIRCLE('',#11500,0.1);
#11500 = AXIS2_PLACEMENT_3D('',#11501,#11502,#11503);
#11501 = CARTESIAN_POINT('',(2.780857221624,-2.405,0.25));
#11502 = DIRECTION('',(-1.110223024625E-16,1.,0.));
#11503 = DIRECTION('',(0.,0.,-1.));
#11504 = ORIENTED_EDGE('',*,*,#11505,.T.);
#11505 = EDGE_CURVE('',#11497,#11506,#11508,.T.);
#11506 = VERTEX_POINT('',#11507);
#11507 = CARTESIAN_POINT('',(2.646201938253,-2.405,0.468412044417));
#11508 = LINE('',#11509,#11510);
#11509 = CARTESIAN_POINT('',(2.682376446323,-2.405,0.232635182233));
#11510 = VECTOR('',#11511,1.);
#11511 = DIRECTION('',(-0.151652327974,-1.683679062546E-17,
    0.988433898356));
#11512 = ORIENTED_EDGE('',*,*,#11513,.T.);
#11513 = EDGE_CURVE('',#11506,#11514,#11516,.T.);
#11514 = VERTEX_POINT('',#11515);
#11515 = CARTESIAN_POINT('',(2.4,-2.405,0.675));
#11516 = CIRCLE('',#11517,0.25);
#11517 = AXIS2_PLACEMENT_3D('',#11518,#11519,#11520);
#11518 = CARTESIAN_POINT('',(2.4,-2.405,0.425));
#11519 = DIRECTION('',(1.110223024625E-16,-1.,0.));
#11520 = DIRECTION('',(0.984807753012,1.093356242223E-16,0.173648177667)
  );
#11521 = ORIENTED_EDGE('',*,*,#11522,.T.);
#11522 = EDGE_CURVE('',#11514,#5071,#11523,.T.);
#11523 = LINE('',#11524,#11525);
#11524 = CARTESIAN_POINT('',(2.4,-2.405,0.675));
#11525 = VECTOR('',#11526,1.);
#11526 = DIRECTION('',(-1.,-1.110223024625E-16,0.));
#11527 = PLANE('',#11528);
#11528 = AXIS2_PLACEMENT_3D('',#11529,#11530,#11531);
#11529 = CARTESIAN_POINT('',(2.637203454365,-2.405,0.317854565708));
#11530 = DIRECTION('',(1.110223024625E-16,-1.,0.));
#11531 = DIRECTION('',(0.,0.,1.));
#11532 = ADVANCED_FACE('',(#11533),#11549,.F.);
#11533 = FACE_BOUND('',#11534,.F.);
#11534 = EDGE_LOOP('',(#11535,#11541,#11542,#11548));
#11535 = ORIENTED_EDGE('',*,*,#11536,.F.);
#11536 = EDGE_CURVE('',#5071,#5871,#11537,.T.);
#11537 = LINE('',#11538,#11539);
#11538 = CARTESIAN_POINT('',(2.4,-2.405,0.675));
#11539 = VECTOR('',#11540,1.);
#11540 = DIRECTION('',(-1.,-1.110223024625E-16,0.));
#11541 = ORIENTED_EDGE('',*,*,#5087,.T.);
#11542 = ORIENTED_EDGE('',*,*,#11543,.T.);
#11543 = EDGE_CURVE('',#5080,#5879,#11544,.T.);
#11544 = LINE('',#11545,#11546);
#11545 = CARTESIAN_POINT('',(2.4,-2.795,0.675));
#11546 = VECTOR('',#11547,1.);
#11547 = DIRECTION('',(-1.,-1.110223024625E-16,0.));
#11548 = ORIENTED_EDGE('',*,*,#5878,.F.);
#11549 = PLANE('',#11550);
#11550 = AXIS2_PLACEMENT_3D('',#11551,#11552,#11553);
#11551 = CARTESIAN_POINT('',(-2.640908612089E-16,4.825,0.675));
#11552 = DIRECTION('',(-8.458391581173E-32,3.012014365389E-27,-1.));
#11553 = DIRECTION('',(1.,1.108771071988E-16,-8.45839158114E-32));
#11554 = ADVANCED_FACE('',(#11555),#11641,.F.);
#11555 = FACE_BOUND('',#11556,.F.);
#11556 = EDGE_LOOP('',(#11557,#11558,#11559,#11568,#11576,#11585,#11593,
    #11601,#11609,#11618,#11626,#11635));
#11557 = ORIENTED_EDGE('',*,*,#5079,.F.);
#11558 = ORIENTED_EDGE('',*,*,#5101,.T.);
#11559 = ORIENTED_EDGE('',*,*,#11560,.T.);
#11560 = EDGE_CURVE('',#5102,#11561,#11563,.T.);
#11561 = VERTEX_POINT('',#11562);
#11562 = CARTESIAN_POINT('',(2.498480775301,-2.795,0.442364817767));
#11563 = CIRCLE('',#11564,0.1);
#11564 = AXIS2_PLACEMENT_3D('',#11565,#11566,#11567);
#11565 = CARTESIAN_POINT('',(2.4,-2.795,0.425));
#11566 = DIRECTION('',(-1.110223024625E-16,1.,0.));
#11567 = DIRECTION('',(4.440892098501E-15,4.930380657631E-31,1.));
#11568 = ORIENTED_EDGE('',*,*,#11569,.T.);
#11569 = EDGE_CURVE('',#11561,#11570,#11572,.T.);
#11570 = VERTEX_POINT('',#11571);
#11571 = CARTESIAN_POINT('',(2.534655283371,-2.795,0.206587955583));
#11572 = LINE('',#11573,#11574);
#11573 = CARTESIAN_POINT('',(2.498480775301,-2.795,0.442364817767));
#11574 = VECTOR('',#11575,1.);
#11575 = DIRECTION('',(0.151652327974,1.683679062546E-17,-0.988433898356
    ));
#11576 = ORIENTED_EDGE('',*,*,#11577,.T.);
#11577 = EDGE_CURVE('',#11570,#11578,#11580,.T.);
#11578 = VERTEX_POINT('',#11579);
#11579 = CARTESIAN_POINT('',(2.780857221624,-2.795,-1.665334536938E-16)
  );
#11580 = CIRCLE('',#11581,0.25);
#11581 = AXIS2_PLACEMENT_3D('',#11582,#11583,#11584);
#11582 = CARTESIAN_POINT('',(2.780857221624,-2.795,0.25));
#11583 = DIRECTION('',(1.110223024625E-16,-1.,0.));
#11584 = DIRECTION('',(-0.984807753012,-1.093356242223E-16,
    -0.173648177667));
#11585 = ORIENTED_EDGE('',*,*,#11586,.T.);
#11586 = EDGE_CURVE('',#11578,#11587,#11589,.T.);
#11587 = VERTEX_POINT('',#11588);
#11588 = CARTESIAN_POINT('',(3.2,-2.795,-1.665334536938E-16));
#11589 = LINE('',#11590,#11591);
#11590 = CARTESIAN_POINT('',(2.780857221624,-2.795,-1.665334536938E-16)
  );
#11591 = VECTOR('',#11592,1.);
#11592 = DIRECTION('',(1.,1.110223024625E-16,0.));
#11593 = ORIENTED_EDGE('',*,*,#11594,.T.);
#11594 = EDGE_CURVE('',#11587,#11595,#11597,.T.);
#11595 = VERTEX_POINT('',#11596);
#11596 = CARTESIAN_POINT('',(3.2,-2.795,0.15));
#11597 = LINE('',#11598,#11599);
#11598 = CARTESIAN_POINT('',(3.2,-2.795,-1.665334536938E-16));
#11599 = VECTOR('',#11600,1.);
#11600 = DIRECTION('',(0.,0.,1.));
#11601 = ORIENTED_EDGE('',*,*,#11602,.T.);
#11602 = EDGE_CURVE('',#11595,#11603,#11605,.T.);
#11603 = VERTEX_POINT('',#11604);
#11604 = CARTESIAN_POINT('',(2.780857221624,-2.795,0.15));
#11605 = LINE('',#11606,#11607);
#11606 = CARTESIAN_POINT('',(3.2,-2.795,0.15));
#11607 = VECTOR('',#11608,1.);
#11608 = DIRECTION('',(-1.,-1.110223024625E-16,0.));
#11609 = ORIENTED_EDGE('',*,*,#11610,.T.);
#11610 = EDGE_CURVE('',#11603,#11611,#11613,.T.);
#11611 = VERTEX_POINT('',#11612);
#11612 = CARTESIAN_POINT('',(2.682376446323,-2.795,0.232635182233));
#11613 = CIRCLE('',#11614,0.1);
#11614 = AXIS2_PLACEMENT_3D('',#11615,#11616,#11617);
#11615 = CARTESIAN_POINT('',(2.780857221624,-2.795,0.25));
#11616 = DIRECTION('',(-1.110223024625E-16,1.,0.));
#11617 = DIRECTION('',(0.,0.,-1.));
#11618 = ORIENTED_EDGE('',*,*,#11619,.T.);
#11619 = EDGE_CURVE('',#11611,#11620,#11622,.T.);
#11620 = VERTEX_POINT('',#11621);
#11621 = CARTESIAN_POINT('',(2.646201938253,-2.795,0.468412044417));
#11622 = LINE('',#11623,#11624);
#11623 = CARTESIAN_POINT('',(2.682376446323,-2.795,0.232635182233));
#11624 = VECTOR('',#11625,1.);
#11625 = DIRECTION('',(-0.151652327974,-1.683679062546E-17,
    0.988433898356));
#11626 = ORIENTED_EDGE('',*,*,#11627,.T.);
#11627 = EDGE_CURVE('',#11620,#11628,#11630,.T.);
#11628 = VERTEX_POINT('',#11629);
#11629 = CARTESIAN_POINT('',(2.4,-2.795,0.675));
#11630 = CIRCLE('',#11631,0.25);
#11631 = AXIS2_PLACEMENT_3D('',#11632,#11633,#11634);
#11632 = CARTESIAN_POINT('',(2.4,-2.795,0.425));
#11633 = DIRECTION('',(1.110223024625E-16,-1.,0.));
#11634 = DIRECTION('',(0.984807753012,1.093356242223E-16,0.173648177667)
  );
#11635 = ORIENTED_EDGE('',*,*,#11636,.T.);
#11636 = EDGE_CURVE('',#11628,#5080,#11637,.T.);
#11637 = LINE('',#11638,#11639);
#11638 = CARTESIAN_POINT('',(2.4,-2.795,0.675));
#11639 = VECTOR('',#11640,1.);
#11640 = DIRECTION('',(-1.,-1.110223024625E-16,0.));
#11641 = PLANE('',#11642);
#11642 = AXIS2_PLACEMENT_3D('',#11643,#11644,#11645);
#11643 = CARTESIAN_POINT('',(2.637203454365,-2.795,0.317854565708));
#11644 = DIRECTION('',(1.110223024625E-16,-1.,0.));
#11645 = DIRECTION('',(0.,0.,1.));
#11646 = ADVANCED_FACE('',(#11647),#11666,.F.);
#11647 = FACE_BOUND('',#11648,.F.);
#11648 = EDGE_LOOP('',(#11649,#11650,#11659,#11665));
#11649 = ORIENTED_EDGE('',*,*,#5118,.T.);
#11650 = ORIENTED_EDGE('',*,*,#11651,.T.);
#11651 = EDGE_CURVE('',#5111,#11652,#11654,.T.);
#11652 = VERTEX_POINT('',#11653);
#11653 = CARTESIAN_POINT('',(2.498480775301,-3.055,0.442364817767));
#11654 = CIRCLE('',#11655,0.1);
#11655 = AXIS2_PLACEMENT_3D('',#11656,#11657,#11658);
#11656 = CARTESIAN_POINT('',(2.4,-3.055,0.425));
#11657 = DIRECTION('',(-1.110223024625E-16,1.,0.));
#11658 = DIRECTION('',(4.440892098501E-15,4.930380657631E-31,1.));
#11659 = ORIENTED_EDGE('',*,*,#11660,.F.);
#11660 = EDGE_CURVE('',#11561,#11652,#11661,.T.);
#11661 = LINE('',#11662,#11663);
#11662 = CARTESIAN_POINT('',(2.498480775301,-2.795,0.442364817767));
#11663 = VECTOR('',#11664,1.);
#11664 = DIRECTION('',(1.110223024625E-16,-1.,0.));
#11665 = ORIENTED_EDGE('',*,*,#11560,.F.);
#11666 = CYLINDRICAL_SURFACE('',#11667,0.1);
#11667 = AXIS2_PLACEMENT_3D('',#11668,#11669,#11670);
#11668 = CARTESIAN_POINT('',(2.4,-2.795,0.425));
#11669 = DIRECTION('',(-1.110223024625E-16,1.,0.));
#11670 = DIRECTION('',(4.440892098501E-15,4.930380657631E-31,1.));
#11671 = ADVANCED_FACE('',(#11672),#11750,.T.);
#11672 = FACE_BOUND('',#11673,.T.);
#11673 = EDGE_LOOP('',(#11674,#11675,#11676,#11677,#11685,#11694,#11702,
    #11710,#11718,#11727,#11735,#11744));
#11674 = ORIENTED_EDGE('',*,*,#5132,.F.);
#11675 = ORIENTED_EDGE('',*,*,#5110,.T.);
#11676 = ORIENTED_EDGE('',*,*,#11651,.T.);
#11677 = ORIENTED_EDGE('',*,*,#11678,.T.);
#11678 = EDGE_CURVE('',#11652,#11679,#11681,.T.);
#11679 = VERTEX_POINT('',#11680);
#11680 = CARTESIAN_POINT('',(2.534655283371,-3.055,0.206587955583));
#11681 = LINE('',#11682,#11683);
#11682 = CARTESIAN_POINT('',(2.498480775301,-3.055,0.442364817767));
#11683 = VECTOR('',#11684,1.);
#11684 = DIRECTION('',(0.151652327974,1.683679062546E-17,-0.988433898356
    ));
#11685 = ORIENTED_EDGE('',*,*,#11686,.T.);
#11686 = EDGE_CURVE('',#11679,#11687,#11689,.T.);
#11687 = VERTEX_POINT('',#11688);
#11688 = CARTESIAN_POINT('',(2.780857221624,-3.055,-1.665334536938E-16)
  );
#11689 = CIRCLE('',#11690,0.25);
#11690 = AXIS2_PLACEMENT_3D('',#11691,#11692,#11693);
#11691 = CARTESIAN_POINT('',(2.780857221624,-3.055,0.25));
#11692 = DIRECTION('',(1.110223024625E-16,-1.,0.));
#11693 = DIRECTION('',(-0.984807753012,-1.093356242223E-16,
    -0.173648177667));
#11694 = ORIENTED_EDGE('',*,*,#11695,.T.);
#11695 = EDGE_CURVE('',#11687,#11696,#11698,.T.);
#11696 = VERTEX_POINT('',#11697);
#11697 = CARTESIAN_POINT('',(3.2,-3.055,-1.665334536938E-16));
#11698 = LINE('',#11699,#11700);
#11699 = CARTESIAN_POINT('',(2.780857221624,-3.055,-1.665334536938E-16)
  );
#11700 = VECTOR('',#11701,1.);
#11701 = DIRECTION('',(1.,1.110223024625E-16,0.));
#11702 = ORIENTED_EDGE('',*,*,#11703,.T.);
#11703 = EDGE_CURVE('',#11696,#11704,#11706,.T.);
#11704 = VERTEX_POINT('',#11705);
#11705 = CARTESIAN_POINT('',(3.2,-3.055,0.15));
#11706 = LINE('',#11707,#11708);
#11707 = CARTESIAN_POINT('',(3.2,-3.055,-1.665334536938E-16));
#11708 = VECTOR('',#11709,1.);
#11709 = DIRECTION('',(0.,0.,1.));
#11710 = ORIENTED_EDGE('',*,*,#11711,.T.);
#11711 = EDGE_CURVE('',#11704,#11712,#11714,.T.);
#11712 = VERTEX_POINT('',#11713);
#11713 = CARTESIAN_POINT('',(2.780857221624,-3.055,0.15));
#11714 = LINE('',#11715,#11716);
#11715 = CARTESIAN_POINT('',(3.2,-3.055,0.15));
#11716 = VECTOR('',#11717,1.);
#11717 = DIRECTION('',(-1.,-1.110223024625E-16,0.));
#11718 = ORIENTED_EDGE('',*,*,#11719,.T.);
#11719 = EDGE_CURVE('',#11712,#11720,#11722,.T.);
#11720 = VERTEX_POINT('',#11721);
#11721 = CARTESIAN_POINT('',(2.682376446323,-3.055,0.232635182233));
#11722 = CIRCLE('',#11723,0.1);
#11723 = AXIS2_PLACEMENT_3D('',#11724,#11725,#11726);
#11724 = CARTESIAN_POINT('',(2.780857221624,-3.055,0.25));
#11725 = DIRECTION('',(-1.110223024625E-16,1.,0.));
#11726 = DIRECTION('',(0.,0.,-1.));
#11727 = ORIENTED_EDGE('',*,*,#11728,.T.);
#11728 = EDGE_CURVE('',#11720,#11729,#11731,.T.);
#11729 = VERTEX_POINT('',#11730);
#11730 = CARTESIAN_POINT('',(2.646201938253,-3.055,0.468412044417));
#11731 = LINE('',#11732,#11733);
#11732 = CARTESIAN_POINT('',(2.682376446323,-3.055,0.232635182233));
#11733 = VECTOR('',#11734,1.);
#11734 = DIRECTION('',(-0.151652327974,-1.683679062546E-17,
    0.988433898356));
#11735 = ORIENTED_EDGE('',*,*,#11736,.T.);
#11736 = EDGE_CURVE('',#11729,#11737,#11739,.T.);
#11737 = VERTEX_POINT('',#11738);
#11738 = CARTESIAN_POINT('',(2.4,-3.055,0.675));
#11739 = CIRCLE('',#11740,0.25);
#11740 = AXIS2_PLACEMENT_3D('',#11741,#11742,#11743);
#11741 = CARTESIAN_POINT('',(2.4,-3.055,0.425));
#11742 = DIRECTION('',(1.110223024625E-16,-1.,0.));
#11743 = DIRECTION('',(0.984807753012,1.093356242223E-16,0.173648177667)
  );
#11744 = ORIENTED_EDGE('',*,*,#11745,.T.);
#11745 = EDGE_CURVE('',#11737,#5133,#11746,.T.);
#11746 = LINE('',#11747,#11748);
#11747 = CARTESIAN_POINT('',(2.4,-3.055,0.675));
#11748 = VECTOR('',#11749,1.);
#11749 = DIRECTION('',(-1.,-1.110223024625E-16,0.));
#11750 = PLANE('',#11751);
#11751 = AXIS2_PLACEMENT_3D('',#11752,#11753,#11754);
#11752 = CARTESIAN_POINT('',(2.637203454365,-3.055,0.317854565708));
#11753 = DIRECTION('',(1.110223024625E-16,-1.,0.));
#11754 = DIRECTION('',(0.,0.,1.));
#11755 = ADVANCED_FACE('',(#11756),#11772,.F.);
#11756 = FACE_BOUND('',#11757,.F.);
#11757 = EDGE_LOOP('',(#11758,#11764,#11765,#11771));
#11758 = ORIENTED_EDGE('',*,*,#11759,.F.);
#11759 = EDGE_CURVE('',#5133,#5887,#11760,.T.);
#11760 = LINE('',#11761,#11762);
#11761 = CARTESIAN_POINT('',(2.4,-3.055,0.675));
#11762 = VECTOR('',#11763,1.);
#11763 = DIRECTION('',(-1.,-1.110223024625E-16,0.));
#11764 = ORIENTED_EDGE('',*,*,#5149,.T.);
#11765 = ORIENTED_EDGE('',*,*,#11766,.T.);
#11766 = EDGE_CURVE('',#5142,#5895,#11767,.T.);
#11767 = LINE('',#11768,#11769);
#11768 = CARTESIAN_POINT('',(2.4,-3.445,0.675));
#11769 = VECTOR('',#11770,1.);
#11770 = DIRECTION('',(-1.,-1.110223024625E-16,0.));
#11771 = ORIENTED_EDGE('',*,*,#5894,.F.);
#11772 = PLANE('',#11773);
#11773 = AXIS2_PLACEMENT_3D('',#11774,#11775,#11776);
#11774 = CARTESIAN_POINT('',(-2.640908612089E-16,4.825,0.675));
#11775 = DIRECTION('',(-8.458391581173E-32,3.012014365389E-27,-1.));
#11776 = DIRECTION('',(1.,1.108771071988E-16,-8.45839158114E-32));
#11777 = ADVANCED_FACE('',(#11778),#11864,.F.);
#11778 = FACE_BOUND('',#11779,.F.);
#11779 = EDGE_LOOP('',(#11780,#11781,#11782,#11791,#11799,#11808,#11816,
    #11824,#11832,#11841,#11849,#11858));
#11780 = ORIENTED_EDGE('',*,*,#5141,.F.);
#11781 = ORIENTED_EDGE('',*,*,#5163,.T.);
#11782 = ORIENTED_EDGE('',*,*,#11783,.T.);
#11783 = EDGE_CURVE('',#5164,#11784,#11786,.T.);
#11784 = VERTEX_POINT('',#11785);
#11785 = CARTESIAN_POINT('',(2.498480775301,-3.445,0.442364817767));
#11786 = CIRCLE('',#11787,0.1);
#11787 = AXIS2_PLACEMENT_3D('',#11788,#11789,#11790);
#11788 = CARTESIAN_POINT('',(2.4,-3.445,0.425));
#11789 = DIRECTION('',(-1.110223024625E-16,1.,0.));
#11790 = DIRECTION('',(4.440892098501E-15,4.930380657631E-31,1.));
#11791 = ORIENTED_EDGE('',*,*,#11792,.T.);
#11792 = EDGE_CURVE('',#11784,#11793,#11795,.T.);
#11793 = VERTEX_POINT('',#11794);
#11794 = CARTESIAN_POINT('',(2.534655283371,-3.445,0.206587955583));
#11795 = LINE('',#11796,#11797);
#11796 = CARTESIAN_POINT('',(2.498480775301,-3.445,0.442364817767));
#11797 = VECTOR('',#11798,1.);
#11798 = DIRECTION('',(0.151652327974,1.683679062546E-17,-0.988433898356
    ));
#11799 = ORIENTED_EDGE('',*,*,#11800,.T.);
#11800 = EDGE_CURVE('',#11793,#11801,#11803,.T.);
#11801 = VERTEX_POINT('',#11802);
#11802 = CARTESIAN_POINT('',(2.780857221624,-3.445,-1.665334536938E-16)
  );
#11803 = CIRCLE('',#11804,0.25);
#11804 = AXIS2_PLACEMENT_3D('',#11805,#11806,#11807);
#11805 = CARTESIAN_POINT('',(2.780857221624,-3.445,0.25));
#11806 = DIRECTION('',(1.110223024625E-16,-1.,0.));
#11807 = DIRECTION('',(-0.984807753012,-1.093356242223E-16,
    -0.173648177667));
#11808 = ORIENTED_EDGE('',*,*,#11809,.T.);
#11809 = EDGE_CURVE('',#11801,#11810,#11812,.T.);
#11810 = VERTEX_POINT('',#11811);
#11811 = CARTESIAN_POINT('',(3.2,-3.445,-1.665334536938E-16));
#11812 = LINE('',#11813,#11814);
#11813 = CARTESIAN_POINT('',(2.780857221624,-3.445,-1.665334536938E-16)
  );
#11814 = VECTOR('',#11815,1.);
#11815 = DIRECTION('',(1.,1.110223024625E-16,0.));
#11816 = ORIENTED_EDGE('',*,*,#11817,.T.);
#11817 = EDGE_CURVE('',#11810,#11818,#11820,.T.);
#11818 = VERTEX_POINT('',#11819);
#11819 = CARTESIAN_POINT('',(3.2,-3.445,0.15));
#11820 = LINE('',#11821,#11822);
#11821 = CARTESIAN_POINT('',(3.2,-3.445,-1.665334536938E-16));
#11822 = VECTOR('',#11823,1.);
#11823 = DIRECTION('',(0.,0.,1.));
#11824 = ORIENTED_EDGE('',*,*,#11825,.T.);
#11825 = EDGE_CURVE('',#11818,#11826,#11828,.T.);
#11826 = VERTEX_POINT('',#11827);
#11827 = CARTESIAN_POINT('',(2.780857221624,-3.445,0.15));
#11828 = LINE('',#11829,#11830);
#11829 = CARTESIAN_POINT('',(3.2,-3.445,0.15));
#11830 = VECTOR('',#11831,1.);
#11831 = DIRECTION('',(-1.,-1.110223024625E-16,0.));
#11832 = ORIENTED_EDGE('',*,*,#11833,.T.);
#11833 = EDGE_CURVE('',#11826,#11834,#11836,.T.);
#11834 = VERTEX_POINT('',#11835);
#11835 = CARTESIAN_POINT('',(2.682376446323,-3.445,0.232635182233));
#11836 = CIRCLE('',#11837,0.1);
#11837 = AXIS2_PLACEMENT_3D('',#11838,#11839,#11840);
#11838 = CARTESIAN_POINT('',(2.780857221624,-3.445,0.25));
#11839 = DIRECTION('',(-1.110223024625E-16,1.,0.));
#11840 = DIRECTION('',(0.,0.,-1.));
#11841 = ORIENTED_EDGE('',*,*,#11842,.T.);
#11842 = EDGE_CURVE('',#11834,#11843,#11845,.T.);
#11843 = VERTEX_POINT('',#11844);
#11844 = CARTESIAN_POINT('',(2.646201938253,-3.445,0.468412044417));
#11845 = LINE('',#11846,#11847);
#11846 = CARTESIAN_POINT('',(2.682376446323,-3.445,0.232635182233));
#11847 = VECTOR('',#11848,1.);
#11848 = DIRECTION('',(-0.151652327974,-1.683679062546E-17,
    0.988433898356));
#11849 = ORIENTED_EDGE('',*,*,#11850,.T.);
#11850 = EDGE_CURVE('',#11843,#11851,#11853,.T.);
#11851 = VERTEX_POINT('',#11852);
#11852 = CARTESIAN_POINT('',(2.4,-3.445,0.675));
#11853 = CIRCLE('',#11854,0.25);
#11854 = AXIS2_PLACEMENT_3D('',#11855,#11856,#11857);
#11855 = CARTESIAN_POINT('',(2.4,-3.445,0.425));
#11856 = DIRECTION('',(1.110223024625E-16,-1.,0.));
#11857 = DIRECTION('',(0.984807753012,1.093356242223E-16,0.173648177667)
  );
#11858 = ORIENTED_EDGE('',*,*,#11859,.T.);
#11859 = EDGE_CURVE('',#11851,#5142,#11860,.T.);
#11860 = LINE('',#11861,#11862);
#11861 = CARTESIAN_POINT('',(2.4,-3.445,0.675));
#11862 = VECTOR('',#11863,1.);
#11863 = DIRECTION('',(-1.,-1.110223024625E-16,0.));
#11864 = PLANE('',#11865);
#11865 = AXIS2_PLACEMENT_3D('',#11866,#11867,#11868);
#11866 = CARTESIAN_POINT('',(2.637203454365,-3.445,0.317854565708));
#11867 = DIRECTION('',(1.110223024625E-16,-1.,0.));
#11868 = DIRECTION('',(0.,0.,1.));
#11869 = ADVANCED_FACE('',(#11870),#11889,.F.);
#11870 = FACE_BOUND('',#11871,.F.);
#11871 = EDGE_LOOP('',(#11872,#11873,#11882,#11888));
#11872 = ORIENTED_EDGE('',*,*,#5180,.T.);
#11873 = ORIENTED_EDGE('',*,*,#11874,.T.);
#11874 = EDGE_CURVE('',#5173,#11875,#11877,.T.);
#11875 = VERTEX_POINT('',#11876);
#11876 = CARTESIAN_POINT('',(2.498480775301,-3.705,0.442364817767));
#11877 = CIRCLE('',#11878,0.1);
#11878 = AXIS2_PLACEMENT_3D('',#11879,#11880,#11881);
#11879 = CARTESIAN_POINT('',(2.4,-3.705,0.425));
#11880 = DIRECTION('',(-1.110223024625E-16,1.,0.));
#11881 = DIRECTION('',(4.440892098501E-15,4.930380657631E-31,1.));
#11882 = ORIENTED_EDGE('',*,*,#11883,.F.);
#11883 = EDGE_CURVE('',#11784,#11875,#11884,.T.);
#11884 = LINE('',#11885,#11886);
#11885 = CARTESIAN_POINT('',(2.498480775301,-3.445,0.442364817767));
#11886 = VECTOR('',#11887,1.);
#11887 = DIRECTION('',(1.110223024625E-16,-1.,0.));
#11888 = ORIENTED_EDGE('',*,*,#11783,.F.);
#11889 = CYLINDRICAL_SURFACE('',#11890,0.1);
#11890 = AXIS2_PLACEMENT_3D('',#11891,#11892,#11893);
#11891 = CARTESIAN_POINT('',(2.4,-3.445,0.425));
#11892 = DIRECTION('',(-1.110223024625E-16,1.,0.));
#11893 = DIRECTION('',(4.440892098501E-15,4.930380657631E-31,1.));
#11894 = ADVANCED_FACE('',(#11895),#11973,.T.);
#11895 = FACE_BOUND('',#11896,.T.);
#11896 = EDGE_LOOP('',(#11897,#11898,#11899,#11900,#11908,#11917,#11925,
    #11933,#11941,#11950,#11958,#11967));
#11897 = ORIENTED_EDGE('',*,*,#5194,.F.);
#11898 = ORIENTED_EDGE('',*,*,#5172,.T.);
#11899 = ORIENTED_EDGE('',*,*,#11874,.T.);
#11900 = ORIENTED_EDGE('',*,*,#11901,.T.);
#11901 = EDGE_CURVE('',#11875,#11902,#11904,.T.);
#11902 = VERTEX_POINT('',#11903);
#11903 = CARTESIAN_POINT('',(2.534655283371,-3.705,0.206587955583));
#11904 = LINE('',#11905,#11906);
#11905 = CARTESIAN_POINT('',(2.498480775301,-3.705,0.442364817767));
#11906 = VECTOR('',#11907,1.);
#11907 = DIRECTION('',(0.151652327974,1.683679062546E-17,-0.988433898356
    ));
#11908 = ORIENTED_EDGE('',*,*,#11909,.T.);
#11909 = EDGE_CURVE('',#11902,#11910,#11912,.T.);
#11910 = VERTEX_POINT('',#11911);
#11911 = CARTESIAN_POINT('',(2.780857221624,-3.705,-1.665334536938E-16)
  );
#11912 = CIRCLE('',#11913,0.25);
#11913 = AXIS2_PLACEMENT_3D('',#11914,#11915,#11916);
#11914 = CARTESIAN_POINT('',(2.780857221624,-3.705,0.25));
#11915 = DIRECTION('',(1.110223024625E-16,-1.,0.));
#11916 = DIRECTION('',(-0.984807753012,-1.093356242223E-16,
    -0.173648177667));
#11917 = ORIENTED_EDGE('',*,*,#11918,.T.);
#11918 = EDGE_CURVE('',#11910,#11919,#11921,.T.);
#11919 = VERTEX_POINT('',#11920);
#11920 = CARTESIAN_POINT('',(3.2,-3.705,-1.665334536938E-16));
#11921 = LINE('',#11922,#11923);
#11922 = CARTESIAN_POINT('',(2.780857221624,-3.705,-1.665334536938E-16)
  );
#11923 = VECTOR('',#11924,1.);
#11924 = DIRECTION('',(1.,1.110223024625E-16,0.));
#11925 = ORIENTED_EDGE('',*,*,#11926,.T.);
#11926 = EDGE_CURVE('',#11919,#11927,#11929,.T.);
#11927 = VERTEX_POINT('',#11928);
#11928 = CARTESIAN_POINT('',(3.2,-3.705,0.15));
#11929 = LINE('',#11930,#11931);
#11930 = CARTESIAN_POINT('',(3.2,-3.705,-1.665334536938E-16));
#11931 = VECTOR('',#11932,1.);
#11932 = DIRECTION('',(0.,0.,1.));
#11933 = ORIENTED_EDGE('',*,*,#11934,.T.);
#11934 = EDGE_CURVE('',#11927,#11935,#11937,.T.);
#11935 = VERTEX_POINT('',#11936);
#11936 = CARTESIAN_POINT('',(2.780857221624,-3.705,0.15));
#11937 = LINE('',#11938,#11939);
#11938 = CARTESIAN_POINT('',(3.2,-3.705,0.15));
#11939 = VECTOR('',#11940,1.);
#11940 = DIRECTION('',(-1.,-1.110223024625E-16,0.));
#11941 = ORIENTED_EDGE('',*,*,#11942,.T.);
#11942 = EDGE_CURVE('',#11935,#11943,#11945,.T.);
#11943 = VERTEX_POINT('',#11944);
#11944 = CARTESIAN_POINT('',(2.682376446323,-3.705,0.232635182233));
#11945 = CIRCLE('',#11946,0.1);
#11946 = AXIS2_PLACEMENT_3D('',#11947,#11948,#11949);
#11947 = CARTESIAN_POINT('',(2.780857221624,-3.705,0.25));
#11948 = DIRECTION('',(-1.110223024625E-16,1.,0.));
#11949 = DIRECTION('',(0.,0.,-1.));
#11950 = ORIENTED_EDGE('',*,*,#11951,.T.);
#11951 = EDGE_CURVE('',#11943,#11952,#11954,.T.);
#11952 = VERTEX_POINT('',#11953);
#11953 = CARTESIAN_POINT('',(2.646201938253,-3.705,0.468412044417));
#11954 = LINE('',#11955,#11956);
#11955 = CARTESIAN_POINT('',(2.682376446323,-3.705,0.232635182233));
#11956 = VECTOR('',#11957,1.);
#11957 = DIRECTION('',(-0.151652327974,-1.683679062546E-17,
    0.988433898356));
#11958 = ORIENTED_EDGE('',*,*,#11959,.T.);
#11959 = EDGE_CURVE('',#11952,#11960,#11962,.T.);
#11960 = VERTEX_POINT('',#11961);
#11961 = CARTESIAN_POINT('',(2.4,-3.705,0.675));
#11962 = CIRCLE('',#11963,0.25);
#11963 = AXIS2_PLACEMENT_3D('',#11964,#11965,#11966);
#11964 = CARTESIAN_POINT('',(2.4,-3.705,0.425));
#11965 = DIRECTION('',(1.110223024625E-16,-1.,0.));
#11966 = DIRECTION('',(0.984807753012,1.093356242223E-16,0.173648177667)
  );
#11967 = ORIENTED_EDGE('',*,*,#11968,.T.);
#11968 = EDGE_CURVE('',#11960,#5195,#11969,.T.);
#11969 = LINE('',#11970,#11971);
#11970 = CARTESIAN_POINT('',(2.4,-3.705,0.675));
#11971 = VECTOR('',#11972,1.);
#11972 = DIRECTION('',(-1.,-1.110223024625E-16,0.));
#11973 = PLANE('',#11974);
#11974 = AXIS2_PLACEMENT_3D('',#11975,#11976,#11977);
#11975 = CARTESIAN_POINT('',(2.637203454365,-3.705,0.317854565708));
#11976 = DIRECTION('',(1.110223024625E-16,-1.,0.));
#11977 = DIRECTION('',(0.,0.,1.));
#11978 = ADVANCED_FACE('',(#11979),#11995,.F.);
#11979 = FACE_BOUND('',#11980,.F.);
#11980 = EDGE_LOOP('',(#11981,#11987,#11988,#11994));
#11981 = ORIENTED_EDGE('',*,*,#11982,.F.);
#11982 = EDGE_CURVE('',#5195,#5903,#11983,.T.);
#11983 = LINE('',#11984,#11985);
#11984 = CARTESIAN_POINT('',(2.4,-3.705,0.675));
#11985 = VECTOR('',#11986,1.);
#11986 = DIRECTION('',(-1.,-1.110223024625E-16,0.));
#11987 = ORIENTED_EDGE('',*,*,#5211,.T.);
#11988 = ORIENTED_EDGE('',*,*,#11989,.T.);
#11989 = EDGE_CURVE('',#5204,#5911,#11990,.T.);
#11990 = LINE('',#11991,#11992);
#11991 = CARTESIAN_POINT('',(2.4,-4.095,0.675));
#11992 = VECTOR('',#11993,1.);
#11993 = DIRECTION('',(-1.,-1.110223024625E-16,0.));
#11994 = ORIENTED_EDGE('',*,*,#5910,.F.);
#11995 = PLANE('',#11996);
#11996 = AXIS2_PLACEMENT_3D('',#11997,#11998,#11999);
#11997 = CARTESIAN_POINT('',(-2.640908612089E-16,4.825,0.675));
#11998 = DIRECTION('',(-8.458391581173E-32,3.012014365389E-27,-1.));
#11999 = DIRECTION('',(1.,1.108771071988E-16,-8.45839158114E-32));
#12000 = ADVANCED_FACE('',(#12001),#12087,.F.);
#12001 = FACE_BOUND('',#12002,.F.);
#12002 = EDGE_LOOP('',(#12003,#12004,#12005,#12014,#12022,#12031,#12039,
    #12047,#12055,#12064,#12072,#12081));
#12003 = ORIENTED_EDGE('',*,*,#5203,.F.);
#12004 = ORIENTED_EDGE('',*,*,#5225,.T.);
#12005 = ORIENTED_EDGE('',*,*,#12006,.T.);
#12006 = EDGE_CURVE('',#5226,#12007,#12009,.T.);
#12007 = VERTEX_POINT('',#12008);
#12008 = CARTESIAN_POINT('',(2.498480775301,-4.095,0.442364817767));
#12009 = CIRCLE('',#12010,0.1);
#12010 = AXIS2_PLACEMENT_3D('',#12011,#12012,#12013);
#12011 = CARTESIAN_POINT('',(2.4,-4.095,0.425));
#12012 = DIRECTION('',(-1.110223024625E-16,1.,0.));
#12013 = DIRECTION('',(4.440892098501E-15,4.930380657631E-31,1.));
#12014 = ORIENTED_EDGE('',*,*,#12015,.T.);
#12015 = EDGE_CURVE('',#12007,#12016,#12018,.T.);
#12016 = VERTEX_POINT('',#12017);
#12017 = CARTESIAN_POINT('',(2.534655283371,-4.095,0.206587955583));
#12018 = LINE('',#12019,#12020);
#12019 = CARTESIAN_POINT('',(2.498480775301,-4.095,0.442364817767));
#12020 = VECTOR('',#12021,1.);
#12021 = DIRECTION('',(0.151652327974,1.683679062546E-17,-0.988433898356
    ));
#12022 = ORIENTED_EDGE('',*,*,#12023,.T.);
#12023 = EDGE_CURVE('',#12016,#12024,#12026,.T.);
#12024 = VERTEX_POINT('',#12025);
#12025 = CARTESIAN_POINT('',(2.780857221624,-4.095,-1.665334536938E-16)
  );
#12026 = CIRCLE('',#12027,0.25);
#12027 = AXIS2_PLACEMENT_3D('',#12028,#12029,#12030);
#12028 = CARTESIAN_POINT('',(2.780857221624,-4.095,0.25));
#12029 = DIRECTION('',(1.110223024625E-16,-1.,0.));
#12030 = DIRECTION('',(-0.984807753012,-1.093356242223E-16,
    -0.173648177667));
#12031 = ORIENTED_EDGE('',*,*,#12032,.T.);
#12032 = EDGE_CURVE('',#12024,#12033,#12035,.T.);
#12033 = VERTEX_POINT('',#12034);
#12034 = CARTESIAN_POINT('',(3.2,-4.095,-1.665334536938E-16));
#12035 = LINE('',#12036,#12037);
#12036 = CARTESIAN_POINT('',(2.780857221624,-4.095,-1.665334536938E-16)
  );
#12037 = VECTOR('',#12038,1.);
#12038 = DIRECTION('',(1.,1.110223024625E-16,0.));
#12039 = ORIENTED_EDGE('',*,*,#12040,.T.);
#12040 = EDGE_CURVE('',#12033,#12041,#12043,.T.);
#12041 = VERTEX_POINT('',#12042);
#12042 = CARTESIAN_POINT('',(3.2,-4.095,0.15));
#12043 = LINE('',#12044,#12045);
#12044 = CARTESIAN_POINT('',(3.2,-4.095,-1.665334536938E-16));
#12045 = VECTOR('',#12046,1.);
#12046 = DIRECTION('',(0.,0.,1.));
#12047 = ORIENTED_EDGE('',*,*,#12048,.T.);
#12048 = EDGE_CURVE('',#12041,#12049,#12051,.T.);
#12049 = VERTEX_POINT('',#12050);
#12050 = CARTESIAN_POINT('',(2.780857221624,-4.095,0.15));
#12051 = LINE('',#12052,#12053);
#12052 = CARTESIAN_POINT('',(3.2,-4.095,0.15));
#12053 = VECTOR('',#12054,1.);
#12054 = DIRECTION('',(-1.,-1.110223024625E-16,0.));
#12055 = ORIENTED_EDGE('',*,*,#12056,.T.);
#12056 = EDGE_CURVE('',#12049,#12057,#12059,.T.);
#12057 = VERTEX_POINT('',#12058);
#12058 = CARTESIAN_POINT('',(2.682376446323,-4.095,0.232635182233));
#12059 = CIRCLE('',#12060,0.1);
#12060 = AXIS2_PLACEMENT_3D('',#12061,#12062,#12063);
#12061 = CARTESIAN_POINT('',(2.780857221624,-4.095,0.25));
#12062 = DIRECTION('',(-1.110223024625E-16,1.,0.));
#12063 = DIRECTION('',(0.,0.,-1.));
#12064 = ORIENTED_EDGE('',*,*,#12065,.T.);
#12065 = EDGE_CURVE('',#12057,#12066,#12068,.T.);
#12066 = VERTEX_POINT('',#12067);
#12067 = CARTESIAN_POINT('',(2.646201938253,-4.095,0.468412044417));
#12068 = LINE('',#12069,#12070);
#12069 = CARTESIAN_POINT('',(2.682376446323,-4.095,0.232635182233));
#12070 = VECTOR('',#12071,1.);
#12071 = DIRECTION('',(-0.151652327974,-1.683679062546E-17,
    0.988433898356));
#12072 = ORIENTED_EDGE('',*,*,#12073,.T.);
#12073 = EDGE_CURVE('',#12066,#12074,#12076,.T.);
#12074 = VERTEX_POINT('',#12075);
#12075 = CARTESIAN_POINT('',(2.4,-4.095,0.675));
#12076 = CIRCLE('',#12077,0.25);
#12077 = AXIS2_PLACEMENT_3D('',#12078,#12079,#12080);
#12078 = CARTESIAN_POINT('',(2.4,-4.095,0.425));
#12079 = DIRECTION('',(1.110223024625E-16,-1.,0.));
#12080 = DIRECTION('',(0.984807753012,1.093356242223E-16,0.173648177667)
  );
#12081 = ORIENTED_EDGE('',*,*,#12082,.T.);
#12082 = EDGE_CURVE('',#12074,#5204,#12083,.T.);
#12083 = LINE('',#12084,#12085);
#12084 = CARTESIAN_POINT('',(2.4,-4.095,0.675));
#12085 = VECTOR('',#12086,1.);
#12086 = DIRECTION('',(-1.,-1.110223024625E-16,0.));
#12087 = PLANE('',#12088);
#12088 = AXIS2_PLACEMENT_3D('',#12089,#12090,#12091);
#12089 = CARTESIAN_POINT('',(2.637203454365,-4.095,0.317854565708));
#12090 = DIRECTION('',(1.110223024625E-16,-1.,0.));
#12091 = DIRECTION('',(0.,0.,1.));
#12092 = ADVANCED_FACE('',(#12093),#12112,.F.);
#12093 = FACE_BOUND('',#12094,.F.);
#12094 = EDGE_LOOP('',(#12095,#12096,#12105,#12111));
#12095 = ORIENTED_EDGE('',*,*,#5242,.T.);
#12096 = ORIENTED_EDGE('',*,*,#12097,.T.);
#12097 = EDGE_CURVE('',#5235,#12098,#12100,.T.);
#12098 = VERTEX_POINT('',#12099);
#12099 = CARTESIAN_POINT('',(2.498480775301,-4.355,0.442364817767));
#12100 = CIRCLE('',#12101,0.1);
#12101 = AXIS2_PLACEMENT_3D('',#12102,#12103,#12104);
#12102 = CARTESIAN_POINT('',(2.4,-4.355,0.425));
#12103 = DIRECTION('',(-1.110223024625E-16,1.,0.));
#12104 = DIRECTION('',(4.440892098501E-15,4.930380657631E-31,1.));
#12105 = ORIENTED_EDGE('',*,*,#12106,.F.);
#12106 = EDGE_CURVE('',#12007,#12098,#12107,.T.);
#12107 = LINE('',#12108,#12109);
#12108 = CARTESIAN_POINT('',(2.498480775301,-4.095,0.442364817767));
#12109 = VECTOR('',#12110,1.);
#12110 = DIRECTION('',(1.110223024625E-16,-1.,0.));
#12111 = ORIENTED_EDGE('',*,*,#12006,.F.);
#12112 = CYLINDRICAL_SURFACE('',#12113,0.1);
#12113 = AXIS2_PLACEMENT_3D('',#12114,#12115,#12116);
#12114 = CARTESIAN_POINT('',(2.4,-4.095,0.425));
#12115 = DIRECTION('',(-1.110223024625E-16,1.,0.));
#12116 = DIRECTION('',(4.440892098501E-15,4.930380657631E-31,1.));
#12117 = ADVANCED_FACE('',(#12118),#12196,.T.);
#12118 = FACE_BOUND('',#12119,.T.);
#12119 = EDGE_LOOP('',(#12120,#12121,#12122,#12123,#12131,#12140,#12148,
    #12156,#12164,#12173,#12181,#12190));
#12120 = ORIENTED_EDGE('',*,*,#5256,.F.);
#12121 = ORIENTED_EDGE('',*,*,#5234,.T.);
#12122 = ORIENTED_EDGE('',*,*,#12097,.T.);
#12123 = ORIENTED_EDGE('',*,*,#12124,.T.);
#12124 = EDGE_CURVE('',#12098,#12125,#12127,.T.);
#12125 = VERTEX_POINT('',#12126);
#12126 = CARTESIAN_POINT('',(2.534655283371,-4.355,0.206587955583));
#12127 = LINE('',#12128,#12129);
#12128 = CARTESIAN_POINT('',(2.498480775301,-4.355,0.442364817767));
#12129 = VECTOR('',#12130,1.);
#12130 = DIRECTION('',(0.151652327974,1.683679062546E-17,-0.988433898356
    ));
#12131 = ORIENTED_EDGE('',*,*,#12132,.T.);
#12132 = EDGE_CURVE('',#12125,#12133,#12135,.T.);
#12133 = VERTEX_POINT('',#12134);
#12134 = CARTESIAN_POINT('',(2.780857221624,-4.355,-1.665334536938E-16)
  );
#12135 = CIRCLE('',#12136,0.25);
#12136 = AXIS2_PLACEMENT_3D('',#12137,#12138,#12139);
#12137 = CARTESIAN_POINT('',(2.780857221624,-4.355,0.25));
#12138 = DIRECTION('',(1.110223024625E-16,-1.,0.));
#12139 = DIRECTION('',(-0.984807753012,-1.093356242223E-16,
    -0.173648177667));
#12140 = ORIENTED_EDGE('',*,*,#12141,.T.);
#12141 = EDGE_CURVE('',#12133,#12142,#12144,.T.);
#12142 = VERTEX_POINT('',#12143);
#12143 = CARTESIAN_POINT('',(3.2,-4.355,-1.665334536938E-16));
#12144 = LINE('',#12145,#12146);
#12145 = CARTESIAN_POINT('',(2.780857221624,-4.355,-1.665334536938E-16)
  );
#12146 = VECTOR('',#12147,1.);
#12147 = DIRECTION('',(1.,1.110223024625E-16,0.));
#12148 = ORIENTED_EDGE('',*,*,#12149,.T.);
#12149 = EDGE_CURVE('',#12142,#12150,#12152,.T.);
#12150 = VERTEX_POINT('',#12151);
#12151 = CARTESIAN_POINT('',(3.2,-4.355,0.15));
#12152 = LINE('',#12153,#12154);
#12153 = CARTESIAN_POINT('',(3.2,-4.355,-1.665334536938E-16));
#12154 = VECTOR('',#12155,1.);
#12155 = DIRECTION('',(0.,0.,1.));
#12156 = ORIENTED_EDGE('',*,*,#12157,.T.);
#12157 = EDGE_CURVE('',#12150,#12158,#12160,.T.);
#12158 = VERTEX_POINT('',#12159);
#12159 = CARTESIAN_POINT('',(2.780857221624,-4.355,0.15));
#12160 = LINE('',#12161,#12162);
#12161 = CARTESIAN_POINT('',(3.2,-4.355,0.15));
#12162 = VECTOR('',#12163,1.);
#12163 = DIRECTION('',(-1.,-1.110223024625E-16,0.));
#12164 = ORIENTED_EDGE('',*,*,#12165,.T.);
#12165 = EDGE_CURVE('',#12158,#12166,#12168,.T.);
#12166 = VERTEX_POINT('',#12167);
#12167 = CARTESIAN_POINT('',(2.682376446323,-4.355,0.232635182233));
#12168 = CIRCLE('',#12169,0.1);
#12169 = AXIS2_PLACEMENT_3D('',#12170,#12171,#12172);
#12170 = CARTESIAN_POINT('',(2.780857221624,-4.355,0.25));
#12171 = DIRECTION('',(-1.110223024625E-16,1.,0.));
#12172 = DIRECTION('',(0.,0.,-1.));
#12173 = ORIENTED_EDGE('',*,*,#12174,.T.);
#12174 = EDGE_CURVE('',#12166,#12175,#12177,.T.);
#12175 = VERTEX_POINT('',#12176);
#12176 = CARTESIAN_POINT('',(2.646201938253,-4.355,0.468412044417));
#12177 = LINE('',#12178,#12179);
#12178 = CARTESIAN_POINT('',(2.682376446323,-4.355,0.232635182233));
#12179 = VECTOR('',#12180,1.);
#12180 = DIRECTION('',(-0.151652327974,-1.683679062546E-17,
    0.988433898356));
#12181 = ORIENTED_EDGE('',*,*,#12182,.T.);
#12182 = EDGE_CURVE('',#12175,#12183,#12185,.T.);
#12183 = VERTEX_POINT('',#12184);
#12184 = CARTESIAN_POINT('',(2.4,-4.355,0.675));
#12185 = CIRCLE('',#12186,0.25);
#12186 = AXIS2_PLACEMENT_3D('',#12187,#12188,#12189);
#12187 = CARTESIAN_POINT('',(2.4,-4.355,0.425));
#12188 = DIRECTION('',(1.110223024625E-16,-1.,0.));
#12189 = DIRECTION('',(0.984807753012,1.093356242223E-16,0.173648177667)
  );
#12190 = ORIENTED_EDGE('',*,*,#12191,.T.);
#12191 = EDGE_CURVE('',#12183,#5257,#12192,.T.);
#12192 = LINE('',#12193,#12194);
#12193 = CARTESIAN_POINT('',(2.4,-4.355,0.675));
#12194 = VECTOR('',#12195,1.);
#12195 = DIRECTION('',(-1.,-1.110223024625E-16,0.));
#12196 = PLANE('',#12197);
#12197 = AXIS2_PLACEMENT_3D('',#12198,#12199,#12200);
#12198 = CARTESIAN_POINT('',(2.637203454365,-4.355,0.317854565708));
#12199 = DIRECTION('',(1.110223024625E-16,-1.,0.));
#12200 = DIRECTION('',(0.,0.,1.));
#12201 = ADVANCED_FACE('',(#12202),#12213,.T.);
#12202 = FACE_BOUND('',#12203,.T.);
#12203 = EDGE_LOOP('',(#12204,#12205,#12206,#12207));
#12204 = ORIENTED_EDGE('',*,*,#9006,.T.);
#12205 = ORIENTED_EDGE('',*,*,#5357,.T.);
#12206 = ORIENTED_EDGE('',*,*,#9108,.F.);
#12207 = ORIENTED_EDGE('',*,*,#12208,.F.);
#12208 = EDGE_CURVE('',#8999,#9101,#12209,.T.);
#12209 = LINE('',#12210,#12211);
#12210 = CARTESIAN_POINT('',(-2.646201938253,4.095,0.468412044417));
#12211 = VECTOR('',#12212,1.);
#12212 = DIRECTION('',(1.144237745222E-17,1.,0.));
#12213 = CYLINDRICAL_SURFACE('',#12214,0.25);
#12214 = AXIS2_PLACEMENT_3D('',#12215,#12216,#12217);
#12215 = CARTESIAN_POINT('',(-2.4,4.095,0.425));
#12216 = DIRECTION('',(-1.144237745222E-17,-1.,0.));
#12217 = DIRECTION('',(-0.984807753012,1.126854202784E-17,0.173648177667
    ));
#12218 = ADVANCED_FACE('',(#12219),#12232,.F.);
#12219 = FACE_BOUND('',#12220,.F.);
#12220 = EDGE_LOOP('',(#12221,#12222,#12228,#12229,#12230,#12231));
#12221 = ORIENTED_EDGE('',*,*,#6121,.F.);
#12222 = ORIENTED_EDGE('',*,*,#12223,.T.);
#12223 = EDGE_CURVE('',#6113,#6222,#12224,.T.);
#12224 = LINE('',#12225,#12226);
#12225 = CARTESIAN_POINT('',(-2.4,-4.355,0.675));
#12226 = VECTOR('',#12227,1.);
#12227 = DIRECTION('',(1.144237745222E-17,1.,0.));
#12228 = ORIENTED_EDGE('',*,*,#6230,.T.);
#12229 = ORIENTED_EDGE('',*,*,#6252,.T.);
#12230 = ORIENTED_EDGE('',*,*,#5404,.F.);
#12231 = ORIENTED_EDGE('',*,*,#5995,.F.);
#12232 = PLANE('',#12233);
#12233 = AXIS2_PLACEMENT_3D('',#12234,#12235,#12236);
#12234 = CARTESIAN_POINT('',(-2.4,-4.355,0.675));
#12235 = DIRECTION('',(0.,0.,-1.));
#12236 = DIRECTION('',(1.,-1.144237745222E-17,0.));
#12237 = ADVANCED_FACE('',(#12238),#12251,.F.);
#12238 = FACE_BOUND('',#12239,.F.);
#12239 = EDGE_LOOP('',(#12240,#12241,#12247,#12248,#12249,#12250));
#12240 = ORIENTED_EDGE('',*,*,#6344,.F.);
#12241 = ORIENTED_EDGE('',*,*,#12242,.T.);
#12242 = EDGE_CURVE('',#6336,#6445,#12243,.T.);
#12243 = LINE('',#12244,#12245);
#12244 = CARTESIAN_POINT('',(-2.4,-3.705,0.675));
#12245 = VECTOR('',#12246,1.);
#12246 = DIRECTION('',(1.144237745222E-17,1.,0.));
#12247 = ORIENTED_EDGE('',*,*,#6453,.T.);
#12248 = ORIENTED_EDGE('',*,*,#6475,.T.);
#12249 = ORIENTED_EDGE('',*,*,#5420,.F.);
#12250 = ORIENTED_EDGE('',*,*,#6245,.F.);
#12251 = PLANE('',#12252);
#12252 = AXIS2_PLACEMENT_3D('',#12253,#12254,#12255);
#12253 = CARTESIAN_POINT('',(-2.4,-3.705,0.675));
#12254 = DIRECTION('',(0.,0.,-1.));
#12255 = DIRECTION('',(1.,-1.144237745222E-17,0.));
#12256 = ADVANCED_FACE('',(#12257),#12270,.F.);
#12257 = FACE_BOUND('',#12258,.F.);
#12258 = EDGE_LOOP('',(#12259,#12260,#12266,#12267,#12268,#12269));
#12259 = ORIENTED_EDGE('',*,*,#6567,.F.);
#12260 = ORIENTED_EDGE('',*,*,#12261,.T.);
#12261 = EDGE_CURVE('',#6559,#6668,#12262,.T.);
#12262 = LINE('',#12263,#12264);
#12263 = CARTESIAN_POINT('',(-2.4,-3.055,0.675));
#12264 = VECTOR('',#12265,1.);
#12265 = DIRECTION('',(1.144237745222E-17,1.,0.));
#12266 = ORIENTED_EDGE('',*,*,#6676,.T.);
#12267 = ORIENTED_EDGE('',*,*,#6698,.T.);
#12268 = ORIENTED_EDGE('',*,*,#5436,.F.);
#12269 = ORIENTED_EDGE('',*,*,#6468,.F.);
#12270 = PLANE('',#12271);
#12271 = AXIS2_PLACEMENT_3D('',#12272,#12273,#12274);
#12272 = CARTESIAN_POINT('',(-2.4,-3.055,0.675));
#12273 = DIRECTION('',(0.,0.,-1.));
#12274 = DIRECTION('',(1.,-1.144237745222E-17,0.));
#12275 = ADVANCED_FACE('',(#12276),#12289,.F.);
#12276 = FACE_BOUND('',#12277,.F.);
#12277 = EDGE_LOOP('',(#12278,#12279,#12285,#12286,#12287,#12288));
#12278 = ORIENTED_EDGE('',*,*,#6790,.F.);
#12279 = ORIENTED_EDGE('',*,*,#12280,.T.);
#12280 = EDGE_CURVE('',#6782,#6891,#12281,.T.);
#12281 = LINE('',#12282,#12283);
#12282 = CARTESIAN_POINT('',(-2.4,-2.405,0.675));
#12283 = VECTOR('',#12284,1.);
#12284 = DIRECTION('',(1.144237745222E-17,1.,0.));
#12285 = ORIENTED_EDGE('',*,*,#6899,.T.);
#12286 = ORIENTED_EDGE('',*,*,#6921,.T.);
#12287 = ORIENTED_EDGE('',*,*,#5452,.F.);
#12288 = ORIENTED_EDGE('',*,*,#6691,.F.);
#12289 = PLANE('',#12290);
#12290 = AXIS2_PLACEMENT_3D('',#12291,#12292,#12293);
#12291 = CARTESIAN_POINT('',(-2.4,-2.405,0.675));
#12292 = DIRECTION('',(0.,0.,-1.));
#12293 = DIRECTION('',(1.,-1.144237745222E-17,0.));
#12294 = ADVANCED_FACE('',(#12295),#12308,.F.);
#12295 = FACE_BOUND('',#12296,.F.);
#12296 = EDGE_LOOP('',(#12297,#12298,#12304,#12305,#12306,#12307));
#12297 = ORIENTED_EDGE('',*,*,#7013,.F.);
#12298 = ORIENTED_EDGE('',*,*,#12299,.T.);
#12299 = EDGE_CURVE('',#7005,#7114,#12300,.T.);
#12300 = LINE('',#12301,#12302);
#12301 = CARTESIAN_POINT('',(-2.4,-1.755,0.675));
#12302 = VECTOR('',#12303,1.);
#12303 = DIRECTION('',(1.144237745222E-17,1.,0.));
#12304 = ORIENTED_EDGE('',*,*,#7122,.T.);
#12305 = ORIENTED_EDGE('',*,*,#7144,.T.);
#12306 = ORIENTED_EDGE('',*,*,#5468,.F.);
#12307 = ORIENTED_EDGE('',*,*,#6914,.F.);
#12308 = PLANE('',#12309);
#12309 = AXIS2_PLACEMENT_3D('',#12310,#12311,#12312);
#12310 = CARTESIAN_POINT('',(-2.4,-1.755,0.675));
#12311 = DIRECTION('',(0.,0.,-1.));
#12312 = DIRECTION('',(1.,-1.144237745222E-17,0.));
#12313 = ADVANCED_FACE('',(#12314),#12327,.F.);
#12314 = FACE_BOUND('',#12315,.F.);
#12315 = EDGE_LOOP('',(#12316,#12317,#12323,#12324,#12325,#12326));
#12316 = ORIENTED_EDGE('',*,*,#7236,.F.);
#12317 = ORIENTED_EDGE('',*,*,#12318,.T.);
#12318 = EDGE_CURVE('',#7228,#7337,#12319,.T.);
#12319 = LINE('',#12320,#12321);
#12320 = CARTESIAN_POINT('',(-2.4,-1.105,0.675));
#12321 = VECTOR('',#12322,1.);
#12322 = DIRECTION('',(1.144237745222E-17,1.,0.));
#12323 = ORIENTED_EDGE('',*,*,#7345,.T.);
#12324 = ORIENTED_EDGE('',*,*,#7367,.T.);
#12325 = ORIENTED_EDGE('',*,*,#5484,.F.);
#12326 = ORIENTED_EDGE('',*,*,#7137,.F.);
#12327 = PLANE('',#12328);
#12328 = AXIS2_PLACEMENT_3D('',#12329,#12330,#12331);
#12329 = CARTESIAN_POINT('',(-2.4,-1.105,0.675));
#12330 = DIRECTION('',(0.,0.,-1.));
#12331 = DIRECTION('',(1.,-1.144237745222E-17,0.));
#12332 = ADVANCED_FACE('',(#12333),#12346,.F.);
#12333 = FACE_BOUND('',#12334,.F.);
#12334 = EDGE_LOOP('',(#12335,#12336,#12342,#12343,#12344,#12345));
#12335 = ORIENTED_EDGE('',*,*,#7459,.F.);
#12336 = ORIENTED_EDGE('',*,*,#12337,.T.);
#12337 = EDGE_CURVE('',#7451,#7560,#12338,.T.);
#12338 = LINE('',#12339,#12340);
#12339 = CARTESIAN_POINT('',(-2.4,-0.455,0.675));
#12340 = VECTOR('',#12341,1.);
#12341 = DIRECTION('',(1.144237745222E-17,1.,0.));
#12342 = ORIENTED_EDGE('',*,*,#7568,.T.);
#12343 = ORIENTED_EDGE('',*,*,#7590,.T.);
#12344 = ORIENTED_EDGE('',*,*,#5500,.F.);
#12345 = ORIENTED_EDGE('',*,*,#7360,.F.);
#12346 = PLANE('',#12347);
#12347 = AXIS2_PLACEMENT_3D('',#12348,#12349,#12350);
#12348 = CARTESIAN_POINT('',(-2.4,-0.455,0.675));
#12349 = DIRECTION('',(0.,0.,-1.));
#12350 = DIRECTION('',(1.,-1.144237745222E-17,0.));
#12351 = ADVANCED_FACE('',(#12352),#12365,.F.);
#12352 = FACE_BOUND('',#12353,.F.);
#12353 = EDGE_LOOP('',(#12354,#12355,#12361,#12362,#12363,#12364));
#12354 = ORIENTED_EDGE('',*,*,#7682,.F.);
#12355 = ORIENTED_EDGE('',*,*,#12356,.T.);
#12356 = EDGE_CURVE('',#7674,#7783,#12357,.T.);
#12357 = LINE('',#12358,#12359);
#12358 = CARTESIAN_POINT('',(-2.4,0.195,0.675));
#12359 = VECTOR('',#12360,1.);
#12360 = DIRECTION('',(1.144237745222E-17,1.,0.));
#12361 = ORIENTED_EDGE('',*,*,#7791,.T.);
#12362 = ORIENTED_EDGE('',*,*,#7813,.T.);
#12363 = ORIENTED_EDGE('',*,*,#5516,.F.);
#12364 = ORIENTED_EDGE('',*,*,#7583,.F.);
#12365 = PLANE('',#12366);
#12366 = AXIS2_PLACEMENT_3D('',#12367,#12368,#12369);
#12367 = CARTESIAN_POINT('',(-2.4,0.195,0.675));
#12368 = DIRECTION('',(0.,0.,-1.));
#12369 = DIRECTION('',(1.,-1.144237745222E-17,0.));
#12370 = ADVANCED_FACE('',(#12371),#12384,.F.);
#12371 = FACE_BOUND('',#12372,.F.);
#12372 = EDGE_LOOP('',(#12373,#12374,#12380,#12381,#12382,#12383));
#12373 = ORIENTED_EDGE('',*,*,#7905,.F.);
#12374 = ORIENTED_EDGE('',*,*,#12375,.T.);
#12375 = EDGE_CURVE('',#7897,#8006,#12376,.T.);
#12376 = LINE('',#12377,#12378);
#12377 = CARTESIAN_POINT('',(-2.4,0.845,0.675));
#12378 = VECTOR('',#12379,1.);
#12379 = DIRECTION('',(1.144237745222E-17,1.,0.));
#12380 = ORIENTED_EDGE('',*,*,#8014,.T.);
#12381 = ORIENTED_EDGE('',*,*,#8036,.T.);
#12382 = ORIENTED_EDGE('',*,*,#5532,.F.);
#12383 = ORIENTED_EDGE('',*,*,#7806,.F.);
#12384 = PLANE('',#12385);
#12385 = AXIS2_PLACEMENT_3D('',#12386,#12387,#12388);
#12386 = CARTESIAN_POINT('',(-2.4,0.845,0.675));
#12387 = DIRECTION('',(0.,0.,-1.));
#12388 = DIRECTION('',(1.,-1.144237745222E-17,0.));
#12389 = ADVANCED_FACE('',(#12390),#12403,.F.);
#12390 = FACE_BOUND('',#12391,.F.);
#12391 = EDGE_LOOP('',(#12392,#12393,#12399,#12400,#12401,#12402));
#12392 = ORIENTED_EDGE('',*,*,#8128,.F.);
#12393 = ORIENTED_EDGE('',*,*,#12394,.T.);
#12394 = EDGE_CURVE('',#8120,#8229,#12395,.T.);
#12395 = LINE('',#12396,#12397);
#12396 = CARTESIAN_POINT('',(-2.4,1.495,0.675));
#12397 = VECTOR('',#12398,1.);
#12398 = DIRECTION('',(1.144237745222E-17,1.,0.));
#12399 = ORIENTED_EDGE('',*,*,#8237,.T.);
#12400 = ORIENTED_EDGE('',*,*,#8259,.T.);
#12401 = ORIENTED_EDGE('',*,*,#5548,.F.);
#12402 = ORIENTED_EDGE('',*,*,#8029,.F.);
#12403 = PLANE('',#12404);
#12404 = AXIS2_PLACEMENT_3D('',#12405,#12406,#12407);
#12405 = CARTESIAN_POINT('',(-2.4,1.495,0.675));
#12406 = DIRECTION('',(0.,0.,-1.));
#12407 = DIRECTION('',(1.,-1.144237745222E-17,0.));
#12408 = ADVANCED_FACE('',(#12409),#12422,.F.);
#12409 = FACE_BOUND('',#12410,.F.);
#12410 = EDGE_LOOP('',(#12411,#12412,#12418,#12419,#12420,#12421));
#12411 = ORIENTED_EDGE('',*,*,#8351,.F.);
#12412 = ORIENTED_EDGE('',*,*,#12413,.T.);
#12413 = EDGE_CURVE('',#8343,#8452,#12414,.T.);
#12414 = LINE('',#12415,#12416);
#12415 = CARTESIAN_POINT('',(-2.4,2.145,0.675));
#12416 = VECTOR('',#12417,1.);
#12417 = DIRECTION('',(1.144237745222E-17,1.,0.));
#12418 = ORIENTED_EDGE('',*,*,#8460,.T.);
#12419 = ORIENTED_EDGE('',*,*,#8482,.T.);
#12420 = ORIENTED_EDGE('',*,*,#5564,.F.);
#12421 = ORIENTED_EDGE('',*,*,#8252,.F.);
#12422 = PLANE('',#12423);
#12423 = AXIS2_PLACEMENT_3D('',#12424,#12425,#12426);
#12424 = CARTESIAN_POINT('',(-2.4,2.145,0.675));
#12425 = DIRECTION('',(0.,0.,-1.));
#12426 = DIRECTION('',(1.,-1.144237745222E-17,0.));
#12427 = ADVANCED_FACE('',(#12428),#12441,.F.);
#12428 = FACE_BOUND('',#12429,.F.);
#12429 = EDGE_LOOP('',(#12430,#12431,#12437,#12438,#12439,#12440));
#12430 = ORIENTED_EDGE('',*,*,#8574,.F.);
#12431 = ORIENTED_EDGE('',*,*,#12432,.T.);
#12432 = EDGE_CURVE('',#8566,#8675,#12433,.T.);
#12433 = LINE('',#12434,#12435);
#12434 = CARTESIAN_POINT('',(-2.4,2.795,0.675));
#12435 = VECTOR('',#12436,1.);
#12436 = DIRECTION('',(1.144237745222E-17,1.,0.));
#12437 = ORIENTED_EDGE('',*,*,#8683,.T.);
#12438 = ORIENTED_EDGE('',*,*,#8705,.T.);
#12439 = ORIENTED_EDGE('',*,*,#5580,.F.);
#12440 = ORIENTED_EDGE('',*,*,#8475,.F.);
#12441 = PLANE('',#12442);
#12442 = AXIS2_PLACEMENT_3D('',#12443,#12444,#12445);
#12443 = CARTESIAN_POINT('',(-2.4,2.795,0.675));
#12444 = DIRECTION('',(0.,0.,-1.));
#12445 = DIRECTION('',(1.,-1.144237745222E-17,0.));
#12446 = ADVANCED_FACE('',(#12447),#12460,.F.);
#12447 = FACE_BOUND('',#12448,.F.);
#12448 = EDGE_LOOP('',(#12449,#12450,#12456,#12457,#12458,#12459));
#12449 = ORIENTED_EDGE('',*,*,#8797,.F.);
#12450 = ORIENTED_EDGE('',*,*,#12451,.T.);
#12451 = EDGE_CURVE('',#8789,#8898,#12452,.T.);
#12452 = LINE('',#12453,#12454);
#12453 = CARTESIAN_POINT('',(-2.4,3.445,0.675));
#12454 = VECTOR('',#12455,1.);
#12455 = DIRECTION('',(1.144237745222E-17,1.,0.));
#12456 = ORIENTED_EDGE('',*,*,#8906,.T.);
#12457 = ORIENTED_EDGE('',*,*,#8923,.T.);
#12458 = ORIENTED_EDGE('',*,*,#5596,.F.);
#12459 = ORIENTED_EDGE('',*,*,#8698,.F.);
#12460 = PLANE('',#12461);
#12461 = AXIS2_PLACEMENT_3D('',#12462,#12463,#12464);
#12462 = CARTESIAN_POINT('',(-2.4,3.445,0.675));
#12463 = DIRECTION('',(0.,0.,-1.));
#12464 = DIRECTION('',(1.,-1.144237745222E-17,0.));
#12465 = ADVANCED_FACE('',(#12466,#12495),#12506,.F.);
#12466 = FACE_BOUND('',#12467,.F.);
#12467 = EDGE_LOOP('',(#12468,#12469,#12470,#12471,#12479,#12487,#12493,
    #12494));
#12468 = ORIENTED_EDGE('',*,*,#5671,.T.);
#12469 = ORIENTED_EDGE('',*,*,#5694,.T.);
#12470 = ORIENTED_EDGE('',*,*,#5941,.T.);
#12471 = ORIENTED_EDGE('',*,*,#12472,.T.);
#12472 = EDGE_CURVE('',#5935,#12473,#12475,.T.);
#12473 = VERTEX_POINT('',#12474);
#12474 = CARTESIAN_POINT('',(1.929831730645,-4.70966346129,1.1));
#12475 = LINE('',#12476,#12477);
#12476 = CARTESIAN_POINT('',(2.05966346129,-4.579831730645,1.1));
#12477 = VECTOR('',#12478,1.);
#12478 = DIRECTION('',(-0.707106781187,-0.707106781187,0.));
#12479 = ORIENTED_EDGE('',*,*,#12480,.T.);
#12480 = EDGE_CURVE('',#12473,#12481,#12483,.T.);
#12481 = VERTEX_POINT('',#12482);
#12482 = CARTESIAN_POINT('',(-1.929831730645,-4.70966346129,1.1));
#12483 = LINE('',#12484,#12485);
#12484 = CARTESIAN_POINT('',(1.929831730645,-4.70966346129,1.1));
#12485 = VECTOR('',#12486,1.);
#12486 = DIRECTION('',(-1.,-1.110223024625E-16,0.));
#12487 = ORIENTED_EDGE('',*,*,#12488,.T.);
#12488 = EDGE_CURVE('',#12481,#5620,#12489,.T.);
#12489 = LINE('',#12490,#12491);
#12490 = CARTESIAN_POINT('',(-1.929831730645,-4.70966346129,1.1));
#12491 = VECTOR('',#12492,1.);
#12492 = DIRECTION('',(-0.707106781187,0.707106781187,0.));
#12493 = ORIENTED_EDGE('',*,*,#5619,.T.);
#12494 = ORIENTED_EDGE('',*,*,#5648,.T.);
#12495 = FACE_BOUND('',#12496,.F.);
#12496 = EDGE_LOOP('',(#12497));
#12497 = ORIENTED_EDGE('',*,*,#12498,.F.);
#12498 = EDGE_CURVE('',#12499,#12499,#12501,.T.);
#12499 = VERTEX_POINT('',#12500);
#12500 = CARTESIAN_POINT('',(-1.35966346129,3.75966346129,1.1));
#12501 = CIRCLE('',#12502,0.25);
#12502 = AXIS2_PLACEMENT_3D('',#12503,#12504,#12505);
#12503 = CARTESIAN_POINT('',(-1.35966346129,4.00966346129,1.1));
#12504 = DIRECTION('',(0.,-0.,-1.));
#12505 = DIRECTION('',(1.110223024625E-16,-1.,0.));
#12506 = PLANE('',#12507);
#12507 = AXIS2_PLACEMENT_3D('',#12508,#12509,#12510);
#12508 = CARTESIAN_POINT('',(-1.929831730645,4.70966346129,1.1));
#12509 = DIRECTION('',(0.,0.,-1.));
#12510 = DIRECTION('',(0.379163158309,-0.925329832752,0.));
#12511 = ADVANCED_FACE('',(#12512),#12522,.F.);
#12512 = FACE_BOUND('',#12513,.F.);
#12513 = EDGE_LOOP('',(#12514,#12515,#12516,#12517));
#12514 = ORIENTED_EDGE('',*,*,#6002,.T.);
#12515 = ORIENTED_EDGE('',*,*,#5627,.T.);
#12516 = ORIENTED_EDGE('',*,*,#12488,.F.);
#12517 = ORIENTED_EDGE('',*,*,#12518,.F.);
#12518 = EDGE_CURVE('',#6003,#12481,#12519,.T.);
#12519 = B_SPLINE_CURVE_WITH_KNOTS('',1,(#12520,#12521),.UNSPECIFIED.,
  .F.,.F.,(2,2),(0.,1.),.PIECEWISE_BEZIER_KNOTS.);
#12520 = CARTESIAN_POINT('',(-1.975,-4.8,0.675));
#12521 = CARTESIAN_POINT('',(-1.929831730645,-4.70966346129,1.1));
#12522 = B_SPLINE_SURFACE_WITH_KNOTS('',1,1,(
    (#12523,#12524)
    ,(#12525,#12526
    )),.UNSPECIFIED.,.F.,.F.,.F.,(2,2),(2,2),(0.,0.247487373415),(0.,1.)
  ,.PIECEWISE_BEZIER_KNOTS.);
#12523 = CARTESIAN_POINT('',(-1.975,-4.8,0.675));
#12524 = CARTESIAN_POINT('',(-1.929831730645,-4.70966346129,1.1));
#12525 = CARTESIAN_POINT('',(-2.15,-4.625,0.675));
#12526 = CARTESIAN_POINT('',(-2.05966346129,-4.579831730645,1.1));
#12527 = ADVANCED_FACE('',(#12528),#12541,.F.);
#12528 = FACE_BOUND('',#12529,.F.);
#12529 = EDGE_LOOP('',(#12530,#12531,#12537,#12538,#12539,#12540));
#12530 = ORIENTED_EDGE('',*,*,#9406,.F.);
#12531 = ORIENTED_EDGE('',*,*,#12532,.T.);
#12532 = EDGE_CURVE('',#9398,#9507,#12533,.T.);
#12533 = LINE('',#12534,#12535);
#12534 = CARTESIAN_POINT('',(2.4,3.705,0.675));
#12535 = VECTOR('',#12536,1.);
#12536 = DIRECTION('',(1.110223024625E-16,-1.,0.));
#12537 = ORIENTED_EDGE('',*,*,#9515,.T.);
#12538 = ORIENTED_EDGE('',*,*,#9529,.T.);
#12539 = ORIENTED_EDGE('',*,*,#5726,.F.);
#12540 = ORIENTED_EDGE('',*,*,#9313,.F.);
#12541 = PLANE('',#12542);
#12542 = AXIS2_PLACEMENT_3D('',#12543,#12544,#12545);
#12543 = CARTESIAN_POINT('',(2.4,3.705,0.675));
#12544 = DIRECTION('',(0.,0.,-1.));
#12545 = DIRECTION('',(-1.,-1.110223024625E-16,-0.));
#12546 = ADVANCED_FACE('',(#12547),#12560,.F.);
#12547 = FACE_BOUND('',#12548,.F.);
#12548 = EDGE_LOOP('',(#12549,#12550,#12556,#12557,#12558,#12559));
#12549 = ORIENTED_EDGE('',*,*,#9629,.F.);
#12550 = ORIENTED_EDGE('',*,*,#12551,.T.);
#12551 = EDGE_CURVE('',#9621,#9730,#12552,.T.);
#12552 = LINE('',#12553,#12554);
#12553 = CARTESIAN_POINT('',(2.4,3.055,0.675));
#12554 = VECTOR('',#12555,1.);
#12555 = DIRECTION('',(1.110223024625E-16,-1.,0.));
#12556 = ORIENTED_EDGE('',*,*,#9738,.T.);
#12557 = ORIENTED_EDGE('',*,*,#9752,.T.);
#12558 = ORIENTED_EDGE('',*,*,#5742,.F.);
#12559 = ORIENTED_EDGE('',*,*,#9536,.F.);
#12560 = PLANE('',#12561);
#12561 = AXIS2_PLACEMENT_3D('',#12562,#12563,#12564);
#12562 = CARTESIAN_POINT('',(2.4,3.055,0.675));
#12563 = DIRECTION('',(0.,0.,-1.));
#12564 = DIRECTION('',(-1.,-1.110223024625E-16,-0.));
#12565 = ADVANCED_FACE('',(#12566),#12579,.F.);
#12566 = FACE_BOUND('',#12567,.F.);
#12567 = EDGE_LOOP('',(#12568,#12569,#12575,#12576,#12577,#12578));
#12568 = ORIENTED_EDGE('',*,*,#9852,.F.);
#12569 = ORIENTED_EDGE('',*,*,#12570,.T.);
#12570 = EDGE_CURVE('',#9844,#9953,#12571,.T.);
#12571 = LINE('',#12572,#12573);
#12572 = CARTESIAN_POINT('',(2.4,2.405,0.675));
#12573 = VECTOR('',#12574,1.);
#12574 = DIRECTION('',(1.110223024625E-16,-1.,0.));
#12575 = ORIENTED_EDGE('',*,*,#9961,.T.);
#12576 = ORIENTED_EDGE('',*,*,#9975,.T.);
#12577 = ORIENTED_EDGE('',*,*,#5758,.F.);
#12578 = ORIENTED_EDGE('',*,*,#9759,.F.);
#12579 = PLANE('',#12580);
#12580 = AXIS2_PLACEMENT_3D('',#12581,#12582,#12583);
#12581 = CARTESIAN_POINT('',(2.4,2.405,0.675));
#12582 = DIRECTION('',(0.,0.,-1.));
#12583 = DIRECTION('',(-1.,-1.110223024625E-16,-0.));
#12584 = ADVANCED_FACE('',(#12585),#12598,.F.);
#12585 = FACE_BOUND('',#12586,.F.);
#12586 = EDGE_LOOP('',(#12587,#12588,#12594,#12595,#12596,#12597));
#12587 = ORIENTED_EDGE('',*,*,#10075,.F.);
#12588 = ORIENTED_EDGE('',*,*,#12589,.T.);
#12589 = EDGE_CURVE('',#10067,#10176,#12590,.T.);
#12590 = LINE('',#12591,#12592);
#12591 = CARTESIAN_POINT('',(2.4,1.755,0.675));
#12592 = VECTOR('',#12593,1.);
#12593 = DIRECTION('',(1.110223024625E-16,-1.,0.));
#12594 = ORIENTED_EDGE('',*,*,#10184,.T.);
#12595 = ORIENTED_EDGE('',*,*,#10198,.T.);
#12596 = ORIENTED_EDGE('',*,*,#5774,.F.);
#12597 = ORIENTED_EDGE('',*,*,#9982,.F.);
#12598 = PLANE('',#12599);
#12599 = AXIS2_PLACEMENT_3D('',#12600,#12601,#12602);
#12600 = CARTESIAN_POINT('',(2.4,1.755,0.675));
#12601 = DIRECTION('',(0.,0.,-1.));
#12602 = DIRECTION('',(-1.,-1.110223024625E-16,-0.));
#12603 = ADVANCED_FACE('',(#12604),#12617,.F.);
#12604 = FACE_BOUND('',#12605,.F.);
#12605 = EDGE_LOOP('',(#12606,#12607,#12613,#12614,#12615,#12616));
#12606 = ORIENTED_EDGE('',*,*,#10298,.F.);
#12607 = ORIENTED_EDGE('',*,*,#12608,.T.);
#12608 = EDGE_CURVE('',#10290,#10399,#12609,.T.);
#12609 = LINE('',#12610,#12611);
#12610 = CARTESIAN_POINT('',(2.4,1.105,0.675));
#12611 = VECTOR('',#12612,1.);
#12612 = DIRECTION('',(1.110223024625E-16,-1.,0.));
#12613 = ORIENTED_EDGE('',*,*,#10407,.T.);
#12614 = ORIENTED_EDGE('',*,*,#10421,.T.);
#12615 = ORIENTED_EDGE('',*,*,#5790,.F.);
#12616 = ORIENTED_EDGE('',*,*,#10205,.F.);
#12617 = PLANE('',#12618);
#12618 = AXIS2_PLACEMENT_3D('',#12619,#12620,#12621);
#12619 = CARTESIAN_POINT('',(2.4,1.105,0.675));
#12620 = DIRECTION('',(0.,0.,-1.));
#12621 = DIRECTION('',(-1.,-1.110223024625E-16,-0.));
#12622 = ADVANCED_FACE('',(#12623),#12636,.F.);
#12623 = FACE_BOUND('',#12624,.F.);
#12624 = EDGE_LOOP('',(#12625,#12626,#12632,#12633,#12634,#12635));
#12625 = ORIENTED_EDGE('',*,*,#10521,.F.);
#12626 = ORIENTED_EDGE('',*,*,#12627,.T.);
#12627 = EDGE_CURVE('',#10513,#10622,#12628,.T.);
#12628 = LINE('',#12629,#12630);
#12629 = CARTESIAN_POINT('',(2.4,0.455,0.675));
#12630 = VECTOR('',#12631,1.);
#12631 = DIRECTION('',(1.110223024625E-16,-1.,0.));
#12632 = ORIENTED_EDGE('',*,*,#10630,.T.);
#12633 = ORIENTED_EDGE('',*,*,#10644,.T.);
#12634 = ORIENTED_EDGE('',*,*,#5806,.F.);
#12635 = ORIENTED_EDGE('',*,*,#10428,.F.);
#12636 = PLANE('',#12637);
#12637 = AXIS2_PLACEMENT_3D('',#12638,#12639,#12640);
#12638 = CARTESIAN_POINT('',(2.4,0.455,0.675));
#12639 = DIRECTION('',(0.,0.,-1.));
#12640 = DIRECTION('',(-1.,-1.110223024625E-16,-0.));
#12641 = ADVANCED_FACE('',(#12642),#12655,.F.);
#12642 = FACE_BOUND('',#12643,.F.);
#12643 = EDGE_LOOP('',(#12644,#12645,#12651,#12652,#12653,#12654));
#12644 = ORIENTED_EDGE('',*,*,#10744,.F.);
#12645 = ORIENTED_EDGE('',*,*,#12646,.T.);
#12646 = EDGE_CURVE('',#10736,#10845,#12647,.T.);
#12647 = LINE('',#12648,#12649);
#12648 = CARTESIAN_POINT('',(2.4,-0.195,0.675));
#12649 = VECTOR('',#12650,1.);
#12650 = DIRECTION('',(1.110223024625E-16,-1.,0.));
#12651 = ORIENTED_EDGE('',*,*,#10853,.T.);
#12652 = ORIENTED_EDGE('',*,*,#10867,.T.);
#12653 = ORIENTED_EDGE('',*,*,#5822,.F.);
#12654 = ORIENTED_EDGE('',*,*,#10651,.F.);
#12655 = PLANE('',#12656);
#12656 = AXIS2_PLACEMENT_3D('',#12657,#12658,#12659);
#12657 = CARTESIAN_POINT('',(2.4,-0.195,0.675));
#12658 = DIRECTION('',(0.,0.,-1.));
#12659 = DIRECTION('',(-1.,-1.110223024625E-16,-0.));
#12660 = ADVANCED_FACE('',(#12661),#12674,.F.);
#12661 = FACE_BOUND('',#12662,.F.);
#12662 = EDGE_LOOP('',(#12663,#12664,#12670,#12671,#12672,#12673));
#12663 = ORIENTED_EDGE('',*,*,#10967,.F.);
#12664 = ORIENTED_EDGE('',*,*,#12665,.T.);
#12665 = EDGE_CURVE('',#10959,#11068,#12666,.T.);
#12666 = LINE('',#12667,#12668);
#12667 = CARTESIAN_POINT('',(2.4,-0.845,0.675));
#12668 = VECTOR('',#12669,1.);
#12669 = DIRECTION('',(1.110223024625E-16,-1.,0.));
#12670 = ORIENTED_EDGE('',*,*,#11076,.T.);
#12671 = ORIENTED_EDGE('',*,*,#11090,.T.);
#12672 = ORIENTED_EDGE('',*,*,#5838,.F.);
#12673 = ORIENTED_EDGE('',*,*,#10874,.F.);
#12674 = PLANE('',#12675);
#12675 = AXIS2_PLACEMENT_3D('',#12676,#12677,#12678);
#12676 = CARTESIAN_POINT('',(2.4,-0.845,0.675));
#12677 = DIRECTION('',(0.,0.,-1.));
#12678 = DIRECTION('',(-1.,-1.110223024625E-16,-0.));
#12679 = ADVANCED_FACE('',(#12680),#12693,.F.);
#12680 = FACE_BOUND('',#12681,.F.);
#12681 = EDGE_LOOP('',(#12682,#12683,#12689,#12690,#12691,#12692));
#12682 = ORIENTED_EDGE('',*,*,#11190,.F.);
#12683 = ORIENTED_EDGE('',*,*,#12684,.T.);
#12684 = EDGE_CURVE('',#11182,#11291,#12685,.T.);
#12685 = LINE('',#12686,#12687);
#12686 = CARTESIAN_POINT('',(2.4,-1.495,0.675));
#12687 = VECTOR('',#12688,1.);
#12688 = DIRECTION('',(1.110223024625E-16,-1.,0.));
#12689 = ORIENTED_EDGE('',*,*,#11299,.T.);
#12690 = ORIENTED_EDGE('',*,*,#11313,.T.);
#12691 = ORIENTED_EDGE('',*,*,#5854,.F.);
#12692 = ORIENTED_EDGE('',*,*,#11097,.F.);
#12693 = PLANE('',#12694);
#12694 = AXIS2_PLACEMENT_3D('',#12695,#12696,#12697);
#12695 = CARTESIAN_POINT('',(2.4,-1.495,0.675));
#12696 = DIRECTION('',(0.,0.,-1.));
#12697 = DIRECTION('',(-1.,-1.110223024625E-16,-0.));
#12698 = ADVANCED_FACE('',(#12699),#12712,.F.);
#12699 = FACE_BOUND('',#12700,.F.);
#12700 = EDGE_LOOP('',(#12701,#12702,#12708,#12709,#12710,#12711));
#12701 = ORIENTED_EDGE('',*,*,#11413,.F.);
#12702 = ORIENTED_EDGE('',*,*,#12703,.T.);
#12703 = EDGE_CURVE('',#11405,#11514,#12704,.T.);
#12704 = LINE('',#12705,#12706);
#12705 = CARTESIAN_POINT('',(2.4,-2.145,0.675));
#12706 = VECTOR('',#12707,1.);
#12707 = DIRECTION('',(1.110223024625E-16,-1.,0.));
#12708 = ORIENTED_EDGE('',*,*,#11522,.T.);
#12709 = ORIENTED_EDGE('',*,*,#11536,.T.);
#12710 = ORIENTED_EDGE('',*,*,#5870,.F.);
#12711 = ORIENTED_EDGE('',*,*,#11320,.F.);
#12712 = PLANE('',#12713);
#12713 = AXIS2_PLACEMENT_3D('',#12714,#12715,#12716);
#12714 = CARTESIAN_POINT('',(2.4,-2.145,0.675));
#12715 = DIRECTION('',(0.,0.,-1.));
#12716 = DIRECTION('',(-1.,-1.110223024625E-16,-0.));
#12717 = ADVANCED_FACE('',(#12718),#12731,.F.);
#12718 = FACE_BOUND('',#12719,.F.);
#12719 = EDGE_LOOP('',(#12720,#12721,#12727,#12728,#12729,#12730));
#12720 = ORIENTED_EDGE('',*,*,#11636,.F.);
#12721 = ORIENTED_EDGE('',*,*,#12722,.T.);
#12722 = EDGE_CURVE('',#11628,#11737,#12723,.T.);
#12723 = LINE('',#12724,#12725);
#12724 = CARTESIAN_POINT('',(2.4,-2.795,0.675));
#12725 = VECTOR('',#12726,1.);
#12726 = DIRECTION('',(1.110223024625E-16,-1.,0.));
#12727 = ORIENTED_EDGE('',*,*,#11745,.T.);
#12728 = ORIENTED_EDGE('',*,*,#11759,.T.);
#12729 = ORIENTED_EDGE('',*,*,#5886,.F.);
#12730 = ORIENTED_EDGE('',*,*,#11543,.F.);
#12731 = PLANE('',#12732);
#12732 = AXIS2_PLACEMENT_3D('',#12733,#12734,#12735);
#12733 = CARTESIAN_POINT('',(2.4,-2.795,0.675));
#12734 = DIRECTION('',(0.,0.,-1.));
#12735 = DIRECTION('',(-1.,-1.110223024625E-16,-0.));
#12736 = ADVANCED_FACE('',(#12737),#12750,.F.);
#12737 = FACE_BOUND('',#12738,.F.);
#12738 = EDGE_LOOP('',(#12739,#12740,#12746,#12747,#12748,#12749));
#12739 = ORIENTED_EDGE('',*,*,#11859,.F.);
#12740 = ORIENTED_EDGE('',*,*,#12741,.T.);
#12741 = EDGE_CURVE('',#11851,#11960,#12742,.T.);
#12742 = LINE('',#12743,#12744);
#12743 = CARTESIAN_POINT('',(2.4,-3.445,0.675));
#12744 = VECTOR('',#12745,1.);
#12745 = DIRECTION('',(1.110223024625E-16,-1.,0.));
#12746 = ORIENTED_EDGE('',*,*,#11968,.T.);
#12747 = ORIENTED_EDGE('',*,*,#11982,.T.);
#12748 = ORIENTED_EDGE('',*,*,#5902,.F.);
#12749 = ORIENTED_EDGE('',*,*,#11766,.F.);
#12750 = PLANE('',#12751);
#12751 = AXIS2_PLACEMENT_3D('',#12752,#12753,#12754);
#12752 = CARTESIAN_POINT('',(2.4,-3.445,0.675));
#12753 = DIRECTION('',(0.,0.,-1.));
#12754 = DIRECTION('',(-1.,-1.110223024625E-16,-0.));
#12755 = ADVANCED_FACE('',(#12756),#12769,.F.);
#12756 = FACE_BOUND('',#12757,.F.);
#12757 = EDGE_LOOP('',(#12758,#12759,#12765,#12766,#12767,#12768));
#12758 = ORIENTED_EDGE('',*,*,#12082,.F.);
#12759 = ORIENTED_EDGE('',*,*,#12760,.T.);
#12760 = EDGE_CURVE('',#12074,#12183,#12761,.T.);
#12761 = LINE('',#12762,#12763);
#12762 = CARTESIAN_POINT('',(2.4,-4.095,0.675));
#12763 = VECTOR('',#12764,1.);
#12764 = DIRECTION('',(1.110223024625E-16,-1.,0.));
#12765 = ORIENTED_EDGE('',*,*,#12191,.T.);
#12766 = ORIENTED_EDGE('',*,*,#6025,.T.);
#12767 = ORIENTED_EDGE('',*,*,#5918,.F.);
#12768 = ORIENTED_EDGE('',*,*,#11989,.F.);
#12769 = PLANE('',#12770);
#12770 = AXIS2_PLACEMENT_3D('',#12771,#12772,#12773);
#12771 = CARTESIAN_POINT('',(2.4,-4.095,0.675));
#12772 = DIRECTION('',(0.,0.,-1.));
#12773 = DIRECTION('',(-1.,-1.110223024625E-16,-0.));
#12774 = ADVANCED_FACE('',(#12775),#12785,.F.);
#12775 = FACE_BOUND('',#12776,.F.);
#12776 = EDGE_LOOP('',(#12777,#12778,#12783,#12784));
#12777 = ORIENTED_EDGE('',*,*,#6018,.T.);
#12778 = ORIENTED_EDGE('',*,*,#12779,.T.);
#12779 = EDGE_CURVE('',#6011,#12473,#12780,.T.);
#12780 = B_SPLINE_CURVE_WITH_KNOTS('',1,(#12781,#12782),.UNSPECIFIED.,
  .F.,.F.,(2,2),(0.,1.),.PIECEWISE_BEZIER_KNOTS.);
#12781 = CARTESIAN_POINT('',(1.975,-4.8,0.675));
#12782 = CARTESIAN_POINT('',(1.929831730645,-4.70966346129,1.1));
#12783 = ORIENTED_EDGE('',*,*,#12472,.F.);
#12784 = ORIENTED_EDGE('',*,*,#5934,.F.);
#12785 = B_SPLINE_SURFACE_WITH_KNOTS('',1,1,(
    (#12786,#12787)
    ,(#12788,#12789
    )),.UNSPECIFIED.,.F.,.F.,.F.,(2,2),(2,2),(0.,0.247487373415),(0.,1.)
  ,.PIECEWISE_BEZIER_KNOTS.);
#12786 = CARTESIAN_POINT('',(2.15,-4.625,0.675));
#12787 = CARTESIAN_POINT('',(2.05966346129,-4.579831730645,1.1));
#12788 = CARTESIAN_POINT('',(1.975,-4.8,0.675));
#12789 = CARTESIAN_POINT('',(1.929831730645,-4.70966346129,1.1));
#12790 = ADVANCED_FACE('',(#12791),#12802,.T.);
#12791 = FACE_BOUND('',#12792,.T.);
#12792 = EDGE_LOOP('',(#12793,#12794,#12795,#12796));
#12793 = ORIENTED_EDGE('',*,*,#9193,.T.);
#12794 = ORIENTED_EDGE('',*,*,#5964,.T.);
#12795 = ORIENTED_EDGE('',*,*,#9295,.F.);
#12796 = ORIENTED_EDGE('',*,*,#12797,.F.);
#12797 = EDGE_CURVE('',#9186,#9288,#12798,.T.);
#12798 = LINE('',#12799,#12800);
#12799 = CARTESIAN_POINT('',(2.646201938253,4.355,0.468412044417));
#12800 = VECTOR('',#12801,1.);
#12801 = DIRECTION('',(1.110223024625E-16,-1.,0.));
#12802 = CYLINDRICAL_SURFACE('',#12803,0.25);
#12803 = AXIS2_PLACEMENT_3D('',#12804,#12805,#12806);
#12804 = CARTESIAN_POINT('',(2.4,4.355,0.425));
#12805 = DIRECTION('',(-1.110223024625E-16,1.,0.));
#12806 = DIRECTION('',(0.984807753012,1.093356242223E-16,0.173648177667)
  );
#12807 = ADVANCED_FACE('',(#12808),#12814,.F.);
#12808 = FACE_BOUND('',#12809,.F.);
#12809 = EDGE_LOOP('',(#12810,#12811,#12812,#12813));
#12810 = ORIENTED_EDGE('',*,*,#6010,.T.);
#12811 = ORIENTED_EDGE('',*,*,#12518,.T.);
#12812 = ORIENTED_EDGE('',*,*,#12480,.F.);
#12813 = ORIENTED_EDGE('',*,*,#12779,.F.);
#12814 = B_SPLINE_SURFACE_WITH_KNOTS('',1,1,(
    (#12815,#12816)
    ,(#12817,#12818
    )),.UNSPECIFIED.,.F.,.F.,.F.,(2,2),(2,2),(0.,3.95),(0.,1.),
  .PIECEWISE_BEZIER_KNOTS.);
#12815 = CARTESIAN_POINT('',(1.975,-4.8,0.675));
#12816 = CARTESIAN_POINT('',(1.929831730645,-4.70966346129,1.1));
#12817 = CARTESIAN_POINT('',(-1.975,-4.8,0.675));
#12818 = CARTESIAN_POINT('',(-1.929831730645,-4.70966346129,1.1));
#12819 = ADVANCED_FACE('',(#12820),#12831,.T.);
#12820 = FACE_BOUND('',#12821,.T.);
#12821 = EDGE_LOOP('',(#12822,#12823,#12824,#12825));
#12822 = ORIENTED_EDGE('',*,*,#6112,.T.);
#12823 = ORIENTED_EDGE('',*,*,#12223,.T.);
#12824 = ORIENTED_EDGE('',*,*,#6221,.F.);
#12825 = ORIENTED_EDGE('',*,*,#12826,.F.);
#12826 = EDGE_CURVE('',#6105,#6214,#12827,.T.);
#12827 = LINE('',#12828,#12829);
#12828 = CARTESIAN_POINT('',(-2.646201938253,-4.355,0.468412044417));
#12829 = VECTOR('',#12830,1.);
#12830 = DIRECTION('',(1.144237745222E-17,1.,0.));
#12831 = CYLINDRICAL_SURFACE('',#12832,0.25);
#12832 = AXIS2_PLACEMENT_3D('',#12833,#12834,#12835);
#12833 = CARTESIAN_POINT('',(-2.4,-4.355,0.425));
#12834 = DIRECTION('',(-1.144237745222E-17,-1.,0.));
#12835 = DIRECTION('',(-0.984807753012,1.126854202784E-17,0.173648177667
    ));
#12836 = ADVANCED_FACE('',(#12837),#12848,.F.);
#12837 = FACE_BOUND('',#12838,.F.);
#12838 = EDGE_LOOP('',(#12839,#12845,#12846,#12847));
#12839 = ORIENTED_EDGE('',*,*,#12840,.T.);
#12840 = EDGE_CURVE('',#6096,#6205,#12841,.T.);
#12841 = LINE('',#12842,#12843);
#12842 = CARTESIAN_POINT('',(-2.682376446323,-4.355,0.232635182233));
#12843 = VECTOR('',#12844,1.);
#12844 = DIRECTION('',(1.144237745222E-17,1.,0.));
#12845 = ORIENTED_EDGE('',*,*,#6213,.T.);
#12846 = ORIENTED_EDGE('',*,*,#12826,.F.);
#12847 = ORIENTED_EDGE('',*,*,#6104,.F.);
#12848 = PLANE('',#12849);
#12849 = AXIS2_PLACEMENT_3D('',#12850,#12851,#12852);
#12850 = CARTESIAN_POINT('',(-2.682376446323,-4.355,0.232635182233));
#12851 = DIRECTION('',(0.988433898356,-1.131003375156E-17,
    -0.151652327974));
#12852 = DIRECTION('',(0.151652327974,-1.735263178185E-18,0.988433898356
    ));
#12853 = ADVANCED_FACE('',(#12854),#12865,.F.);
#12854 = FACE_BOUND('',#12855,.F.);
#12855 = EDGE_LOOP('',(#12856,#12862,#12863,#12864));
#12856 = ORIENTED_EDGE('',*,*,#12857,.T.);
#12857 = EDGE_CURVE('',#6088,#6197,#12858,.T.);
#12858 = LINE('',#12859,#12860);
#12859 = CARTESIAN_POINT('',(-2.780857221624,-4.355,0.15));
#12860 = VECTOR('',#12861,1.);
#12861 = DIRECTION('',(1.144237745222E-17,1.,0.));
#12862 = ORIENTED_EDGE('',*,*,#6204,.T.);
#12863 = ORIENTED_EDGE('',*,*,#12840,.F.);
#12864 = ORIENTED_EDGE('',*,*,#6095,.F.);
#12865 = CYLINDRICAL_SURFACE('',#12866,0.1);
#12866 = AXIS2_PLACEMENT_3D('',#12867,#12868,#12869);
#12867 = CARTESIAN_POINT('',(-2.780857221624,-4.355,0.25));
#12868 = DIRECTION('',(-1.144237745222E-17,-1.,0.));
#12869 = DIRECTION('',(-0.,0.,-1.));
#12870 = ADVANCED_FACE('',(#12871),#12882,.F.);
#12871 = FACE_BOUND('',#12872,.F.);
#12872 = EDGE_LOOP('',(#12873,#12879,#12880,#12881));
#12873 = ORIENTED_EDGE('',*,*,#12874,.T.);
#12874 = EDGE_CURVE('',#6080,#6189,#12875,.T.);
#12875 = LINE('',#12876,#12877);
#12876 = CARTESIAN_POINT('',(-3.2,-4.355,0.15));
#12877 = VECTOR('',#12878,1.);
#12878 = DIRECTION('',(1.144237745222E-17,1.,0.));
#12879 = ORIENTED_EDGE('',*,*,#6196,.T.);
#12880 = ORIENTED_EDGE('',*,*,#12857,.F.);
#12881 = ORIENTED_EDGE('',*,*,#6087,.F.);
#12882 = PLANE('',#12883);
#12883 = AXIS2_PLACEMENT_3D('',#12884,#12885,#12886);
#12884 = CARTESIAN_POINT('',(-3.2,-4.355,0.15));
#12885 = DIRECTION('',(0.,0.,-1.));
#12886 = DIRECTION('',(1.,-1.144237745222E-17,0.));
#12887 = ADVANCED_FACE('',(#12888),#12899,.F.);
#12888 = FACE_BOUND('',#12889,.F.);
#12889 = EDGE_LOOP('',(#12890,#12896,#12897,#12898));
#12890 = ORIENTED_EDGE('',*,*,#12891,.T.);
#12891 = EDGE_CURVE('',#6072,#6181,#12892,.T.);
#12892 = LINE('',#12893,#12894);
#12893 = CARTESIAN_POINT('',(-3.2,-4.355,-1.665334536938E-16));
#12894 = VECTOR('',#12895,1.);
#12895 = DIRECTION('',(1.144237745222E-17,1.,0.));
#12896 = ORIENTED_EDGE('',*,*,#6188,.T.);
#12897 = ORIENTED_EDGE('',*,*,#12874,.F.);
#12898 = ORIENTED_EDGE('',*,*,#6079,.F.);
#12899 = PLANE('',#12900);
#12900 = AXIS2_PLACEMENT_3D('',#12901,#12902,#12903);
#12901 = CARTESIAN_POINT('',(-3.2,-4.355,-1.665334536938E-16));
#12902 = DIRECTION('',(1.,-1.144237745222E-17,0.));
#12903 = DIRECTION('',(0.,0.,1.));
#12904 = ADVANCED_FACE('',(#12905),#12916,.F.);
#12905 = FACE_BOUND('',#12906,.F.);
#12906 = EDGE_LOOP('',(#12907,#12913,#12914,#12915));
#12907 = ORIENTED_EDGE('',*,*,#12908,.T.);
#12908 = EDGE_CURVE('',#6063,#6172,#12909,.T.);
#12909 = LINE('',#12910,#12911);
#12910 = CARTESIAN_POINT('',(-2.780857221624,-4.355,-1.665334536938E-16)
  );
#12911 = VECTOR('',#12912,1.);
#12912 = DIRECTION('',(1.144237745222E-17,1.,0.));
#12913 = ORIENTED_EDGE('',*,*,#6180,.T.);
#12914 = ORIENTED_EDGE('',*,*,#12891,.F.);
#12915 = ORIENTED_EDGE('',*,*,#6071,.F.);
#12916 = PLANE('',#12917);
#12917 = AXIS2_PLACEMENT_3D('',#12918,#12919,#12920);
#12918 = CARTESIAN_POINT('',(-2.780857221624,-4.355,-1.665334536938E-16)
  );
#12919 = DIRECTION('',(0.,0.,1.));
#12920 = DIRECTION('',(-1.,1.144237745222E-17,0.));
#12921 = ADVANCED_FACE('',(#12922),#12933,.T.);
#12922 = FACE_BOUND('',#12923,.T.);
#12923 = EDGE_LOOP('',(#12924,#12925,#12926,#12927));
#12924 = ORIENTED_EDGE('',*,*,#6062,.T.);
#12925 = ORIENTED_EDGE('',*,*,#12908,.T.);
#12926 = ORIENTED_EDGE('',*,*,#6171,.F.);
#12927 = ORIENTED_EDGE('',*,*,#12928,.F.);
#12928 = EDGE_CURVE('',#6055,#6164,#12929,.T.);
#12929 = LINE('',#12930,#12931);
#12930 = CARTESIAN_POINT('',(-2.534655283371,-4.355,0.206587955583));
#12931 = VECTOR('',#12932,1.);
#12932 = DIRECTION('',(1.144237745222E-17,1.,0.));
#12933 = CYLINDRICAL_SURFACE('',#12934,0.25);
#12934 = AXIS2_PLACEMENT_3D('',#12935,#12936,#12937);
#12935 = CARTESIAN_POINT('',(-2.780857221624,-4.355,0.25));
#12936 = DIRECTION('',(-1.144237745222E-17,-1.,0.));
#12937 = DIRECTION('',(0.984807753012,-1.126854202784E-17,
    -0.173648177667));
#12938 = ADVANCED_FACE('',(#12939),#12945,.F.);
#12939 = FACE_BOUND('',#12940,.F.);
#12940 = EDGE_LOOP('',(#12941,#12942,#12943,#12944));
#12941 = ORIENTED_EDGE('',*,*,#6145,.T.);
#12942 = ORIENTED_EDGE('',*,*,#6163,.T.);
#12943 = ORIENTED_EDGE('',*,*,#12928,.F.);
#12944 = ORIENTED_EDGE('',*,*,#6054,.F.);
#12945 = PLANE('',#12946);
#12946 = AXIS2_PLACEMENT_3D('',#12947,#12948,#12949);
#12947 = CARTESIAN_POINT('',(-2.498480775301,-4.355,0.442364817767));
#12948 = DIRECTION('',(-0.988433898356,1.131003375156E-17,0.151652327974
    ));
#12949 = DIRECTION('',(-0.151652327974,1.735263178185E-18,
    -0.988433898356));
#12950 = ADVANCED_FACE('',(#12951),#12962,.T.);
#12951 = FACE_BOUND('',#12952,.T.);
#12952 = EDGE_LOOP('',(#12953,#12954,#12955,#12956));
#12953 = ORIENTED_EDGE('',*,*,#6335,.T.);
#12954 = ORIENTED_EDGE('',*,*,#12242,.T.);
#12955 = ORIENTED_EDGE('',*,*,#6444,.F.);
#12956 = ORIENTED_EDGE('',*,*,#12957,.F.);
#12957 = EDGE_CURVE('',#6328,#6437,#12958,.T.);
#12958 = LINE('',#12959,#12960);
#12959 = CARTESIAN_POINT('',(-2.646201938253,-3.705,0.468412044417));
#12960 = VECTOR('',#12961,1.);
#12961 = DIRECTION('',(1.144237745222E-17,1.,0.));
#12962 = CYLINDRICAL_SURFACE('',#12963,0.25);
#12963 = AXIS2_PLACEMENT_3D('',#12964,#12965,#12966);
#12964 = CARTESIAN_POINT('',(-2.4,-3.705,0.425));
#12965 = DIRECTION('',(-1.144237745222E-17,-1.,0.));
#12966 = DIRECTION('',(-0.984807753012,1.126854202784E-17,0.173648177667
    ));
#12967 = ADVANCED_FACE('',(#12968),#12979,.F.);
#12968 = FACE_BOUND('',#12969,.F.);
#12969 = EDGE_LOOP('',(#12970,#12976,#12977,#12978));
#12970 = ORIENTED_EDGE('',*,*,#12971,.T.);
#12971 = EDGE_CURVE('',#6319,#6428,#12972,.T.);
#12972 = LINE('',#12973,#12974);
#12973 = CARTESIAN_POINT('',(-2.682376446323,-3.705,0.232635182233));
#12974 = VECTOR('',#12975,1.);
#12975 = DIRECTION('',(1.144237745222E-17,1.,0.));
#12976 = ORIENTED_EDGE('',*,*,#6436,.T.);
#12977 = ORIENTED_EDGE('',*,*,#12957,.F.);
#12978 = ORIENTED_EDGE('',*,*,#6327,.F.);
#12979 = PLANE('',#12980);
#12980 = AXIS2_PLACEMENT_3D('',#12981,#12982,#12983);
#12981 = CARTESIAN_POINT('',(-2.682376446323,-3.705,0.232635182233));
#12982 = DIRECTION('',(0.988433898356,-1.131003375156E-17,
    -0.151652327974));
#12983 = DIRECTION('',(0.151652327974,-1.735263178185E-18,0.988433898356
    ));
#12984 = ADVANCED_FACE('',(#12985),#12996,.F.);
#12985 = FACE_BOUND('',#12986,.F.);
#12986 = EDGE_LOOP('',(#12987,#12993,#12994,#12995));
#12987 = ORIENTED_EDGE('',*,*,#12988,.T.);
#12988 = EDGE_CURVE('',#6311,#6420,#12989,.T.);
#12989 = LINE('',#12990,#12991);
#12990 = CARTESIAN_POINT('',(-2.780857221624,-3.705,0.15));
#12991 = VECTOR('',#12992,1.);
#12992 = DIRECTION('',(1.144237745222E-17,1.,0.));
#12993 = ORIENTED_EDGE('',*,*,#6427,.T.);
#12994 = ORIENTED_EDGE('',*,*,#12971,.F.);
#12995 = ORIENTED_EDGE('',*,*,#6318,.F.);
#12996 = CYLINDRICAL_SURFACE('',#12997,0.1);
#12997 = AXIS2_PLACEMENT_3D('',#12998,#12999,#13000);
#12998 = CARTESIAN_POINT('',(-2.780857221624,-3.705,0.25));
#12999 = DIRECTION('',(-1.144237745222E-17,-1.,0.));
#13000 = DIRECTION('',(-0.,0.,-1.));
#13001 = ADVANCED_FACE('',(#13002),#13013,.F.);
#13002 = FACE_BOUND('',#13003,.F.);
#13003 = EDGE_LOOP('',(#13004,#13010,#13011,#13012));
#13004 = ORIENTED_EDGE('',*,*,#13005,.T.);
#13005 = EDGE_CURVE('',#6303,#6412,#13006,.T.);
#13006 = LINE('',#13007,#13008);
#13007 = CARTESIAN_POINT('',(-3.2,-3.705,0.15));
#13008 = VECTOR('',#13009,1.);
#13009 = DIRECTION('',(1.144237745222E-17,1.,0.));
#13010 = ORIENTED_EDGE('',*,*,#6419,.T.);
#13011 = ORIENTED_EDGE('',*,*,#12988,.F.);
#13012 = ORIENTED_EDGE('',*,*,#6310,.F.);
#13013 = PLANE('',#13014);
#13014 = AXIS2_PLACEMENT_3D('',#13015,#13016,#13017);
#13015 = CARTESIAN_POINT('',(-3.2,-3.705,0.15));
#13016 = DIRECTION('',(0.,0.,-1.));
#13017 = DIRECTION('',(1.,-1.144237745222E-17,0.));
#13018 = ADVANCED_FACE('',(#13019),#13030,.F.);
#13019 = FACE_BOUND('',#13020,.F.);
#13020 = EDGE_LOOP('',(#13021,#13027,#13028,#13029));
#13021 = ORIENTED_EDGE('',*,*,#13022,.T.);
#13022 = EDGE_CURVE('',#6295,#6404,#13023,.T.);
#13023 = LINE('',#13024,#13025);
#13024 = CARTESIAN_POINT('',(-3.2,-3.705,-1.665334536938E-16));
#13025 = VECTOR('',#13026,1.);
#13026 = DIRECTION('',(1.144237745222E-17,1.,0.));
#13027 = ORIENTED_EDGE('',*,*,#6411,.T.);
#13028 = ORIENTED_EDGE('',*,*,#13005,.F.);
#13029 = ORIENTED_EDGE('',*,*,#6302,.F.);
#13030 = PLANE('',#13031);
#13031 = AXIS2_PLACEMENT_3D('',#13032,#13033,#13034);
#13032 = CARTESIAN_POINT('',(-3.2,-3.705,-1.665334536938E-16));
#13033 = DIRECTION('',(1.,-1.144237745222E-17,0.));
#13034 = DIRECTION('',(0.,0.,1.));
#13035 = ADVANCED_FACE('',(#13036),#13047,.F.);
#13036 = FACE_BOUND('',#13037,.F.);
#13037 = EDGE_LOOP('',(#13038,#13044,#13045,#13046));
#13038 = ORIENTED_EDGE('',*,*,#13039,.T.);
#13039 = EDGE_CURVE('',#6286,#6395,#13040,.T.);
#13040 = LINE('',#13041,#13042);
#13041 = CARTESIAN_POINT('',(-2.780857221624,-3.705,-1.665334536938E-16)
  );
#13042 = VECTOR('',#13043,1.);
#13043 = DIRECTION('',(1.144237745222E-17,1.,0.));
#13044 = ORIENTED_EDGE('',*,*,#6403,.T.);
#13045 = ORIENTED_EDGE('',*,*,#13022,.F.);
#13046 = ORIENTED_EDGE('',*,*,#6294,.F.);
#13047 = PLANE('',#13048);
#13048 = AXIS2_PLACEMENT_3D('',#13049,#13050,#13051);
#13049 = CARTESIAN_POINT('',(-2.780857221624,-3.705,-1.665334536938E-16)
  );
#13050 = DIRECTION('',(0.,0.,1.));
#13051 = DIRECTION('',(-1.,1.144237745222E-17,0.));
#13052 = ADVANCED_FACE('',(#13053),#13064,.T.);
#13053 = FACE_BOUND('',#13054,.T.);
#13054 = EDGE_LOOP('',(#13055,#13056,#13057,#13058));
#13055 = ORIENTED_EDGE('',*,*,#6285,.T.);
#13056 = ORIENTED_EDGE('',*,*,#13039,.T.);
#13057 = ORIENTED_EDGE('',*,*,#6394,.F.);
#13058 = ORIENTED_EDGE('',*,*,#13059,.F.);
#13059 = EDGE_CURVE('',#6278,#6387,#13060,.T.);
#13060 = LINE('',#13061,#13062);
#13061 = CARTESIAN_POINT('',(-2.534655283371,-3.705,0.206587955583));
#13062 = VECTOR('',#13063,1.);
#13063 = DIRECTION('',(1.144237745222E-17,1.,0.));
#13064 = CYLINDRICAL_SURFACE('',#13065,0.25);
#13065 = AXIS2_PLACEMENT_3D('',#13066,#13067,#13068);
#13066 = CARTESIAN_POINT('',(-2.780857221624,-3.705,0.25));
#13067 = DIRECTION('',(-1.144237745222E-17,-1.,0.));
#13068 = DIRECTION('',(0.984807753012,-1.126854202784E-17,
    -0.173648177667));
#13069 = ADVANCED_FACE('',(#13070),#13076,.F.);
#13070 = FACE_BOUND('',#13071,.F.);
#13071 = EDGE_LOOP('',(#13072,#13073,#13074,#13075));
#13072 = ORIENTED_EDGE('',*,*,#6368,.T.);
#13073 = ORIENTED_EDGE('',*,*,#6386,.T.);
#13074 = ORIENTED_EDGE('',*,*,#13059,.F.);
#13075 = ORIENTED_EDGE('',*,*,#6277,.F.);
#13076 = PLANE('',#13077);
#13077 = AXIS2_PLACEMENT_3D('',#13078,#13079,#13080);
#13078 = CARTESIAN_POINT('',(-2.498480775301,-3.705,0.442364817767));
#13079 = DIRECTION('',(-0.988433898356,1.131003375156E-17,0.151652327974
    ));
#13080 = DIRECTION('',(-0.151652327974,1.735263178185E-18,
    -0.988433898356));
#13081 = ADVANCED_FACE('',(#13082),#13093,.T.);
#13082 = FACE_BOUND('',#13083,.T.);
#13083 = EDGE_LOOP('',(#13084,#13085,#13086,#13087));
#13084 = ORIENTED_EDGE('',*,*,#6558,.T.);
#13085 = ORIENTED_EDGE('',*,*,#12261,.T.);
#13086 = ORIENTED_EDGE('',*,*,#6667,.F.);
#13087 = ORIENTED_EDGE('',*,*,#13088,.F.);
#13088 = EDGE_CURVE('',#6551,#6660,#13089,.T.);
#13089 = LINE('',#13090,#13091);
#13090 = CARTESIAN_POINT('',(-2.646201938253,-3.055,0.468412044417));
#13091 = VECTOR('',#13092,1.);
#13092 = DIRECTION('',(1.144237745222E-17,1.,0.));
#13093 = CYLINDRICAL_SURFACE('',#13094,0.25);
#13094 = AXIS2_PLACEMENT_3D('',#13095,#13096,#13097);
#13095 = CARTESIAN_POINT('',(-2.4,-3.055,0.425));
#13096 = DIRECTION('',(-1.144237745222E-17,-1.,0.));
#13097 = DIRECTION('',(-0.984807753012,1.126854202784E-17,0.173648177667
    ));
#13098 = ADVANCED_FACE('',(#13099),#13110,.F.);
#13099 = FACE_BOUND('',#13100,.F.);
#13100 = EDGE_LOOP('',(#13101,#13107,#13108,#13109));
#13101 = ORIENTED_EDGE('',*,*,#13102,.T.);
#13102 = EDGE_CURVE('',#6542,#6651,#13103,.T.);
#13103 = LINE('',#13104,#13105);
#13104 = CARTESIAN_POINT('',(-2.682376446323,-3.055,0.232635182233));
#13105 = VECTOR('',#13106,1.);
#13106 = DIRECTION('',(1.144237745222E-17,1.,0.));
#13107 = ORIENTED_EDGE('',*,*,#6659,.T.);
#13108 = ORIENTED_EDGE('',*,*,#13088,.F.);
#13109 = ORIENTED_EDGE('',*,*,#6550,.F.);
#13110 = PLANE('',#13111);
#13111 = AXIS2_PLACEMENT_3D('',#13112,#13113,#13114);
#13112 = CARTESIAN_POINT('',(-2.682376446323,-3.055,0.232635182233));
#13113 = DIRECTION('',(0.988433898356,-1.131003375156E-17,
    -0.151652327974));
#13114 = DIRECTION('',(0.151652327974,-1.735263178185E-18,0.988433898356
    ));
#13115 = ADVANCED_FACE('',(#13116),#13127,.F.);
#13116 = FACE_BOUND('',#13117,.F.);
#13117 = EDGE_LOOP('',(#13118,#13124,#13125,#13126));
#13118 = ORIENTED_EDGE('',*,*,#13119,.T.);
#13119 = EDGE_CURVE('',#6534,#6643,#13120,.T.);
#13120 = LINE('',#13121,#13122);
#13121 = CARTESIAN_POINT('',(-2.780857221624,-3.055,0.15));
#13122 = VECTOR('',#13123,1.);
#13123 = DIRECTION('',(1.144237745222E-17,1.,0.));
#13124 = ORIENTED_EDGE('',*,*,#6650,.T.);
#13125 = ORIENTED_EDGE('',*,*,#13102,.F.);
#13126 = ORIENTED_EDGE('',*,*,#6541,.F.);
#13127 = CYLINDRICAL_SURFACE('',#13128,0.1);
#13128 = AXIS2_PLACEMENT_3D('',#13129,#13130,#13131);
#13129 = CARTESIAN_POINT('',(-2.780857221624,-3.055,0.25));
#13130 = DIRECTION('',(-1.144237745222E-17,-1.,0.));
#13131 = DIRECTION('',(-0.,0.,-1.));
#13132 = ADVANCED_FACE('',(#13133),#13144,.F.);
#13133 = FACE_BOUND('',#13134,.F.);
#13134 = EDGE_LOOP('',(#13135,#13141,#13142,#13143));
#13135 = ORIENTED_EDGE('',*,*,#13136,.T.);
#13136 = EDGE_CURVE('',#6526,#6635,#13137,.T.);
#13137 = LINE('',#13138,#13139);
#13138 = CARTESIAN_POINT('',(-3.2,-3.055,0.15));
#13139 = VECTOR('',#13140,1.);
#13140 = DIRECTION('',(1.144237745222E-17,1.,0.));
#13141 = ORIENTED_EDGE('',*,*,#6642,.T.);
#13142 = ORIENTED_EDGE('',*,*,#13119,.F.);
#13143 = ORIENTED_EDGE('',*,*,#6533,.F.);
#13144 = PLANE('',#13145);
#13145 = AXIS2_PLACEMENT_3D('',#13146,#13147,#13148);
#13146 = CARTESIAN_POINT('',(-3.2,-3.055,0.15));
#13147 = DIRECTION('',(0.,0.,-1.));
#13148 = DIRECTION('',(1.,-1.144237745222E-17,0.));
#13149 = ADVANCED_FACE('',(#13150),#13161,.F.);
#13150 = FACE_BOUND('',#13151,.F.);
#13151 = EDGE_LOOP('',(#13152,#13158,#13159,#13160));
#13152 = ORIENTED_EDGE('',*,*,#13153,.T.);
#13153 = EDGE_CURVE('',#6518,#6627,#13154,.T.);
#13154 = LINE('',#13155,#13156);
#13155 = CARTESIAN_POINT('',(-3.2,-3.055,-1.665334536938E-16));
#13156 = VECTOR('',#13157,1.);
#13157 = DIRECTION('',(1.144237745222E-17,1.,0.));
#13158 = ORIENTED_EDGE('',*,*,#6634,.T.);
#13159 = ORIENTED_EDGE('',*,*,#13136,.F.);
#13160 = ORIENTED_EDGE('',*,*,#6525,.F.);
#13161 = PLANE('',#13162);
#13162 = AXIS2_PLACEMENT_3D('',#13163,#13164,#13165);
#13163 = CARTESIAN_POINT('',(-3.2,-3.055,-1.665334536938E-16));
#13164 = DIRECTION('',(1.,-1.144237745222E-17,0.));
#13165 = DIRECTION('',(0.,0.,1.));
#13166 = ADVANCED_FACE('',(#13167),#13178,.F.);
#13167 = FACE_BOUND('',#13168,.F.);
#13168 = EDGE_LOOP('',(#13169,#13175,#13176,#13177));
#13169 = ORIENTED_EDGE('',*,*,#13170,.T.);
#13170 = EDGE_CURVE('',#6509,#6618,#13171,.T.);
#13171 = LINE('',#13172,#13173);
#13172 = CARTESIAN_POINT('',(-2.780857221624,-3.055,-1.665334536938E-16)
  );
#13173 = VECTOR('',#13174,1.);
#13174 = DIRECTION('',(1.144237745222E-17,1.,0.));
#13175 = ORIENTED_EDGE('',*,*,#6626,.T.);
#13176 = ORIENTED_EDGE('',*,*,#13153,.F.);
#13177 = ORIENTED_EDGE('',*,*,#6517,.F.);
#13178 = PLANE('',#13179);
#13179 = AXIS2_PLACEMENT_3D('',#13180,#13181,#13182);
#13180 = CARTESIAN_POINT('',(-2.780857221624,-3.055,-1.665334536938E-16)
  );
#13181 = DIRECTION('',(0.,0.,1.));
#13182 = DIRECTION('',(-1.,1.144237745222E-17,0.));
#13183 = ADVANCED_FACE('',(#13184),#13195,.T.);
#13184 = FACE_BOUND('',#13185,.T.);
#13185 = EDGE_LOOP('',(#13186,#13187,#13188,#13189));
#13186 = ORIENTED_EDGE('',*,*,#6508,.T.);
#13187 = ORIENTED_EDGE('',*,*,#13170,.T.);
#13188 = ORIENTED_EDGE('',*,*,#6617,.F.);
#13189 = ORIENTED_EDGE('',*,*,#13190,.F.);
#13190 = EDGE_CURVE('',#6501,#6610,#13191,.T.);
#13191 = LINE('',#13192,#13193);
#13192 = CARTESIAN_POINT('',(-2.534655283371,-3.055,0.206587955583));
#13193 = VECTOR('',#13194,1.);
#13194 = DIRECTION('',(1.144237745222E-17,1.,0.));
#13195 = CYLINDRICAL_SURFACE('',#13196,0.25);
#13196 = AXIS2_PLACEMENT_3D('',#13197,#13198,#13199);
#13197 = CARTESIAN_POINT('',(-2.780857221624,-3.055,0.25));
#13198 = DIRECTION('',(-1.144237745222E-17,-1.,0.));
#13199 = DIRECTION('',(0.984807753012,-1.126854202784E-17,
    -0.173648177667));
#13200 = ADVANCED_FACE('',(#13201),#13207,.F.);
#13201 = FACE_BOUND('',#13202,.F.);
#13202 = EDGE_LOOP('',(#13203,#13204,#13205,#13206));
#13203 = ORIENTED_EDGE('',*,*,#6591,.T.);
#13204 = ORIENTED_EDGE('',*,*,#6609,.T.);
#13205 = ORIENTED_EDGE('',*,*,#13190,.F.);
#13206 = ORIENTED_EDGE('',*,*,#6500,.F.);
#13207 = PLANE('',#13208);
#13208 = AXIS2_PLACEMENT_3D('',#13209,#13210,#13211);
#13209 = CARTESIAN_POINT('',(-2.498480775301,-3.055,0.442364817767));
#13210 = DIRECTION('',(-0.988433898356,1.131003375156E-17,0.151652327974
    ));
#13211 = DIRECTION('',(-0.151652327974,1.735263178185E-18,
    -0.988433898356));
#13212 = ADVANCED_FACE('',(#13213),#13224,.T.);
#13213 = FACE_BOUND('',#13214,.T.);
#13214 = EDGE_LOOP('',(#13215,#13216,#13217,#13218));
#13215 = ORIENTED_EDGE('',*,*,#6781,.T.);
#13216 = ORIENTED_EDGE('',*,*,#12280,.T.);
#13217 = ORIENTED_EDGE('',*,*,#6890,.F.);
#13218 = ORIENTED_EDGE('',*,*,#13219,.F.);
#13219 = EDGE_CURVE('',#6774,#6883,#13220,.T.);
#13220 = LINE('',#13221,#13222);
#13221 = CARTESIAN_POINT('',(-2.646201938253,-2.405,0.468412044417));
#13222 = VECTOR('',#13223,1.);
#13223 = DIRECTION('',(1.144237745222E-17,1.,0.));
#13224 = CYLINDRICAL_SURFACE('',#13225,0.25);
#13225 = AXIS2_PLACEMENT_3D('',#13226,#13227,#13228);
#13226 = CARTESIAN_POINT('',(-2.4,-2.405,0.425));
#13227 = DIRECTION('',(-1.144237745222E-17,-1.,0.));
#13228 = DIRECTION('',(-0.984807753012,1.126854202784E-17,0.173648177667
    ));
#13229 = ADVANCED_FACE('',(#13230),#13241,.F.);
#13230 = FACE_BOUND('',#13231,.F.);
#13231 = EDGE_LOOP('',(#13232,#13238,#13239,#13240));
#13232 = ORIENTED_EDGE('',*,*,#13233,.T.);
#13233 = EDGE_CURVE('',#6765,#6874,#13234,.T.);
#13234 = LINE('',#13235,#13236);
#13235 = CARTESIAN_POINT('',(-2.682376446323,-2.405,0.232635182233));
#13236 = VECTOR('',#13237,1.);
#13237 = DIRECTION('',(1.144237745222E-17,1.,0.));
#13238 = ORIENTED_EDGE('',*,*,#6882,.T.);
#13239 = ORIENTED_EDGE('',*,*,#13219,.F.);
#13240 = ORIENTED_EDGE('',*,*,#6773,.F.);
#13241 = PLANE('',#13242);
#13242 = AXIS2_PLACEMENT_3D('',#13243,#13244,#13245);
#13243 = CARTESIAN_POINT('',(-2.682376446323,-2.405,0.232635182233));
#13244 = DIRECTION('',(0.988433898356,-1.131003375156E-17,
    -0.151652327974));
#13245 = DIRECTION('',(0.151652327974,-1.735263178185E-18,0.988433898356
    ));
#13246 = ADVANCED_FACE('',(#13247),#13258,.F.);
#13247 = FACE_BOUND('',#13248,.F.);
#13248 = EDGE_LOOP('',(#13249,#13255,#13256,#13257));
#13249 = ORIENTED_EDGE('',*,*,#13250,.T.);
#13250 = EDGE_CURVE('',#6757,#6866,#13251,.T.);
#13251 = LINE('',#13252,#13253);
#13252 = CARTESIAN_POINT('',(-2.780857221624,-2.405,0.15));
#13253 = VECTOR('',#13254,1.);
#13254 = DIRECTION('',(1.144237745222E-17,1.,0.));
#13255 = ORIENTED_EDGE('',*,*,#6873,.T.);
#13256 = ORIENTED_EDGE('',*,*,#13233,.F.);
#13257 = ORIENTED_EDGE('',*,*,#6764,.F.);
#13258 = CYLINDRICAL_SURFACE('',#13259,0.1);
#13259 = AXIS2_PLACEMENT_3D('',#13260,#13261,#13262);
#13260 = CARTESIAN_POINT('',(-2.780857221624,-2.405,0.25));
#13261 = DIRECTION('',(-1.144237745222E-17,-1.,0.));
#13262 = DIRECTION('',(-0.,0.,-1.));
#13263 = ADVANCED_FACE('',(#13264),#13275,.F.);
#13264 = FACE_BOUND('',#13265,.F.);
#13265 = EDGE_LOOP('',(#13266,#13272,#13273,#13274));
#13266 = ORIENTED_EDGE('',*,*,#13267,.T.);
#13267 = EDGE_CURVE('',#6749,#6858,#13268,.T.);
#13268 = LINE('',#13269,#13270);
#13269 = CARTESIAN_POINT('',(-3.2,-2.405,0.15));
#13270 = VECTOR('',#13271,1.);
#13271 = DIRECTION('',(1.144237745222E-17,1.,0.));
#13272 = ORIENTED_EDGE('',*,*,#6865,.T.);
#13273 = ORIENTED_EDGE('',*,*,#13250,.F.);
#13274 = ORIENTED_EDGE('',*,*,#6756,.F.);
#13275 = PLANE('',#13276);
#13276 = AXIS2_PLACEMENT_3D('',#13277,#13278,#13279);
#13277 = CARTESIAN_POINT('',(-3.2,-2.405,0.15));
#13278 = DIRECTION('',(0.,0.,-1.));
#13279 = DIRECTION('',(1.,-1.144237745222E-17,0.));
#13280 = ADVANCED_FACE('',(#13281),#13292,.F.);
#13281 = FACE_BOUND('',#13282,.F.);
#13282 = EDGE_LOOP('',(#13283,#13289,#13290,#13291));
#13283 = ORIENTED_EDGE('',*,*,#13284,.T.);
#13284 = EDGE_CURVE('',#6741,#6850,#13285,.T.);
#13285 = LINE('',#13286,#13287);
#13286 = CARTESIAN_POINT('',(-3.2,-2.405,-1.665334536938E-16));
#13287 = VECTOR('',#13288,1.);
#13288 = DIRECTION('',(1.144237745222E-17,1.,0.));
#13289 = ORIENTED_EDGE('',*,*,#6857,.T.);
#13290 = ORIENTED_EDGE('',*,*,#13267,.F.);
#13291 = ORIENTED_EDGE('',*,*,#6748,.F.);
#13292 = PLANE('',#13293);
#13293 = AXIS2_PLACEMENT_3D('',#13294,#13295,#13296);
#13294 = CARTESIAN_POINT('',(-3.2,-2.405,-1.665334536938E-16));
#13295 = DIRECTION('',(1.,-1.144237745222E-17,0.));
#13296 = DIRECTION('',(0.,0.,1.));
#13297 = ADVANCED_FACE('',(#13298),#13309,.F.);
#13298 = FACE_BOUND('',#13299,.F.);
#13299 = EDGE_LOOP('',(#13300,#13306,#13307,#13308));
#13300 = ORIENTED_EDGE('',*,*,#13301,.T.);
#13301 = EDGE_CURVE('',#6732,#6841,#13302,.T.);
#13302 = LINE('',#13303,#13304);
#13303 = CARTESIAN_POINT('',(-2.780857221624,-2.405,-1.665334536938E-16)
  );
#13304 = VECTOR('',#13305,1.);
#13305 = DIRECTION('',(1.144237745222E-17,1.,0.));
#13306 = ORIENTED_EDGE('',*,*,#6849,.T.);
#13307 = ORIENTED_EDGE('',*,*,#13284,.F.);
#13308 = ORIENTED_EDGE('',*,*,#6740,.F.);
#13309 = PLANE('',#13310);
#13310 = AXIS2_PLACEMENT_3D('',#13311,#13312,#13313);
#13311 = CARTESIAN_POINT('',(-2.780857221624,-2.405,-1.665334536938E-16)
  );
#13312 = DIRECTION('',(0.,0.,1.));
#13313 = DIRECTION('',(-1.,1.144237745222E-17,0.));
#13314 = ADVANCED_FACE('',(#13315),#13326,.T.);
#13315 = FACE_BOUND('',#13316,.T.);
#13316 = EDGE_LOOP('',(#13317,#13318,#13319,#13320));
#13317 = ORIENTED_EDGE('',*,*,#6731,.T.);
#13318 = ORIENTED_EDGE('',*,*,#13301,.T.);
#13319 = ORIENTED_EDGE('',*,*,#6840,.F.);
#13320 = ORIENTED_EDGE('',*,*,#13321,.F.);
#13321 = EDGE_CURVE('',#6724,#6833,#13322,.T.);
#13322 = LINE('',#13323,#13324);
#13323 = CARTESIAN_POINT('',(-2.534655283371,-2.405,0.206587955583));
#13324 = VECTOR('',#13325,1.);
#13325 = DIRECTION('',(1.144237745222E-17,1.,0.));
#13326 = CYLINDRICAL_SURFACE('',#13327,0.25);
#13327 = AXIS2_PLACEMENT_3D('',#13328,#13329,#13330);
#13328 = CARTESIAN_POINT('',(-2.780857221624,-2.405,0.25));
#13329 = DIRECTION('',(-1.144237745222E-17,-1.,0.));
#13330 = DIRECTION('',(0.984807753012,-1.126854202784E-17,
    -0.173648177667));
#13331 = ADVANCED_FACE('',(#13332),#13338,.F.);
#13332 = FACE_BOUND('',#13333,.F.);
#13333 = EDGE_LOOP('',(#13334,#13335,#13336,#13337));
#13334 = ORIENTED_EDGE('',*,*,#6814,.T.);
#13335 = ORIENTED_EDGE('',*,*,#6832,.T.);
#13336 = ORIENTED_EDGE('',*,*,#13321,.F.);
#13337 = ORIENTED_EDGE('',*,*,#6723,.F.);
#13338 = PLANE('',#13339);
#13339 = AXIS2_PLACEMENT_3D('',#13340,#13341,#13342);
#13340 = CARTESIAN_POINT('',(-2.498480775301,-2.405,0.442364817767));
#13341 = DIRECTION('',(-0.988433898356,1.131003375156E-17,0.151652327974
    ));
#13342 = DIRECTION('',(-0.151652327974,1.735263178185E-18,
    -0.988433898356));
#13343 = ADVANCED_FACE('',(#13344),#13355,.T.);
#13344 = FACE_BOUND('',#13345,.T.);
#13345 = EDGE_LOOP('',(#13346,#13347,#13348,#13349));
#13346 = ORIENTED_EDGE('',*,*,#7004,.T.);
#13347 = ORIENTED_EDGE('',*,*,#12299,.T.);
#13348 = ORIENTED_EDGE('',*,*,#7113,.F.);
#13349 = ORIENTED_EDGE('',*,*,#13350,.F.);
#13350 = EDGE_CURVE('',#6997,#7106,#13351,.T.);
#13351 = LINE('',#13352,#13353);
#13352 = CARTESIAN_POINT('',(-2.646201938253,-1.755,0.468412044417));
#13353 = VECTOR('',#13354,1.);
#13354 = DIRECTION('',(1.144237745222E-17,1.,0.));
#13355 = CYLINDRICAL_SURFACE('',#13356,0.25);
#13356 = AXIS2_PLACEMENT_3D('',#13357,#13358,#13359);
#13357 = CARTESIAN_POINT('',(-2.4,-1.755,0.425));
#13358 = DIRECTION('',(-1.144237745222E-17,-1.,0.));
#13359 = DIRECTION('',(-0.984807753012,1.126854202784E-17,0.173648177667
    ));
#13360 = ADVANCED_FACE('',(#13361),#13372,.F.);
#13361 = FACE_BOUND('',#13362,.F.);
#13362 = EDGE_LOOP('',(#13363,#13369,#13370,#13371));
#13363 = ORIENTED_EDGE('',*,*,#13364,.T.);
#13364 = EDGE_CURVE('',#6988,#7097,#13365,.T.);
#13365 = LINE('',#13366,#13367);
#13366 = CARTESIAN_POINT('',(-2.682376446323,-1.755,0.232635182233));
#13367 = VECTOR('',#13368,1.);
#13368 = DIRECTION('',(1.144237745222E-17,1.,0.));
#13369 = ORIENTED_EDGE('',*,*,#7105,.T.);
#13370 = ORIENTED_EDGE('',*,*,#13350,.F.);
#13371 = ORIENTED_EDGE('',*,*,#6996,.F.);
#13372 = PLANE('',#13373);
#13373 = AXIS2_PLACEMENT_3D('',#13374,#13375,#13376);
#13374 = CARTESIAN_POINT('',(-2.682376446323,-1.755,0.232635182233));
#13375 = DIRECTION('',(0.988433898356,-1.131003375156E-17,
    -0.151652327974));
#13376 = DIRECTION('',(0.151652327974,-1.735263178185E-18,0.988433898356
    ));
#13377 = ADVANCED_FACE('',(#13378),#13389,.F.);
#13378 = FACE_BOUND('',#13379,.F.);
#13379 = EDGE_LOOP('',(#13380,#13386,#13387,#13388));
#13380 = ORIENTED_EDGE('',*,*,#13381,.T.);
#13381 = EDGE_CURVE('',#6980,#7089,#13382,.T.);
#13382 = LINE('',#13383,#13384);
#13383 = CARTESIAN_POINT('',(-2.780857221624,-1.755,0.15));
#13384 = VECTOR('',#13385,1.);
#13385 = DIRECTION('',(1.144237745222E-17,1.,0.));
#13386 = ORIENTED_EDGE('',*,*,#7096,.T.);
#13387 = ORIENTED_EDGE('',*,*,#13364,.F.);
#13388 = ORIENTED_EDGE('',*,*,#6987,.F.);
#13389 = CYLINDRICAL_SURFACE('',#13390,0.1);
#13390 = AXIS2_PLACEMENT_3D('',#13391,#13392,#13393);
#13391 = CARTESIAN_POINT('',(-2.780857221624,-1.755,0.25));
#13392 = DIRECTION('',(-1.144237745222E-17,-1.,0.));
#13393 = DIRECTION('',(-0.,0.,-1.));
#13394 = ADVANCED_FACE('',(#13395),#13406,.F.);
#13395 = FACE_BOUND('',#13396,.F.);
#13396 = EDGE_LOOP('',(#13397,#13403,#13404,#13405));
#13397 = ORIENTED_EDGE('',*,*,#13398,.T.);
#13398 = EDGE_CURVE('',#6972,#7081,#13399,.T.);
#13399 = LINE('',#13400,#13401);
#13400 = CARTESIAN_POINT('',(-3.2,-1.755,0.15));
#13401 = VECTOR('',#13402,1.);
#13402 = DIRECTION('',(1.144237745222E-17,1.,0.));
#13403 = ORIENTED_EDGE('',*,*,#7088,.T.);
#13404 = ORIENTED_EDGE('',*,*,#13381,.F.);
#13405 = ORIENTED_EDGE('',*,*,#6979,.F.);
#13406 = PLANE('',#13407);
#13407 = AXIS2_PLACEMENT_3D('',#13408,#13409,#13410);
#13408 = CARTESIAN_POINT('',(-3.2,-1.755,0.15));
#13409 = DIRECTION('',(0.,0.,-1.));
#13410 = DIRECTION('',(1.,-1.144237745222E-17,0.));
#13411 = ADVANCED_FACE('',(#13412),#13423,.F.);
#13412 = FACE_BOUND('',#13413,.F.);
#13413 = EDGE_LOOP('',(#13414,#13420,#13421,#13422));
#13414 = ORIENTED_EDGE('',*,*,#13415,.T.);
#13415 = EDGE_CURVE('',#6964,#7073,#13416,.T.);
#13416 = LINE('',#13417,#13418);
#13417 = CARTESIAN_POINT('',(-3.2,-1.755,-1.665334536938E-16));
#13418 = VECTOR('',#13419,1.);
#13419 = DIRECTION('',(1.144237745222E-17,1.,0.));
#13420 = ORIENTED_EDGE('',*,*,#7080,.T.);
#13421 = ORIENTED_EDGE('',*,*,#13398,.F.);
#13422 = ORIENTED_EDGE('',*,*,#6971,.F.);
#13423 = PLANE('',#13424);
#13424 = AXIS2_PLACEMENT_3D('',#13425,#13426,#13427);
#13425 = CARTESIAN_POINT('',(-3.2,-1.755,-1.665334536938E-16));
#13426 = DIRECTION('',(1.,-1.144237745222E-17,0.));
#13427 = DIRECTION('',(0.,0.,1.));
#13428 = ADVANCED_FACE('',(#13429),#13440,.F.);
#13429 = FACE_BOUND('',#13430,.F.);
#13430 = EDGE_LOOP('',(#13431,#13437,#13438,#13439));
#13431 = ORIENTED_EDGE('',*,*,#13432,.T.);
#13432 = EDGE_CURVE('',#6955,#7064,#13433,.T.);
#13433 = LINE('',#13434,#13435);
#13434 = CARTESIAN_POINT('',(-2.780857221624,-1.755,-1.665334536938E-16)
  );
#13435 = VECTOR('',#13436,1.);
#13436 = DIRECTION('',(1.144237745222E-17,1.,0.));
#13437 = ORIENTED_EDGE('',*,*,#7072,.T.);
#13438 = ORIENTED_EDGE('',*,*,#13415,.F.);
#13439 = ORIENTED_EDGE('',*,*,#6963,.F.);
#13440 = PLANE('',#13441);
#13441 = AXIS2_PLACEMENT_3D('',#13442,#13443,#13444);
#13442 = CARTESIAN_POINT('',(-2.780857221624,-1.755,-1.665334536938E-16)
  );
#13443 = DIRECTION('',(0.,0.,1.));
#13444 = DIRECTION('',(-1.,1.144237745222E-17,0.));
#13445 = ADVANCED_FACE('',(#13446),#13457,.T.);
#13446 = FACE_BOUND('',#13447,.T.);
#13447 = EDGE_LOOP('',(#13448,#13449,#13450,#13451));
#13448 = ORIENTED_EDGE('',*,*,#6954,.T.);
#13449 = ORIENTED_EDGE('',*,*,#13432,.T.);
#13450 = ORIENTED_EDGE('',*,*,#7063,.F.);
#13451 = ORIENTED_EDGE('',*,*,#13452,.F.);
#13452 = EDGE_CURVE('',#6947,#7056,#13453,.T.);
#13453 = LINE('',#13454,#13455);
#13454 = CARTESIAN_POINT('',(-2.534655283371,-1.755,0.206587955583));
#13455 = VECTOR('',#13456,1.);
#13456 = DIRECTION('',(1.144237745222E-17,1.,0.));
#13457 = CYLINDRICAL_SURFACE('',#13458,0.25);
#13458 = AXIS2_PLACEMENT_3D('',#13459,#13460,#13461);
#13459 = CARTESIAN_POINT('',(-2.780857221624,-1.755,0.25));
#13460 = DIRECTION('',(-1.144237745222E-17,-1.,0.));
#13461 = DIRECTION('',(0.984807753012,-1.126854202784E-17,
    -0.173648177667));
#13462 = ADVANCED_FACE('',(#13463),#13469,.F.);
#13463 = FACE_BOUND('',#13464,.F.);
#13464 = EDGE_LOOP('',(#13465,#13466,#13467,#13468));
#13465 = ORIENTED_EDGE('',*,*,#7037,.T.);
#13466 = ORIENTED_EDGE('',*,*,#7055,.T.);
#13467 = ORIENTED_EDGE('',*,*,#13452,.F.);
#13468 = ORIENTED_EDGE('',*,*,#6946,.F.);
#13469 = PLANE('',#13470);
#13470 = AXIS2_PLACEMENT_3D('',#13471,#13472,#13473);
#13471 = CARTESIAN_POINT('',(-2.498480775301,-1.755,0.442364817767));
#13472 = DIRECTION('',(-0.988433898356,1.131003375156E-17,0.151652327974
    ));
#13473 = DIRECTION('',(-0.151652327974,1.735263178185E-18,
    -0.988433898356));
#13474 = ADVANCED_FACE('',(#13475),#13486,.T.);
#13475 = FACE_BOUND('',#13476,.T.);
#13476 = EDGE_LOOP('',(#13477,#13478,#13479,#13480));
#13477 = ORIENTED_EDGE('',*,*,#7227,.T.);
#13478 = ORIENTED_EDGE('',*,*,#12318,.T.);
#13479 = ORIENTED_EDGE('',*,*,#7336,.F.);
#13480 = ORIENTED_EDGE('',*,*,#13481,.F.);
#13481 = EDGE_CURVE('',#7220,#7329,#13482,.T.);
#13482 = LINE('',#13483,#13484);
#13483 = CARTESIAN_POINT('',(-2.646201938253,-1.105,0.468412044417));
#13484 = VECTOR('',#13485,1.);
#13485 = DIRECTION('',(1.144237745222E-17,1.,0.));
#13486 = CYLINDRICAL_SURFACE('',#13487,0.25);
#13487 = AXIS2_PLACEMENT_3D('',#13488,#13489,#13490);
#13488 = CARTESIAN_POINT('',(-2.4,-1.105,0.425));
#13489 = DIRECTION('',(-1.144237745222E-17,-1.,0.));
#13490 = DIRECTION('',(-0.984807753012,1.126854202784E-17,0.173648177667
    ));
#13491 = ADVANCED_FACE('',(#13492),#13503,.F.);
#13492 = FACE_BOUND('',#13493,.F.);
#13493 = EDGE_LOOP('',(#13494,#13500,#13501,#13502));
#13494 = ORIENTED_EDGE('',*,*,#13495,.T.);
#13495 = EDGE_CURVE('',#7211,#7320,#13496,.T.);
#13496 = LINE('',#13497,#13498);
#13497 = CARTESIAN_POINT('',(-2.682376446323,-1.105,0.232635182233));
#13498 = VECTOR('',#13499,1.);
#13499 = DIRECTION('',(1.144237745222E-17,1.,0.));
#13500 = ORIENTED_EDGE('',*,*,#7328,.T.);
#13501 = ORIENTED_EDGE('',*,*,#13481,.F.);
#13502 = ORIENTED_EDGE('',*,*,#7219,.F.);
#13503 = PLANE('',#13504);
#13504 = AXIS2_PLACEMENT_3D('',#13505,#13506,#13507);
#13505 = CARTESIAN_POINT('',(-2.682376446323,-1.105,0.232635182233));
#13506 = DIRECTION('',(0.988433898356,-1.131003375156E-17,
    -0.151652327974));
#13507 = DIRECTION('',(0.151652327974,-1.735263178185E-18,0.988433898356
    ));
#13508 = ADVANCED_FACE('',(#13509),#13520,.F.);
#13509 = FACE_BOUND('',#13510,.F.);
#13510 = EDGE_LOOP('',(#13511,#13517,#13518,#13519));
#13511 = ORIENTED_EDGE('',*,*,#13512,.T.);
#13512 = EDGE_CURVE('',#7203,#7312,#13513,.T.);
#13513 = LINE('',#13514,#13515);
#13514 = CARTESIAN_POINT('',(-2.780857221624,-1.105,0.15));
#13515 = VECTOR('',#13516,1.);
#13516 = DIRECTION('',(1.144237745222E-17,1.,0.));
#13517 = ORIENTED_EDGE('',*,*,#7319,.T.);
#13518 = ORIENTED_EDGE('',*,*,#13495,.F.);
#13519 = ORIENTED_EDGE('',*,*,#7210,.F.);
#13520 = CYLINDRICAL_SURFACE('',#13521,0.1);
#13521 = AXIS2_PLACEMENT_3D('',#13522,#13523,#13524);
#13522 = CARTESIAN_POINT('',(-2.780857221624,-1.105,0.25));
#13523 = DIRECTION('',(-1.144237745222E-17,-1.,0.));
#13524 = DIRECTION('',(-0.,0.,-1.));
#13525 = ADVANCED_FACE('',(#13526),#13537,.F.);
#13526 = FACE_BOUND('',#13527,.F.);
#13527 = EDGE_LOOP('',(#13528,#13534,#13535,#13536));
#13528 = ORIENTED_EDGE('',*,*,#13529,.T.);
#13529 = EDGE_CURVE('',#7195,#7304,#13530,.T.);
#13530 = LINE('',#13531,#13532);
#13531 = CARTESIAN_POINT('',(-3.2,-1.105,0.15));
#13532 = VECTOR('',#13533,1.);
#13533 = DIRECTION('',(1.144237745222E-17,1.,0.));
#13534 = ORIENTED_EDGE('',*,*,#7311,.T.);
#13535 = ORIENTED_EDGE('',*,*,#13512,.F.);
#13536 = ORIENTED_EDGE('',*,*,#7202,.F.);
#13537 = PLANE('',#13538);
#13538 = AXIS2_PLACEMENT_3D('',#13539,#13540,#13541);
#13539 = CARTESIAN_POINT('',(-3.2,-1.105,0.15));
#13540 = DIRECTION('',(0.,0.,-1.));
#13541 = DIRECTION('',(1.,-1.144237745222E-17,0.));
#13542 = ADVANCED_FACE('',(#13543),#13554,.F.);
#13543 = FACE_BOUND('',#13544,.F.);
#13544 = EDGE_LOOP('',(#13545,#13551,#13552,#13553));
#13545 = ORIENTED_EDGE('',*,*,#13546,.T.);
#13546 = EDGE_CURVE('',#7187,#7296,#13547,.T.);
#13547 = LINE('',#13548,#13549);
#13548 = CARTESIAN_POINT('',(-3.2,-1.105,-1.665334536938E-16));
#13549 = VECTOR('',#13550,1.);
#13550 = DIRECTION('',(1.144237745222E-17,1.,0.));
#13551 = ORIENTED_EDGE('',*,*,#7303,.T.);
#13552 = ORIENTED_EDGE('',*,*,#13529,.F.);
#13553 = ORIENTED_EDGE('',*,*,#7194,.F.);
#13554 = PLANE('',#13555);
#13555 = AXIS2_PLACEMENT_3D('',#13556,#13557,#13558);
#13556 = CARTESIAN_POINT('',(-3.2,-1.105,-1.665334536938E-16));
#13557 = DIRECTION('',(1.,-1.144237745222E-17,0.));
#13558 = DIRECTION('',(0.,0.,1.));
#13559 = ADVANCED_FACE('',(#13560),#13571,.F.);
#13560 = FACE_BOUND('',#13561,.F.);
#13561 = EDGE_LOOP('',(#13562,#13568,#13569,#13570));
#13562 = ORIENTED_EDGE('',*,*,#13563,.T.);
#13563 = EDGE_CURVE('',#7178,#7287,#13564,.T.);
#13564 = LINE('',#13565,#13566);
#13565 = CARTESIAN_POINT('',(-2.780857221624,-1.105,-1.665334536938E-16)
  );
#13566 = VECTOR('',#13567,1.);
#13567 = DIRECTION('',(1.144237745222E-17,1.,0.));
#13568 = ORIENTED_EDGE('',*,*,#7295,.T.);
#13569 = ORIENTED_EDGE('',*,*,#13546,.F.);
#13570 = ORIENTED_EDGE('',*,*,#7186,.F.);
#13571 = PLANE('',#13572);
#13572 = AXIS2_PLACEMENT_3D('',#13573,#13574,#13575);
#13573 = CARTESIAN_POINT('',(-2.780857221624,-1.105,-1.665334536938E-16)
  );
#13574 = DIRECTION('',(0.,0.,1.));
#13575 = DIRECTION('',(-1.,1.144237745222E-17,0.));
#13576 = ADVANCED_FACE('',(#13577),#13588,.T.);
#13577 = FACE_BOUND('',#13578,.T.);
#13578 = EDGE_LOOP('',(#13579,#13580,#13581,#13582));
#13579 = ORIENTED_EDGE('',*,*,#7177,.T.);
#13580 = ORIENTED_EDGE('',*,*,#13563,.T.);
#13581 = ORIENTED_EDGE('',*,*,#7286,.F.);
#13582 = ORIENTED_EDGE('',*,*,#13583,.F.);
#13583 = EDGE_CURVE('',#7170,#7279,#13584,.T.);
#13584 = LINE('',#13585,#13586);
#13585 = CARTESIAN_POINT('',(-2.534655283371,-1.105,0.206587955583));
#13586 = VECTOR('',#13587,1.);
#13587 = DIRECTION('',(1.144237745222E-17,1.,0.));
#13588 = CYLINDRICAL_SURFACE('',#13589,0.25);
#13589 = AXIS2_PLACEMENT_3D('',#13590,#13591,#13592);
#13590 = CARTESIAN_POINT('',(-2.780857221624,-1.105,0.25));
#13591 = DIRECTION('',(-1.144237745222E-17,-1.,0.));
#13592 = DIRECTION('',(0.984807753012,-1.126854202784E-17,
    -0.173648177667));
#13593 = ADVANCED_FACE('',(#13594),#13600,.F.);
#13594 = FACE_BOUND('',#13595,.F.);
#13595 = EDGE_LOOP('',(#13596,#13597,#13598,#13599));
#13596 = ORIENTED_EDGE('',*,*,#7260,.T.);
#13597 = ORIENTED_EDGE('',*,*,#7278,.T.);
#13598 = ORIENTED_EDGE('',*,*,#13583,.F.);
#13599 = ORIENTED_EDGE('',*,*,#7169,.F.);
#13600 = PLANE('',#13601);
#13601 = AXIS2_PLACEMENT_3D('',#13602,#13603,#13604);
#13602 = CARTESIAN_POINT('',(-2.498480775301,-1.105,0.442364817767));
#13603 = DIRECTION('',(-0.988433898356,1.131003375156E-17,0.151652327974
    ));
#13604 = DIRECTION('',(-0.151652327974,1.735263178185E-18,
    -0.988433898356));
#13605 = ADVANCED_FACE('',(#13606),#13617,.T.);
#13606 = FACE_BOUND('',#13607,.T.);
#13607 = EDGE_LOOP('',(#13608,#13609,#13610,#13611));
#13608 = ORIENTED_EDGE('',*,*,#7450,.T.);
#13609 = ORIENTED_EDGE('',*,*,#12337,.T.);
#13610 = ORIENTED_EDGE('',*,*,#7559,.F.);
#13611 = ORIENTED_EDGE('',*,*,#13612,.F.);
#13612 = EDGE_CURVE('',#7443,#7552,#13613,.T.);
#13613 = LINE('',#13614,#13615);
#13614 = CARTESIAN_POINT('',(-2.646201938253,-0.455,0.468412044417));
#13615 = VECTOR('',#13616,1.);
#13616 = DIRECTION('',(1.144237745222E-17,1.,0.));
#13617 = CYLINDRICAL_SURFACE('',#13618,0.25);
#13618 = AXIS2_PLACEMENT_3D('',#13619,#13620,#13621);
#13619 = CARTESIAN_POINT('',(-2.4,-0.455,0.425));
#13620 = DIRECTION('',(-1.144237745222E-17,-1.,0.));
#13621 = DIRECTION('',(-0.984807753012,1.126854202784E-17,0.173648177667
    ));
#13622 = ADVANCED_FACE('',(#13623),#13634,.F.);
#13623 = FACE_BOUND('',#13624,.F.);
#13624 = EDGE_LOOP('',(#13625,#13631,#13632,#13633));
#13625 = ORIENTED_EDGE('',*,*,#13626,.T.);
#13626 = EDGE_CURVE('',#7434,#7543,#13627,.T.);
#13627 = LINE('',#13628,#13629);
#13628 = CARTESIAN_POINT('',(-2.682376446323,-0.455,0.232635182233));
#13629 = VECTOR('',#13630,1.);
#13630 = DIRECTION('',(1.144237745222E-17,1.,0.));
#13631 = ORIENTED_EDGE('',*,*,#7551,.T.);
#13632 = ORIENTED_EDGE('',*,*,#13612,.F.);
#13633 = ORIENTED_EDGE('',*,*,#7442,.F.);
#13634 = PLANE('',#13635);
#13635 = AXIS2_PLACEMENT_3D('',#13636,#13637,#13638);
#13636 = CARTESIAN_POINT('',(-2.682376446323,-0.455,0.232635182233));
#13637 = DIRECTION('',(0.988433898356,-1.131003375156E-17,
    -0.151652327974));
#13638 = DIRECTION('',(0.151652327974,-1.735263178185E-18,0.988433898356
    ));
#13639 = ADVANCED_FACE('',(#13640),#13651,.F.);
#13640 = FACE_BOUND('',#13641,.F.);
#13641 = EDGE_LOOP('',(#13642,#13648,#13649,#13650));
#13642 = ORIENTED_EDGE('',*,*,#13643,.T.);
#13643 = EDGE_CURVE('',#7426,#7535,#13644,.T.);
#13644 = LINE('',#13645,#13646);
#13645 = CARTESIAN_POINT('',(-2.780857221624,-0.455,0.15));
#13646 = VECTOR('',#13647,1.);
#13647 = DIRECTION('',(1.144237745222E-17,1.,0.));
#13648 = ORIENTED_EDGE('',*,*,#7542,.T.);
#13649 = ORIENTED_EDGE('',*,*,#13626,.F.);
#13650 = ORIENTED_EDGE('',*,*,#7433,.F.);
#13651 = CYLINDRICAL_SURFACE('',#13652,0.1);
#13652 = AXIS2_PLACEMENT_3D('',#13653,#13654,#13655);
#13653 = CARTESIAN_POINT('',(-2.780857221624,-0.455,0.25));
#13654 = DIRECTION('',(-1.144237745222E-17,-1.,0.));
#13655 = DIRECTION('',(-0.,0.,-1.));
#13656 = ADVANCED_FACE('',(#13657),#13668,.F.);
#13657 = FACE_BOUND('',#13658,.F.);
#13658 = EDGE_LOOP('',(#13659,#13665,#13666,#13667));
#13659 = ORIENTED_EDGE('',*,*,#13660,.T.);
#13660 = EDGE_CURVE('',#7418,#7527,#13661,.T.);
#13661 = LINE('',#13662,#13663);
#13662 = CARTESIAN_POINT('',(-3.2,-0.455,0.15));
#13663 = VECTOR('',#13664,1.);
#13664 = DIRECTION('',(1.144237745222E-17,1.,0.));
#13665 = ORIENTED_EDGE('',*,*,#7534,.T.);
#13666 = ORIENTED_EDGE('',*,*,#13643,.F.);
#13667 = ORIENTED_EDGE('',*,*,#7425,.F.);
#13668 = PLANE('',#13669);
#13669 = AXIS2_PLACEMENT_3D('',#13670,#13671,#13672);
#13670 = CARTESIAN_POINT('',(-3.2,-0.455,0.15));
#13671 = DIRECTION('',(0.,0.,-1.));
#13672 = DIRECTION('',(1.,-1.144237745222E-17,0.));
#13673 = ADVANCED_FACE('',(#13674),#13685,.F.);
#13674 = FACE_BOUND('',#13675,.F.);
#13675 = EDGE_LOOP('',(#13676,#13682,#13683,#13684));
#13676 = ORIENTED_EDGE('',*,*,#13677,.T.);
#13677 = EDGE_CURVE('',#7410,#7519,#13678,.T.);
#13678 = LINE('',#13679,#13680);
#13679 = CARTESIAN_POINT('',(-3.2,-0.455,-1.665334536938E-16));
#13680 = VECTOR('',#13681,1.);
#13681 = DIRECTION('',(1.144237745222E-17,1.,0.));
#13682 = ORIENTED_EDGE('',*,*,#7526,.T.);
#13683 = ORIENTED_EDGE('',*,*,#13660,.F.);
#13684 = ORIENTED_EDGE('',*,*,#7417,.F.);
#13685 = PLANE('',#13686);
#13686 = AXIS2_PLACEMENT_3D('',#13687,#13688,#13689);
#13687 = CARTESIAN_POINT('',(-3.2,-0.455,-1.665334536938E-16));
#13688 = DIRECTION('',(1.,-1.144237745222E-17,0.));
#13689 = DIRECTION('',(0.,0.,1.));
#13690 = ADVANCED_FACE('',(#13691),#13702,.F.);
#13691 = FACE_BOUND('',#13692,.F.);
#13692 = EDGE_LOOP('',(#13693,#13699,#13700,#13701));
#13693 = ORIENTED_EDGE('',*,*,#13694,.T.);
#13694 = EDGE_CURVE('',#7401,#7510,#13695,.T.);
#13695 = LINE('',#13696,#13697);
#13696 = CARTESIAN_POINT('',(-2.780857221624,-0.455,-1.665334536938E-16)
  );
#13697 = VECTOR('',#13698,1.);
#13698 = DIRECTION('',(1.144237745222E-17,1.,0.));
#13699 = ORIENTED_EDGE('',*,*,#7518,.T.);
#13700 = ORIENTED_EDGE('',*,*,#13677,.F.);
#13701 = ORIENTED_EDGE('',*,*,#7409,.F.);
#13702 = PLANE('',#13703);
#13703 = AXIS2_PLACEMENT_3D('',#13704,#13705,#13706);
#13704 = CARTESIAN_POINT('',(-2.780857221624,-0.455,-1.665334536938E-16)
  );
#13705 = DIRECTION('',(0.,0.,1.));
#13706 = DIRECTION('',(-1.,1.144237745222E-17,0.));
#13707 = ADVANCED_FACE('',(#13708),#13719,.T.);
#13708 = FACE_BOUND('',#13709,.T.);
#13709 = EDGE_LOOP('',(#13710,#13711,#13712,#13713));
#13710 = ORIENTED_EDGE('',*,*,#7400,.T.);
#13711 = ORIENTED_EDGE('',*,*,#13694,.T.);
#13712 = ORIENTED_EDGE('',*,*,#7509,.F.);
#13713 = ORIENTED_EDGE('',*,*,#13714,.F.);
#13714 = EDGE_CURVE('',#7393,#7502,#13715,.T.);
#13715 = LINE('',#13716,#13717);
#13716 = CARTESIAN_POINT('',(-2.534655283371,-0.455,0.206587955583));
#13717 = VECTOR('',#13718,1.);
#13718 = DIRECTION('',(1.144237745222E-17,1.,0.));
#13719 = CYLINDRICAL_SURFACE('',#13720,0.25);
#13720 = AXIS2_PLACEMENT_3D('',#13721,#13722,#13723);
#13721 = CARTESIAN_POINT('',(-2.780857221624,-0.455,0.25));
#13722 = DIRECTION('',(-1.144237745222E-17,-1.,0.));
#13723 = DIRECTION('',(0.984807753012,-1.126854202784E-17,
    -0.173648177667));
#13724 = ADVANCED_FACE('',(#13725),#13731,.F.);
#13725 = FACE_BOUND('',#13726,.F.);
#13726 = EDGE_LOOP('',(#13727,#13728,#13729,#13730));
#13727 = ORIENTED_EDGE('',*,*,#7483,.T.);
#13728 = ORIENTED_EDGE('',*,*,#7501,.T.);
#13729 = ORIENTED_EDGE('',*,*,#13714,.F.);
#13730 = ORIENTED_EDGE('',*,*,#7392,.F.);
#13731 = PLANE('',#13732);
#13732 = AXIS2_PLACEMENT_3D('',#13733,#13734,#13735);
#13733 = CARTESIAN_POINT('',(-2.498480775301,-0.455,0.442364817767));
#13734 = DIRECTION('',(-0.988433898356,1.131003375156E-17,0.151652327974
    ));
#13735 = DIRECTION('',(-0.151652327974,1.735263178185E-18,
    -0.988433898356));
#13736 = ADVANCED_FACE('',(#13737),#13748,.T.);
#13737 = FACE_BOUND('',#13738,.T.);
#13738 = EDGE_LOOP('',(#13739,#13740,#13741,#13742));
#13739 = ORIENTED_EDGE('',*,*,#7673,.T.);
#13740 = ORIENTED_EDGE('',*,*,#12356,.T.);
#13741 = ORIENTED_EDGE('',*,*,#7782,.F.);
#13742 = ORIENTED_EDGE('',*,*,#13743,.F.);
#13743 = EDGE_CURVE('',#7666,#7775,#13744,.T.);
#13744 = LINE('',#13745,#13746);
#13745 = CARTESIAN_POINT('',(-2.646201938253,0.195,0.468412044417));
#13746 = VECTOR('',#13747,1.);
#13747 = DIRECTION('',(1.144237745222E-17,1.,0.));
#13748 = CYLINDRICAL_SURFACE('',#13749,0.25);
#13749 = AXIS2_PLACEMENT_3D('',#13750,#13751,#13752);
#13750 = CARTESIAN_POINT('',(-2.4,0.195,0.425));
#13751 = DIRECTION('',(-1.144237745222E-17,-1.,0.));
#13752 = DIRECTION('',(-0.984807753012,1.126854202784E-17,0.173648177667
    ));
#13753 = ADVANCED_FACE('',(#13754),#13765,.F.);
#13754 = FACE_BOUND('',#13755,.F.);
#13755 = EDGE_LOOP('',(#13756,#13762,#13763,#13764));
#13756 = ORIENTED_EDGE('',*,*,#13757,.T.);
#13757 = EDGE_CURVE('',#7657,#7766,#13758,.T.);
#13758 = LINE('',#13759,#13760);
#13759 = CARTESIAN_POINT('',(-2.682376446323,0.195,0.232635182233));
#13760 = VECTOR('',#13761,1.);
#13761 = DIRECTION('',(1.144237745222E-17,1.,0.));
#13762 = ORIENTED_EDGE('',*,*,#7774,.T.);
#13763 = ORIENTED_EDGE('',*,*,#13743,.F.);
#13764 = ORIENTED_EDGE('',*,*,#7665,.F.);
#13765 = PLANE('',#13766);
#13766 = AXIS2_PLACEMENT_3D('',#13767,#13768,#13769);
#13767 = CARTESIAN_POINT('',(-2.682376446323,0.195,0.232635182233));
#13768 = DIRECTION('',(0.988433898356,-1.131003375156E-17,
    -0.151652327974));
#13769 = DIRECTION('',(0.151652327974,-1.735263178185E-18,0.988433898356
    ));
#13770 = ADVANCED_FACE('',(#13771),#13782,.F.);
#13771 = FACE_BOUND('',#13772,.F.);
#13772 = EDGE_LOOP('',(#13773,#13779,#13780,#13781));
#13773 = ORIENTED_EDGE('',*,*,#13774,.T.);
#13774 = EDGE_CURVE('',#7649,#7758,#13775,.T.);
#13775 = LINE('',#13776,#13777);
#13776 = CARTESIAN_POINT('',(-2.780857221624,0.195,0.15));
#13777 = VECTOR('',#13778,1.);
#13778 = DIRECTION('',(1.144237745222E-17,1.,0.));
#13779 = ORIENTED_EDGE('',*,*,#7765,.T.);
#13780 = ORIENTED_EDGE('',*,*,#13757,.F.);
#13781 = ORIENTED_EDGE('',*,*,#7656,.F.);
#13782 = CYLINDRICAL_SURFACE('',#13783,0.1);
#13783 = AXIS2_PLACEMENT_3D('',#13784,#13785,#13786);
#13784 = CARTESIAN_POINT('',(-2.780857221624,0.195,0.25));
#13785 = DIRECTION('',(-1.144237745222E-17,-1.,0.));
#13786 = DIRECTION('',(-0.,0.,-1.));
#13787 = ADVANCED_FACE('',(#13788),#13799,.F.);
#13788 = FACE_BOUND('',#13789,.F.);
#13789 = EDGE_LOOP('',(#13790,#13796,#13797,#13798));
#13790 = ORIENTED_EDGE('',*,*,#13791,.T.);
#13791 = EDGE_CURVE('',#7641,#7750,#13792,.T.);
#13792 = LINE('',#13793,#13794);
#13793 = CARTESIAN_POINT('',(-3.2,0.195,0.15));
#13794 = VECTOR('',#13795,1.);
#13795 = DIRECTION('',(1.144237745222E-17,1.,0.));
#13796 = ORIENTED_EDGE('',*,*,#7757,.T.);
#13797 = ORIENTED_EDGE('',*,*,#13774,.F.);
#13798 = ORIENTED_EDGE('',*,*,#7648,.F.);
#13799 = PLANE('',#13800);
#13800 = AXIS2_PLACEMENT_3D('',#13801,#13802,#13803);
#13801 = CARTESIAN_POINT('',(-3.2,0.195,0.15));
#13802 = DIRECTION('',(0.,0.,-1.));
#13803 = DIRECTION('',(1.,-1.144237745222E-17,0.));
#13804 = ADVANCED_FACE('',(#13805),#13816,.F.);
#13805 = FACE_BOUND('',#13806,.F.);
#13806 = EDGE_LOOP('',(#13807,#13813,#13814,#13815));
#13807 = ORIENTED_EDGE('',*,*,#13808,.T.);
#13808 = EDGE_CURVE('',#7633,#7742,#13809,.T.);
#13809 = LINE('',#13810,#13811);
#13810 = CARTESIAN_POINT('',(-3.2,0.195,-1.665334536938E-16));
#13811 = VECTOR('',#13812,1.);
#13812 = DIRECTION('',(1.144237745222E-17,1.,0.));
#13813 = ORIENTED_EDGE('',*,*,#7749,.T.);
#13814 = ORIENTED_EDGE('',*,*,#13791,.F.);
#13815 = ORIENTED_EDGE('',*,*,#7640,.F.);
#13816 = PLANE('',#13817);
#13817 = AXIS2_PLACEMENT_3D('',#13818,#13819,#13820);
#13818 = CARTESIAN_POINT('',(-3.2,0.195,-1.665334536938E-16));
#13819 = DIRECTION('',(1.,-1.144237745222E-17,0.));
#13820 = DIRECTION('',(0.,0.,1.));
#13821 = ADVANCED_FACE('',(#13822),#13833,.F.);
#13822 = FACE_BOUND('',#13823,.F.);
#13823 = EDGE_LOOP('',(#13824,#13830,#13831,#13832));
#13824 = ORIENTED_EDGE('',*,*,#13825,.T.);
#13825 = EDGE_CURVE('',#7624,#7733,#13826,.T.);
#13826 = LINE('',#13827,#13828);
#13827 = CARTESIAN_POINT('',(-2.780857221624,0.195,-1.665334536938E-16)
  );
#13828 = VECTOR('',#13829,1.);
#13829 = DIRECTION('',(1.144237745222E-17,1.,0.));
#13830 = ORIENTED_EDGE('',*,*,#7741,.T.);
#13831 = ORIENTED_EDGE('',*,*,#13808,.F.);
#13832 = ORIENTED_EDGE('',*,*,#7632,.F.);
#13833 = PLANE('',#13834);
#13834 = AXIS2_PLACEMENT_3D('',#13835,#13836,#13837);
#13835 = CARTESIAN_POINT('',(-2.780857221624,0.195,-1.665334536938E-16)
  );
#13836 = DIRECTION('',(0.,0.,1.));
#13837 = DIRECTION('',(-1.,1.144237745222E-17,0.));
#13838 = ADVANCED_FACE('',(#13839),#13850,.T.);
#13839 = FACE_BOUND('',#13840,.T.);
#13840 = EDGE_LOOP('',(#13841,#13842,#13843,#13844));
#13841 = ORIENTED_EDGE('',*,*,#7623,.T.);
#13842 = ORIENTED_EDGE('',*,*,#13825,.T.);
#13843 = ORIENTED_EDGE('',*,*,#7732,.F.);
#13844 = ORIENTED_EDGE('',*,*,#13845,.F.);
#13845 = EDGE_CURVE('',#7616,#7725,#13846,.T.);
#13846 = LINE('',#13847,#13848);
#13847 = CARTESIAN_POINT('',(-2.534655283371,0.195,0.206587955583));
#13848 = VECTOR('',#13849,1.);
#13849 = DIRECTION('',(1.144237745222E-17,1.,0.));
#13850 = CYLINDRICAL_SURFACE('',#13851,0.25);
#13851 = AXIS2_PLACEMENT_3D('',#13852,#13853,#13854);
#13852 = CARTESIAN_POINT('',(-2.780857221624,0.195,0.25));
#13853 = DIRECTION('',(-1.144237745222E-17,-1.,0.));
#13854 = DIRECTION('',(0.984807753012,-1.126854202784E-17,
    -0.173648177667));
#13855 = ADVANCED_FACE('',(#13856),#13862,.F.);
#13856 = FACE_BOUND('',#13857,.F.);
#13857 = EDGE_LOOP('',(#13858,#13859,#13860,#13861));
#13858 = ORIENTED_EDGE('',*,*,#7706,.T.);
#13859 = ORIENTED_EDGE('',*,*,#7724,.T.);
#13860 = ORIENTED_EDGE('',*,*,#13845,.F.);
#13861 = ORIENTED_EDGE('',*,*,#7615,.F.);
#13862 = PLANE('',#13863);
#13863 = AXIS2_PLACEMENT_3D('',#13864,#13865,#13866);
#13864 = CARTESIAN_POINT('',(-2.498480775301,0.195,0.442364817767));
#13865 = DIRECTION('',(-0.988433898356,1.131003375156E-17,0.151652327974
    ));
#13866 = DIRECTION('',(-0.151652327974,1.735263178185E-18,
    -0.988433898356));
#13867 = ADVANCED_FACE('',(#13868),#13879,.T.);
#13868 = FACE_BOUND('',#13869,.T.);
#13869 = EDGE_LOOP('',(#13870,#13871,#13872,#13873));
#13870 = ORIENTED_EDGE('',*,*,#7896,.T.);
#13871 = ORIENTED_EDGE('',*,*,#12375,.T.);
#13872 = ORIENTED_EDGE('',*,*,#8005,.F.);
#13873 = ORIENTED_EDGE('',*,*,#13874,.F.);
#13874 = EDGE_CURVE('',#7889,#7998,#13875,.T.);
#13875 = LINE('',#13876,#13877);
#13876 = CARTESIAN_POINT('',(-2.646201938253,0.845,0.468412044417));
#13877 = VECTOR('',#13878,1.);
#13878 = DIRECTION('',(1.144237745222E-17,1.,0.));
#13879 = CYLINDRICAL_SURFACE('',#13880,0.25);
#13880 = AXIS2_PLACEMENT_3D('',#13881,#13882,#13883);
#13881 = CARTESIAN_POINT('',(-2.4,0.845,0.425));
#13882 = DIRECTION('',(-1.144237745222E-17,-1.,0.));
#13883 = DIRECTION('',(-0.984807753012,1.126854202784E-17,0.173648177667
    ));
#13884 = ADVANCED_FACE('',(#13885),#13896,.F.);
#13885 = FACE_BOUND('',#13886,.F.);
#13886 = EDGE_LOOP('',(#13887,#13893,#13894,#13895));
#13887 = ORIENTED_EDGE('',*,*,#13888,.T.);
#13888 = EDGE_CURVE('',#7880,#7989,#13889,.T.);
#13889 = LINE('',#13890,#13891);
#13890 = CARTESIAN_POINT('',(-2.682376446323,0.845,0.232635182233));
#13891 = VECTOR('',#13892,1.);
#13892 = DIRECTION('',(1.144237745222E-17,1.,0.));
#13893 = ORIENTED_EDGE('',*,*,#7997,.T.);
#13894 = ORIENTED_EDGE('',*,*,#13874,.F.);
#13895 = ORIENTED_EDGE('',*,*,#7888,.F.);
#13896 = PLANE('',#13897);
#13897 = AXIS2_PLACEMENT_3D('',#13898,#13899,#13900);
#13898 = CARTESIAN_POINT('',(-2.682376446323,0.845,0.232635182233));
#13899 = DIRECTION('',(0.988433898356,-1.131003375156E-17,
    -0.151652327974));
#13900 = DIRECTION('',(0.151652327974,-1.735263178185E-18,0.988433898356
    ));
#13901 = ADVANCED_FACE('',(#13902),#13913,.F.);
#13902 = FACE_BOUND('',#13903,.F.);
#13903 = EDGE_LOOP('',(#13904,#13910,#13911,#13912));
#13904 = ORIENTED_EDGE('',*,*,#13905,.T.);
#13905 = EDGE_CURVE('',#7872,#7981,#13906,.T.);
#13906 = LINE('',#13907,#13908);
#13907 = CARTESIAN_POINT('',(-2.780857221624,0.845,0.15));
#13908 = VECTOR('',#13909,1.);
#13909 = DIRECTION('',(1.144237745222E-17,1.,0.));
#13910 = ORIENTED_EDGE('',*,*,#7988,.T.);
#13911 = ORIENTED_EDGE('',*,*,#13888,.F.);
#13912 = ORIENTED_EDGE('',*,*,#7879,.F.);
#13913 = CYLINDRICAL_SURFACE('',#13914,0.1);
#13914 = AXIS2_PLACEMENT_3D('',#13915,#13916,#13917);
#13915 = CARTESIAN_POINT('',(-2.780857221624,0.845,0.25));
#13916 = DIRECTION('',(-1.144237745222E-17,-1.,0.));
#13917 = DIRECTION('',(-0.,0.,-1.));
#13918 = ADVANCED_FACE('',(#13919),#13930,.F.);
#13919 = FACE_BOUND('',#13920,.F.);
#13920 = EDGE_LOOP('',(#13921,#13927,#13928,#13929));
#13921 = ORIENTED_EDGE('',*,*,#13922,.T.);
#13922 = EDGE_CURVE('',#7864,#7973,#13923,.T.);
#13923 = LINE('',#13924,#13925);
#13924 = CARTESIAN_POINT('',(-3.2,0.845,0.15));
#13925 = VECTOR('',#13926,1.);
#13926 = DIRECTION('',(1.144237745222E-17,1.,0.));
#13927 = ORIENTED_EDGE('',*,*,#7980,.T.);
#13928 = ORIENTED_EDGE('',*,*,#13905,.F.);
#13929 = ORIENTED_EDGE('',*,*,#7871,.F.);
#13930 = PLANE('',#13931);
#13931 = AXIS2_PLACEMENT_3D('',#13932,#13933,#13934);
#13932 = CARTESIAN_POINT('',(-3.2,0.845,0.15));
#13933 = DIRECTION('',(0.,0.,-1.));
#13934 = DIRECTION('',(1.,-1.144237745222E-17,0.));
#13935 = ADVANCED_FACE('',(#13936),#13947,.F.);
#13936 = FACE_BOUND('',#13937,.F.);
#13937 = EDGE_LOOP('',(#13938,#13944,#13945,#13946));
#13938 = ORIENTED_EDGE('',*,*,#13939,.T.);
#13939 = EDGE_CURVE('',#7856,#7965,#13940,.T.);
#13940 = LINE('',#13941,#13942);
#13941 = CARTESIAN_POINT('',(-3.2,0.845,-1.665334536938E-16));
#13942 = VECTOR('',#13943,1.);
#13943 = DIRECTION('',(1.144237745222E-17,1.,0.));
#13944 = ORIENTED_EDGE('',*,*,#7972,.T.);
#13945 = ORIENTED_EDGE('',*,*,#13922,.F.);
#13946 = ORIENTED_EDGE('',*,*,#7863,.F.);
#13947 = PLANE('',#13948);
#13948 = AXIS2_PLACEMENT_3D('',#13949,#13950,#13951);
#13949 = CARTESIAN_POINT('',(-3.2,0.845,-1.665334536938E-16));
#13950 = DIRECTION('',(1.,-1.144237745222E-17,0.));
#13951 = DIRECTION('',(0.,0.,1.));
#13952 = ADVANCED_FACE('',(#13953),#13964,.F.);
#13953 = FACE_BOUND('',#13954,.F.);
#13954 = EDGE_LOOP('',(#13955,#13961,#13962,#13963));
#13955 = ORIENTED_EDGE('',*,*,#13956,.T.);
#13956 = EDGE_CURVE('',#7847,#7956,#13957,.T.);
#13957 = LINE('',#13958,#13959);
#13958 = CARTESIAN_POINT('',(-2.780857221624,0.845,-1.665334536938E-16)
  );
#13959 = VECTOR('',#13960,1.);
#13960 = DIRECTION('',(1.144237745222E-17,1.,0.));
#13961 = ORIENTED_EDGE('',*,*,#7964,.T.);
#13962 = ORIENTED_EDGE('',*,*,#13939,.F.);
#13963 = ORIENTED_EDGE('',*,*,#7855,.F.);
#13964 = PLANE('',#13965);
#13965 = AXIS2_PLACEMENT_3D('',#13966,#13967,#13968);
#13966 = CARTESIAN_POINT('',(-2.780857221624,0.845,-1.665334536938E-16)
  );
#13967 = DIRECTION('',(0.,0.,1.));
#13968 = DIRECTION('',(-1.,1.144237745222E-17,0.));
#13969 = ADVANCED_FACE('',(#13970),#13981,.T.);
#13970 = FACE_BOUND('',#13971,.T.);
#13971 = EDGE_LOOP('',(#13972,#13973,#13974,#13975));
#13972 = ORIENTED_EDGE('',*,*,#7846,.T.);
#13973 = ORIENTED_EDGE('',*,*,#13956,.T.);
#13974 = ORIENTED_EDGE('',*,*,#7955,.F.);
#13975 = ORIENTED_EDGE('',*,*,#13976,.F.);
#13976 = EDGE_CURVE('',#7839,#7948,#13977,.T.);
#13977 = LINE('',#13978,#13979);
#13978 = CARTESIAN_POINT('',(-2.534655283371,0.845,0.206587955583));
#13979 = VECTOR('',#13980,1.);
#13980 = DIRECTION('',(1.144237745222E-17,1.,0.));
#13981 = CYLINDRICAL_SURFACE('',#13982,0.25);
#13982 = AXIS2_PLACEMENT_3D('',#13983,#13984,#13985);
#13983 = CARTESIAN_POINT('',(-2.780857221624,0.845,0.25));
#13984 = DIRECTION('',(-1.144237745222E-17,-1.,0.));
#13985 = DIRECTION('',(0.984807753012,-1.126854202784E-17,
    -0.173648177667));
#13986 = ADVANCED_FACE('',(#13987),#13993,.F.);
#13987 = FACE_BOUND('',#13988,.F.);
#13988 = EDGE_LOOP('',(#13989,#13990,#13991,#13992));
#13989 = ORIENTED_EDGE('',*,*,#7929,.T.);
#13990 = ORIENTED_EDGE('',*,*,#7947,.T.);
#13991 = ORIENTED_EDGE('',*,*,#13976,.F.);
#13992 = ORIENTED_EDGE('',*,*,#7838,.F.);
#13993 = PLANE('',#13994);
#13994 = AXIS2_PLACEMENT_3D('',#13995,#13996,#13997);
#13995 = CARTESIAN_POINT('',(-2.498480775301,0.845,0.442364817767));
#13996 = DIRECTION('',(-0.988433898356,1.131003375156E-17,0.151652327974
    ));
#13997 = DIRECTION('',(-0.151652327974,1.735263178185E-18,
    -0.988433898356));
#13998 = ADVANCED_FACE('',(#13999),#14010,.T.);
#13999 = FACE_BOUND('',#14000,.T.);
#14000 = EDGE_LOOP('',(#14001,#14002,#14003,#14004));
#14001 = ORIENTED_EDGE('',*,*,#8119,.T.);
#14002 = ORIENTED_EDGE('',*,*,#12394,.T.);
#14003 = ORIENTED_EDGE('',*,*,#8228,.F.);
#14004 = ORIENTED_EDGE('',*,*,#14005,.F.);
#14005 = EDGE_CURVE('',#8112,#8221,#14006,.T.);
#14006 = LINE('',#14007,#14008);
#14007 = CARTESIAN_POINT('',(-2.646201938253,1.495,0.468412044417));
#14008 = VECTOR('',#14009,1.);
#14009 = DIRECTION('',(1.144237745222E-17,1.,0.));
#14010 = CYLINDRICAL_SURFACE('',#14011,0.25);
#14011 = AXIS2_PLACEMENT_3D('',#14012,#14013,#14014);
#14012 = CARTESIAN_POINT('',(-2.4,1.495,0.425));
#14013 = DIRECTION('',(-1.144237745222E-17,-1.,0.));
#14014 = DIRECTION('',(-0.984807753012,1.126854202784E-17,0.173648177667
    ));
#14015 = ADVANCED_FACE('',(#14016),#14027,.F.);
#14016 = FACE_BOUND('',#14017,.F.);
#14017 = EDGE_LOOP('',(#14018,#14024,#14025,#14026));
#14018 = ORIENTED_EDGE('',*,*,#14019,.T.);
#14019 = EDGE_CURVE('',#8103,#8212,#14020,.T.);
#14020 = LINE('',#14021,#14022);
#14021 = CARTESIAN_POINT('',(-2.682376446323,1.495,0.232635182233));
#14022 = VECTOR('',#14023,1.);
#14023 = DIRECTION('',(1.144237745222E-17,1.,0.));
#14024 = ORIENTED_EDGE('',*,*,#8220,.T.);
#14025 = ORIENTED_EDGE('',*,*,#14005,.F.);
#14026 = ORIENTED_EDGE('',*,*,#8111,.F.);
#14027 = PLANE('',#14028);
#14028 = AXIS2_PLACEMENT_3D('',#14029,#14030,#14031);
#14029 = CARTESIAN_POINT('',(-2.682376446323,1.495,0.232635182233));
#14030 = DIRECTION('',(0.988433898356,-1.131003375156E-17,
    -0.151652327974));
#14031 = DIRECTION('',(0.151652327974,-1.735263178185E-18,0.988433898356
    ));
#14032 = ADVANCED_FACE('',(#14033),#14044,.F.);
#14033 = FACE_BOUND('',#14034,.F.);
#14034 = EDGE_LOOP('',(#14035,#14041,#14042,#14043));
#14035 = ORIENTED_EDGE('',*,*,#14036,.T.);
#14036 = EDGE_CURVE('',#8095,#8204,#14037,.T.);
#14037 = LINE('',#14038,#14039);
#14038 = CARTESIAN_POINT('',(-2.780857221624,1.495,0.15));
#14039 = VECTOR('',#14040,1.);
#14040 = DIRECTION('',(1.144237745222E-17,1.,0.));
#14041 = ORIENTED_EDGE('',*,*,#8211,.T.);
#14042 = ORIENTED_EDGE('',*,*,#14019,.F.);
#14043 = ORIENTED_EDGE('',*,*,#8102,.F.);
#14044 = CYLINDRICAL_SURFACE('',#14045,0.1);
#14045 = AXIS2_PLACEMENT_3D('',#14046,#14047,#14048);
#14046 = CARTESIAN_POINT('',(-2.780857221624,1.495,0.25));
#14047 = DIRECTION('',(-1.144237745222E-17,-1.,0.));
#14048 = DIRECTION('',(-0.,0.,-1.));
#14049 = ADVANCED_FACE('',(#14050),#14061,.F.);
#14050 = FACE_BOUND('',#14051,.F.);
#14051 = EDGE_LOOP('',(#14052,#14058,#14059,#14060));
#14052 = ORIENTED_EDGE('',*,*,#14053,.T.);
#14053 = EDGE_CURVE('',#8087,#8196,#14054,.T.);
#14054 = LINE('',#14055,#14056);
#14055 = CARTESIAN_POINT('',(-3.2,1.495,0.15));
#14056 = VECTOR('',#14057,1.);
#14057 = DIRECTION('',(1.144237745222E-17,1.,0.));
#14058 = ORIENTED_EDGE('',*,*,#8203,.T.);
#14059 = ORIENTED_EDGE('',*,*,#14036,.F.);
#14060 = ORIENTED_EDGE('',*,*,#8094,.F.);
#14061 = PLANE('',#14062);
#14062 = AXIS2_PLACEMENT_3D('',#14063,#14064,#14065);
#14063 = CARTESIAN_POINT('',(-3.2,1.495,0.15));
#14064 = DIRECTION('',(0.,0.,-1.));
#14065 = DIRECTION('',(1.,-1.144237745222E-17,0.));
#14066 = ADVANCED_FACE('',(#14067),#14078,.F.);
#14067 = FACE_BOUND('',#14068,.F.);
#14068 = EDGE_LOOP('',(#14069,#14075,#14076,#14077));
#14069 = ORIENTED_EDGE('',*,*,#14070,.T.);
#14070 = EDGE_CURVE('',#8079,#8188,#14071,.T.);
#14071 = LINE('',#14072,#14073);
#14072 = CARTESIAN_POINT('',(-3.2,1.495,-1.665334536938E-16));
#14073 = VECTOR('',#14074,1.);
#14074 = DIRECTION('',(1.144237745222E-17,1.,0.));
#14075 = ORIENTED_EDGE('',*,*,#8195,.T.);
#14076 = ORIENTED_EDGE('',*,*,#14053,.F.);
#14077 = ORIENTED_EDGE('',*,*,#8086,.F.);
#14078 = PLANE('',#14079);
#14079 = AXIS2_PLACEMENT_3D('',#14080,#14081,#14082);
#14080 = CARTESIAN_POINT('',(-3.2,1.495,-1.665334536938E-16));
#14081 = DIRECTION('',(1.,-1.144237745222E-17,0.));
#14082 = DIRECTION('',(0.,0.,1.));
#14083 = ADVANCED_FACE('',(#14084),#14095,.F.);
#14084 = FACE_BOUND('',#14085,.F.);
#14085 = EDGE_LOOP('',(#14086,#14092,#14093,#14094));
#14086 = ORIENTED_EDGE('',*,*,#14087,.T.);
#14087 = EDGE_CURVE('',#8070,#8179,#14088,.T.);
#14088 = LINE('',#14089,#14090);
#14089 = CARTESIAN_POINT('',(-2.780857221624,1.495,-1.665334536938E-16)
  );
#14090 = VECTOR('',#14091,1.);
#14091 = DIRECTION('',(1.144237745222E-17,1.,0.));
#14092 = ORIENTED_EDGE('',*,*,#8187,.T.);
#14093 = ORIENTED_EDGE('',*,*,#14070,.F.);
#14094 = ORIENTED_EDGE('',*,*,#8078,.F.);
#14095 = PLANE('',#14096);
#14096 = AXIS2_PLACEMENT_3D('',#14097,#14098,#14099);
#14097 = CARTESIAN_POINT('',(-2.780857221624,1.495,-1.665334536938E-16)
  );
#14098 = DIRECTION('',(0.,0.,1.));
#14099 = DIRECTION('',(-1.,1.144237745222E-17,0.));
#14100 = ADVANCED_FACE('',(#14101),#14112,.T.);
#14101 = FACE_BOUND('',#14102,.T.);
#14102 = EDGE_LOOP('',(#14103,#14104,#14105,#14106));
#14103 = ORIENTED_EDGE('',*,*,#8069,.T.);
#14104 = ORIENTED_EDGE('',*,*,#14087,.T.);
#14105 = ORIENTED_EDGE('',*,*,#8178,.F.);
#14106 = ORIENTED_EDGE('',*,*,#14107,.F.);
#14107 = EDGE_CURVE('',#8062,#8171,#14108,.T.);
#14108 = LINE('',#14109,#14110);
#14109 = CARTESIAN_POINT('',(-2.534655283371,1.495,0.206587955583));
#14110 = VECTOR('',#14111,1.);
#14111 = DIRECTION('',(1.144237745222E-17,1.,0.));
#14112 = CYLINDRICAL_SURFACE('',#14113,0.25);
#14113 = AXIS2_PLACEMENT_3D('',#14114,#14115,#14116);
#14114 = CARTESIAN_POINT('',(-2.780857221624,1.495,0.25));
#14115 = DIRECTION('',(-1.144237745222E-17,-1.,0.));
#14116 = DIRECTION('',(0.984807753012,-1.126854202784E-17,
    -0.173648177667));
#14117 = ADVANCED_FACE('',(#14118),#14124,.F.);
#14118 = FACE_BOUND('',#14119,.F.);
#14119 = EDGE_LOOP('',(#14120,#14121,#14122,#14123));
#14120 = ORIENTED_EDGE('',*,*,#8152,.T.);
#14121 = ORIENTED_EDGE('',*,*,#8170,.T.);
#14122 = ORIENTED_EDGE('',*,*,#14107,.F.);
#14123 = ORIENTED_EDGE('',*,*,#8061,.F.);
#14124 = PLANE('',#14125);
#14125 = AXIS2_PLACEMENT_3D('',#14126,#14127,#14128);
#14126 = CARTESIAN_POINT('',(-2.498480775301,1.495,0.442364817767));
#14127 = DIRECTION('',(-0.988433898356,1.131003375156E-17,0.151652327974
    ));
#14128 = DIRECTION('',(-0.151652327974,1.735263178185E-18,
    -0.988433898356));
#14129 = ADVANCED_FACE('',(#14130),#14141,.T.);
#14130 = FACE_BOUND('',#14131,.T.);
#14131 = EDGE_LOOP('',(#14132,#14133,#14134,#14135));
#14132 = ORIENTED_EDGE('',*,*,#8342,.T.);
#14133 = ORIENTED_EDGE('',*,*,#12413,.T.);
#14134 = ORIENTED_EDGE('',*,*,#8451,.F.);
#14135 = ORIENTED_EDGE('',*,*,#14136,.F.);
#14136 = EDGE_CURVE('',#8335,#8444,#14137,.T.);
#14137 = LINE('',#14138,#14139);
#14138 = CARTESIAN_POINT('',(-2.646201938253,2.145,0.468412044417));
#14139 = VECTOR('',#14140,1.);
#14140 = DIRECTION('',(1.144237745222E-17,1.,0.));
#14141 = CYLINDRICAL_SURFACE('',#14142,0.25);
#14142 = AXIS2_PLACEMENT_3D('',#14143,#14144,#14145);
#14143 = CARTESIAN_POINT('',(-2.4,2.145,0.425));
#14144 = DIRECTION('',(-1.144237745222E-17,-1.,0.));
#14145 = DIRECTION('',(-0.984807753012,1.126854202784E-17,0.173648177667
    ));
#14146 = ADVANCED_FACE('',(#14147),#14158,.F.);
#14147 = FACE_BOUND('',#14148,.F.);
#14148 = EDGE_LOOP('',(#14149,#14155,#14156,#14157));
#14149 = ORIENTED_EDGE('',*,*,#14150,.T.);
#14150 = EDGE_CURVE('',#8326,#8435,#14151,.T.);
#14151 = LINE('',#14152,#14153);
#14152 = CARTESIAN_POINT('',(-2.682376446323,2.145,0.232635182233));
#14153 = VECTOR('',#14154,1.);
#14154 = DIRECTION('',(1.144237745222E-17,1.,0.));
#14155 = ORIENTED_EDGE('',*,*,#8443,.T.);
#14156 = ORIENTED_EDGE('',*,*,#14136,.F.);
#14157 = ORIENTED_EDGE('',*,*,#8334,.F.);
#14158 = PLANE('',#14159);
#14159 = AXIS2_PLACEMENT_3D('',#14160,#14161,#14162);
#14160 = CARTESIAN_POINT('',(-2.682376446323,2.145,0.232635182233));
#14161 = DIRECTION('',(0.988433898356,-1.131003375156E-17,
    -0.151652327974));
#14162 = DIRECTION('',(0.151652327974,-1.735263178185E-18,0.988433898356
    ));
#14163 = ADVANCED_FACE('',(#14164),#14175,.F.);
#14164 = FACE_BOUND('',#14165,.F.);
#14165 = EDGE_LOOP('',(#14166,#14172,#14173,#14174));
#14166 = ORIENTED_EDGE('',*,*,#14167,.T.);
#14167 = EDGE_CURVE('',#8318,#8427,#14168,.T.);
#14168 = LINE('',#14169,#14170);
#14169 = CARTESIAN_POINT('',(-2.780857221624,2.145,0.15));
#14170 = VECTOR('',#14171,1.);
#14171 = DIRECTION('',(1.144237745222E-17,1.,0.));
#14172 = ORIENTED_EDGE('',*,*,#8434,.T.);
#14173 = ORIENTED_EDGE('',*,*,#14150,.F.);
#14174 = ORIENTED_EDGE('',*,*,#8325,.F.);
#14175 = CYLINDRICAL_SURFACE('',#14176,0.1);
#14176 = AXIS2_PLACEMENT_3D('',#14177,#14178,#14179);
#14177 = CARTESIAN_POINT('',(-2.780857221624,2.145,0.25));
#14178 = DIRECTION('',(-1.144237745222E-17,-1.,0.));
#14179 = DIRECTION('',(-0.,0.,-1.));
#14180 = ADVANCED_FACE('',(#14181),#14192,.F.);
#14181 = FACE_BOUND('',#14182,.F.);
#14182 = EDGE_LOOP('',(#14183,#14189,#14190,#14191));
#14183 = ORIENTED_EDGE('',*,*,#14184,.T.);
#14184 = EDGE_CURVE('',#8310,#8419,#14185,.T.);
#14185 = LINE('',#14186,#14187);
#14186 = CARTESIAN_POINT('',(-3.2,2.145,0.15));
#14187 = VECTOR('',#14188,1.);
#14188 = DIRECTION('',(1.144237745222E-17,1.,0.));
#14189 = ORIENTED_EDGE('',*,*,#8426,.T.);
#14190 = ORIENTED_EDGE('',*,*,#14167,.F.);
#14191 = ORIENTED_EDGE('',*,*,#8317,.F.);
#14192 = PLANE('',#14193);
#14193 = AXIS2_PLACEMENT_3D('',#14194,#14195,#14196);
#14194 = CARTESIAN_POINT('',(-3.2,2.145,0.15));
#14195 = DIRECTION('',(0.,0.,-1.));
#14196 = DIRECTION('',(1.,-1.144237745222E-17,0.));
#14197 = ADVANCED_FACE('',(#14198),#14209,.F.);
#14198 = FACE_BOUND('',#14199,.F.);
#14199 = EDGE_LOOP('',(#14200,#14206,#14207,#14208));
#14200 = ORIENTED_EDGE('',*,*,#14201,.T.);
#14201 = EDGE_CURVE('',#8302,#8411,#14202,.T.);
#14202 = LINE('',#14203,#14204);
#14203 = CARTESIAN_POINT('',(-3.2,2.145,-1.665334536938E-16));
#14204 = VECTOR('',#14205,1.);
#14205 = DIRECTION('',(1.144237745222E-17,1.,0.));
#14206 = ORIENTED_EDGE('',*,*,#8418,.T.);
#14207 = ORIENTED_EDGE('',*,*,#14184,.F.);
#14208 = ORIENTED_EDGE('',*,*,#8309,.F.);
#14209 = PLANE('',#14210);
#14210 = AXIS2_PLACEMENT_3D('',#14211,#14212,#14213);
#14211 = CARTESIAN_POINT('',(-3.2,2.145,-1.665334536938E-16));
#14212 = DIRECTION('',(1.,-1.144237745222E-17,0.));
#14213 = DIRECTION('',(0.,0.,1.));
#14214 = ADVANCED_FACE('',(#14215),#14226,.F.);
#14215 = FACE_BOUND('',#14216,.F.);
#14216 = EDGE_LOOP('',(#14217,#14223,#14224,#14225));
#14217 = ORIENTED_EDGE('',*,*,#14218,.T.);
#14218 = EDGE_CURVE('',#8293,#8402,#14219,.T.);
#14219 = LINE('',#14220,#14221);
#14220 = CARTESIAN_POINT('',(-2.780857221624,2.145,-1.665334536938E-16)
  );
#14221 = VECTOR('',#14222,1.);
#14222 = DIRECTION('',(1.144237745222E-17,1.,0.));
#14223 = ORIENTED_EDGE('',*,*,#8410,.T.);
#14224 = ORIENTED_EDGE('',*,*,#14201,.F.);
#14225 = ORIENTED_EDGE('',*,*,#8301,.F.);
#14226 = PLANE('',#14227);
#14227 = AXIS2_PLACEMENT_3D('',#14228,#14229,#14230);
#14228 = CARTESIAN_POINT('',(-2.780857221624,2.145,-1.665334536938E-16)
  );
#14229 = DIRECTION('',(0.,0.,1.));
#14230 = DIRECTION('',(-1.,1.144237745222E-17,0.));
#14231 = ADVANCED_FACE('',(#14232),#14243,.T.);
#14232 = FACE_BOUND('',#14233,.T.);
#14233 = EDGE_LOOP('',(#14234,#14235,#14236,#14237));
#14234 = ORIENTED_EDGE('',*,*,#8292,.T.);
#14235 = ORIENTED_EDGE('',*,*,#14218,.T.);
#14236 = ORIENTED_EDGE('',*,*,#8401,.F.);
#14237 = ORIENTED_EDGE('',*,*,#14238,.F.);
#14238 = EDGE_CURVE('',#8285,#8394,#14239,.T.);
#14239 = LINE('',#14240,#14241);
#14240 = CARTESIAN_POINT('',(-2.534655283371,2.145,0.206587955583));
#14241 = VECTOR('',#14242,1.);
#14242 = DIRECTION('',(1.144237745222E-17,1.,0.));
#14243 = CYLINDRICAL_SURFACE('',#14244,0.25);
#14244 = AXIS2_PLACEMENT_3D('',#14245,#14246,#14247);
#14245 = CARTESIAN_POINT('',(-2.780857221624,2.145,0.25));
#14246 = DIRECTION('',(-1.144237745222E-17,-1.,0.));
#14247 = DIRECTION('',(0.984807753012,-1.126854202784E-17,
    -0.173648177667));
#14248 = ADVANCED_FACE('',(#14249),#14255,.F.);
#14249 = FACE_BOUND('',#14250,.F.);
#14250 = EDGE_LOOP('',(#14251,#14252,#14253,#14254));
#14251 = ORIENTED_EDGE('',*,*,#8375,.T.);
#14252 = ORIENTED_EDGE('',*,*,#8393,.T.);
#14253 = ORIENTED_EDGE('',*,*,#14238,.F.);
#14254 = ORIENTED_EDGE('',*,*,#8284,.F.);
#14255 = PLANE('',#14256);
#14256 = AXIS2_PLACEMENT_3D('',#14257,#14258,#14259);
#14257 = CARTESIAN_POINT('',(-2.498480775301,2.145,0.442364817767));
#14258 = DIRECTION('',(-0.988433898356,1.131003375156E-17,0.151652327974
    ));
#14259 = DIRECTION('',(-0.151652327974,1.735263178185E-18,
    -0.988433898356));
#14260 = ADVANCED_FACE('',(#14261),#14272,.T.);
#14261 = FACE_BOUND('',#14262,.T.);
#14262 = EDGE_LOOP('',(#14263,#14264,#14265,#14266));
#14263 = ORIENTED_EDGE('',*,*,#8565,.T.);
#14264 = ORIENTED_EDGE('',*,*,#12432,.T.);
#14265 = ORIENTED_EDGE('',*,*,#8674,.F.);
#14266 = ORIENTED_EDGE('',*,*,#14267,.F.);
#14267 = EDGE_CURVE('',#8558,#8667,#14268,.T.);
#14268 = LINE('',#14269,#14270);
#14269 = CARTESIAN_POINT('',(-2.646201938253,2.795,0.468412044417));
#14270 = VECTOR('',#14271,1.);
#14271 = DIRECTION('',(1.144237745222E-17,1.,0.));
#14272 = CYLINDRICAL_SURFACE('',#14273,0.25);
#14273 = AXIS2_PLACEMENT_3D('',#14274,#14275,#14276);
#14274 = CARTESIAN_POINT('',(-2.4,2.795,0.425));
#14275 = DIRECTION('',(-1.144237745222E-17,-1.,0.));
#14276 = DIRECTION('',(-0.984807753012,1.126854202784E-17,0.173648177667
    ));
#14277 = ADVANCED_FACE('',(#14278),#14289,.F.);
#14278 = FACE_BOUND('',#14279,.F.);
#14279 = EDGE_LOOP('',(#14280,#14286,#14287,#14288));
#14280 = ORIENTED_EDGE('',*,*,#14281,.T.);
#14281 = EDGE_CURVE('',#8549,#8658,#14282,.T.);
#14282 = LINE('',#14283,#14284);
#14283 = CARTESIAN_POINT('',(-2.682376446323,2.795,0.232635182233));
#14284 = VECTOR('',#14285,1.);
#14285 = DIRECTION('',(1.144237745222E-17,1.,0.));
#14286 = ORIENTED_EDGE('',*,*,#8666,.T.);
#14287 = ORIENTED_EDGE('',*,*,#14267,.F.);
#14288 = ORIENTED_EDGE('',*,*,#8557,.F.);
#14289 = PLANE('',#14290);
#14290 = AXIS2_PLACEMENT_3D('',#14291,#14292,#14293);
#14291 = CARTESIAN_POINT('',(-2.682376446323,2.795,0.232635182233));
#14292 = DIRECTION('',(0.988433898356,-1.131003375156E-17,
    -0.151652327974));
#14293 = DIRECTION('',(0.151652327974,-1.735263178185E-18,0.988433898356
    ));
#14294 = ADVANCED_FACE('',(#14295),#14306,.F.);
#14295 = FACE_BOUND('',#14296,.F.);
#14296 = EDGE_LOOP('',(#14297,#14303,#14304,#14305));
#14297 = ORIENTED_EDGE('',*,*,#14298,.T.);
#14298 = EDGE_CURVE('',#8541,#8650,#14299,.T.);
#14299 = LINE('',#14300,#14301);
#14300 = CARTESIAN_POINT('',(-2.780857221624,2.795,0.15));
#14301 = VECTOR('',#14302,1.);
#14302 = DIRECTION('',(1.144237745222E-17,1.,0.));
#14303 = ORIENTED_EDGE('',*,*,#8657,.T.);
#14304 = ORIENTED_EDGE('',*,*,#14281,.F.);
#14305 = ORIENTED_EDGE('',*,*,#8548,.F.);
#14306 = CYLINDRICAL_SURFACE('',#14307,0.1);
#14307 = AXIS2_PLACEMENT_3D('',#14308,#14309,#14310);
#14308 = CARTESIAN_POINT('',(-2.780857221624,2.795,0.25));
#14309 = DIRECTION('',(-1.144237745222E-17,-1.,0.));
#14310 = DIRECTION('',(-0.,0.,-1.));
#14311 = ADVANCED_FACE('',(#14312),#14323,.F.);
#14312 = FACE_BOUND('',#14313,.F.);
#14313 = EDGE_LOOP('',(#14314,#14320,#14321,#14322));
#14314 = ORIENTED_EDGE('',*,*,#14315,.T.);
#14315 = EDGE_CURVE('',#8533,#8642,#14316,.T.);
#14316 = LINE('',#14317,#14318);
#14317 = CARTESIAN_POINT('',(-3.2,2.795,0.15));
#14318 = VECTOR('',#14319,1.);
#14319 = DIRECTION('',(1.144237745222E-17,1.,0.));
#14320 = ORIENTED_EDGE('',*,*,#8649,.T.);
#14321 = ORIENTED_EDGE('',*,*,#14298,.F.);
#14322 = ORIENTED_EDGE('',*,*,#8540,.F.);
#14323 = PLANE('',#14324);
#14324 = AXIS2_PLACEMENT_3D('',#14325,#14326,#14327);
#14325 = CARTESIAN_POINT('',(-3.2,2.795,0.15));
#14326 = DIRECTION('',(0.,0.,-1.));
#14327 = DIRECTION('',(1.,-1.144237745222E-17,0.));
#14328 = ADVANCED_FACE('',(#14329),#14340,.F.);
#14329 = FACE_BOUND('',#14330,.F.);
#14330 = EDGE_LOOP('',(#14331,#14337,#14338,#14339));
#14331 = ORIENTED_EDGE('',*,*,#14332,.T.);
#14332 = EDGE_CURVE('',#8525,#8634,#14333,.T.);
#14333 = LINE('',#14334,#14335);
#14334 = CARTESIAN_POINT('',(-3.2,2.795,-1.665334536938E-16));
#14335 = VECTOR('',#14336,1.);
#14336 = DIRECTION('',(1.144237745222E-17,1.,0.));
#14337 = ORIENTED_EDGE('',*,*,#8641,.T.);
#14338 = ORIENTED_EDGE('',*,*,#14315,.F.);
#14339 = ORIENTED_EDGE('',*,*,#8532,.F.);
#14340 = PLANE('',#14341);
#14341 = AXIS2_PLACEMENT_3D('',#14342,#14343,#14344);
#14342 = CARTESIAN_POINT('',(-3.2,2.795,-1.665334536938E-16));
#14343 = DIRECTION('',(1.,-1.144237745222E-17,0.));
#14344 = DIRECTION('',(0.,0.,1.));
#14345 = ADVANCED_FACE('',(#14346),#14357,.F.);
#14346 = FACE_BOUND('',#14347,.F.);
#14347 = EDGE_LOOP('',(#14348,#14354,#14355,#14356));
#14348 = ORIENTED_EDGE('',*,*,#14349,.T.);
#14349 = EDGE_CURVE('',#8516,#8625,#14350,.T.);
#14350 = LINE('',#14351,#14352);
#14351 = CARTESIAN_POINT('',(-2.780857221624,2.795,-1.665334536938E-16)
  );
#14352 = VECTOR('',#14353,1.);
#14353 = DIRECTION('',(1.144237745222E-17,1.,0.));
#14354 = ORIENTED_EDGE('',*,*,#8633,.T.);
#14355 = ORIENTED_EDGE('',*,*,#14332,.F.);
#14356 = ORIENTED_EDGE('',*,*,#8524,.F.);
#14357 = PLANE('',#14358);
#14358 = AXIS2_PLACEMENT_3D('',#14359,#14360,#14361);
#14359 = CARTESIAN_POINT('',(-2.780857221624,2.795,-1.665334536938E-16)
  );
#14360 = DIRECTION('',(0.,0.,1.));
#14361 = DIRECTION('',(-1.,1.144237745222E-17,0.));
#14362 = ADVANCED_FACE('',(#14363),#14374,.T.);
#14363 = FACE_BOUND('',#14364,.T.);
#14364 = EDGE_LOOP('',(#14365,#14366,#14367,#14368));
#14365 = ORIENTED_EDGE('',*,*,#8515,.T.);
#14366 = ORIENTED_EDGE('',*,*,#14349,.T.);
#14367 = ORIENTED_EDGE('',*,*,#8624,.F.);
#14368 = ORIENTED_EDGE('',*,*,#14369,.F.);
#14369 = EDGE_CURVE('',#8508,#8617,#14370,.T.);
#14370 = LINE('',#14371,#14372);
#14371 = CARTESIAN_POINT('',(-2.534655283371,2.795,0.206587955583));
#14372 = VECTOR('',#14373,1.);
#14373 = DIRECTION('',(1.144237745222E-17,1.,0.));
#14374 = CYLINDRICAL_SURFACE('',#14375,0.25);
#14375 = AXIS2_PLACEMENT_3D('',#14376,#14377,#14378);
#14376 = CARTESIAN_POINT('',(-2.780857221624,2.795,0.25));
#14377 = DIRECTION('',(-1.144237745222E-17,-1.,0.));
#14378 = DIRECTION('',(0.984807753012,-1.126854202784E-17,
    -0.173648177667));
#14379 = ADVANCED_FACE('',(#14380),#14386,.F.);
#14380 = FACE_BOUND('',#14381,.F.);
#14381 = EDGE_LOOP('',(#14382,#14383,#14384,#14385));
#14382 = ORIENTED_EDGE('',*,*,#8598,.T.);
#14383 = ORIENTED_EDGE('',*,*,#8616,.T.);
#14384 = ORIENTED_EDGE('',*,*,#14369,.F.);
#14385 = ORIENTED_EDGE('',*,*,#8507,.F.);
#14386 = PLANE('',#14387);
#14387 = AXIS2_PLACEMENT_3D('',#14388,#14389,#14390);
#14388 = CARTESIAN_POINT('',(-2.498480775301,2.795,0.442364817767));
#14389 = DIRECTION('',(-0.988433898356,1.131003375156E-17,0.151652327974
    ));
#14390 = DIRECTION('',(-0.151652327974,1.735263178185E-18,
    -0.988433898356));
#14391 = ADVANCED_FACE('',(#14392),#14403,.T.);
#14392 = FACE_BOUND('',#14393,.T.);
#14393 = EDGE_LOOP('',(#14394,#14395,#14396,#14397));
#14394 = ORIENTED_EDGE('',*,*,#8788,.T.);
#14395 = ORIENTED_EDGE('',*,*,#12451,.T.);
#14396 = ORIENTED_EDGE('',*,*,#8897,.F.);
#14397 = ORIENTED_EDGE('',*,*,#14398,.F.);
#14398 = EDGE_CURVE('',#8781,#8890,#14399,.T.);
#14399 = LINE('',#14400,#14401);
#14400 = CARTESIAN_POINT('',(-2.646201938253,3.445,0.468412044417));
#14401 = VECTOR('',#14402,1.);
#14402 = DIRECTION('',(1.144237745222E-17,1.,0.));
#14403 = CYLINDRICAL_SURFACE('',#14404,0.25);
#14404 = AXIS2_PLACEMENT_3D('',#14405,#14406,#14407);
#14405 = CARTESIAN_POINT('',(-2.4,3.445,0.425));
#14406 = DIRECTION('',(-1.144237745222E-17,-1.,0.));
#14407 = DIRECTION('',(-0.984807753012,1.126854202784E-17,0.173648177667
    ));
#14408 = ADVANCED_FACE('',(#14409),#14420,.F.);
#14409 = FACE_BOUND('',#14410,.F.);
#14410 = EDGE_LOOP('',(#14411,#14417,#14418,#14419));
#14411 = ORIENTED_EDGE('',*,*,#14412,.T.);
#14412 = EDGE_CURVE('',#8772,#8881,#14413,.T.);
#14413 = LINE('',#14414,#14415);
#14414 = CARTESIAN_POINT('',(-2.682376446323,3.445,0.232635182233));
#14415 = VECTOR('',#14416,1.);
#14416 = DIRECTION('',(1.144237745222E-17,1.,0.));
#14417 = ORIENTED_EDGE('',*,*,#8889,.T.);
#14418 = ORIENTED_EDGE('',*,*,#14398,.F.);
#14419 = ORIENTED_EDGE('',*,*,#8780,.F.);
#14420 = PLANE('',#14421);
#14421 = AXIS2_PLACEMENT_3D('',#14422,#14423,#14424);
#14422 = CARTESIAN_POINT('',(-2.682376446323,3.445,0.232635182233));
#14423 = DIRECTION('',(0.988433898356,-1.131003375156E-17,
    -0.151652327974));
#14424 = DIRECTION('',(0.151652327974,-1.735263178185E-18,0.988433898356
    ));
#14425 = ADVANCED_FACE('',(#14426),#14437,.F.);
#14426 = FACE_BOUND('',#14427,.F.);
#14427 = EDGE_LOOP('',(#14428,#14434,#14435,#14436));
#14428 = ORIENTED_EDGE('',*,*,#14429,.T.);
#14429 = EDGE_CURVE('',#8764,#8873,#14430,.T.);
#14430 = LINE('',#14431,#14432);
#14431 = CARTESIAN_POINT('',(-2.780857221624,3.445,0.15));
#14432 = VECTOR('',#14433,1.);
#14433 = DIRECTION('',(1.144237745222E-17,1.,0.));
#14434 = ORIENTED_EDGE('',*,*,#8880,.T.);
#14435 = ORIENTED_EDGE('',*,*,#14412,.F.);
#14436 = ORIENTED_EDGE('',*,*,#8771,.F.);
#14437 = CYLINDRICAL_SURFACE('',#14438,0.1);
#14438 = AXIS2_PLACEMENT_3D('',#14439,#14440,#14441);
#14439 = CARTESIAN_POINT('',(-2.780857221624,3.445,0.25));
#14440 = DIRECTION('',(-1.144237745222E-17,-1.,0.));
#14441 = DIRECTION('',(-0.,0.,-1.));
#14442 = ADVANCED_FACE('',(#14443),#14454,.F.);
#14443 = FACE_BOUND('',#14444,.F.);
#14444 = EDGE_LOOP('',(#14445,#14451,#14452,#14453));
#14445 = ORIENTED_EDGE('',*,*,#14446,.T.);
#14446 = EDGE_CURVE('',#8756,#8865,#14447,.T.);
#14447 = LINE('',#14448,#14449);
#14448 = CARTESIAN_POINT('',(-3.2,3.445,0.15));
#14449 = VECTOR('',#14450,1.);
#14450 = DIRECTION('',(1.144237745222E-17,1.,0.));
#14451 = ORIENTED_EDGE('',*,*,#8872,.T.);
#14452 = ORIENTED_EDGE('',*,*,#14429,.F.);
#14453 = ORIENTED_EDGE('',*,*,#8763,.F.);
#14454 = PLANE('',#14455);
#14455 = AXIS2_PLACEMENT_3D('',#14456,#14457,#14458);
#14456 = CARTESIAN_POINT('',(-3.2,3.445,0.15));
#14457 = DIRECTION('',(0.,0.,-1.));
#14458 = DIRECTION('',(1.,-1.144237745222E-17,0.));
#14459 = ADVANCED_FACE('',(#14460),#14471,.F.);
#14460 = FACE_BOUND('',#14461,.F.);
#14461 = EDGE_LOOP('',(#14462,#14468,#14469,#14470));
#14462 = ORIENTED_EDGE('',*,*,#14463,.T.);
#14463 = EDGE_CURVE('',#8748,#8857,#14464,.T.);
#14464 = LINE('',#14465,#14466);
#14465 = CARTESIAN_POINT('',(-3.2,3.445,-1.665334536938E-16));
#14466 = VECTOR('',#14467,1.);
#14467 = DIRECTION('',(1.144237745222E-17,1.,0.));
#14468 = ORIENTED_EDGE('',*,*,#8864,.T.);
#14469 = ORIENTED_EDGE('',*,*,#14446,.F.);
#14470 = ORIENTED_EDGE('',*,*,#8755,.F.);
#14471 = PLANE('',#14472);
#14472 = AXIS2_PLACEMENT_3D('',#14473,#14474,#14475);
#14473 = CARTESIAN_POINT('',(-3.2,3.445,-1.665334536938E-16));
#14474 = DIRECTION('',(1.,-1.144237745222E-17,0.));
#14475 = DIRECTION('',(0.,0.,1.));
#14476 = ADVANCED_FACE('',(#14477),#14488,.F.);
#14477 = FACE_BOUND('',#14478,.F.);
#14478 = EDGE_LOOP('',(#14479,#14485,#14486,#14487));
#14479 = ORIENTED_EDGE('',*,*,#14480,.T.);
#14480 = EDGE_CURVE('',#8739,#8848,#14481,.T.);
#14481 = LINE('',#14482,#14483);
#14482 = CARTESIAN_POINT('',(-2.780857221624,3.445,-1.665334536938E-16)
  );
#14483 = VECTOR('',#14484,1.);
#14484 = DIRECTION('',(1.144237745222E-17,1.,0.));
#14485 = ORIENTED_EDGE('',*,*,#8856,.T.);
#14486 = ORIENTED_EDGE('',*,*,#14463,.F.);
#14487 = ORIENTED_EDGE('',*,*,#8747,.F.);
#14488 = PLANE('',#14489);
#14489 = AXIS2_PLACEMENT_3D('',#14490,#14491,#14492);
#14490 = CARTESIAN_POINT('',(-2.780857221624,3.445,-1.665334536938E-16)
  );
#14491 = DIRECTION('',(0.,0.,1.));
#14492 = DIRECTION('',(-1.,1.144237745222E-17,0.));
#14493 = ADVANCED_FACE('',(#14494),#14505,.T.);
#14494 = FACE_BOUND('',#14495,.T.);
#14495 = EDGE_LOOP('',(#14496,#14497,#14498,#14499));
#14496 = ORIENTED_EDGE('',*,*,#8738,.T.);
#14497 = ORIENTED_EDGE('',*,*,#14480,.T.);
#14498 = ORIENTED_EDGE('',*,*,#8847,.F.);
#14499 = ORIENTED_EDGE('',*,*,#14500,.F.);
#14500 = EDGE_CURVE('',#8731,#8840,#14501,.T.);
#14501 = LINE('',#14502,#14503);
#14502 = CARTESIAN_POINT('',(-2.534655283371,3.445,0.206587955583));
#14503 = VECTOR('',#14504,1.);
#14504 = DIRECTION('',(1.144237745222E-17,1.,0.));
#14505 = CYLINDRICAL_SURFACE('',#14506,0.25);
#14506 = AXIS2_PLACEMENT_3D('',#14507,#14508,#14509);
#14507 = CARTESIAN_POINT('',(-2.780857221624,3.445,0.25));
#14508 = DIRECTION('',(-1.144237745222E-17,-1.,0.));
#14509 = DIRECTION('',(0.984807753012,-1.126854202784E-17,
    -0.173648177667));
#14510 = ADVANCED_FACE('',(#14511),#14517,.F.);
#14511 = FACE_BOUND('',#14512,.F.);
#14512 = EDGE_LOOP('',(#14513,#14514,#14515,#14516));
#14513 = ORIENTED_EDGE('',*,*,#8821,.T.);
#14514 = ORIENTED_EDGE('',*,*,#8839,.T.);
#14515 = ORIENTED_EDGE('',*,*,#14500,.F.);
#14516 = ORIENTED_EDGE('',*,*,#8730,.F.);
#14517 = PLANE('',#14518);
#14518 = AXIS2_PLACEMENT_3D('',#14519,#14520,#14521);
#14519 = CARTESIAN_POINT('',(-2.498480775301,3.445,0.442364817767));
#14520 = DIRECTION('',(-0.988433898356,1.131003375156E-17,0.151652327974
    ));
#14521 = DIRECTION('',(-0.151652327974,1.735263178185E-18,
    -0.988433898356));
#14522 = ADVANCED_FACE('',(#14523),#14534,.F.);
#14523 = FACE_BOUND('',#14524,.F.);
#14524 = EDGE_LOOP('',(#14525,#14531,#14532,#14533));
#14525 = ORIENTED_EDGE('',*,*,#14526,.T.);
#14526 = EDGE_CURVE('',#8990,#9092,#14527,.T.);
#14527 = LINE('',#14528,#14529);
#14528 = CARTESIAN_POINT('',(-2.682376446323,4.095,0.232635182233));
#14529 = VECTOR('',#14530,1.);
#14530 = DIRECTION('',(1.144237745222E-17,1.,0.));
#14531 = ORIENTED_EDGE('',*,*,#9100,.T.);
#14532 = ORIENTED_EDGE('',*,*,#12208,.F.);
#14533 = ORIENTED_EDGE('',*,*,#8998,.F.);
#14534 = PLANE('',#14535);
#14535 = AXIS2_PLACEMENT_3D('',#14536,#14537,#14538);
#14536 = CARTESIAN_POINT('',(-2.682376446323,4.095,0.232635182233));
#14537 = DIRECTION('',(0.988433898356,-1.131003375156E-17,
    -0.151652327974));
#14538 = DIRECTION('',(0.151652327974,-1.735263178185E-18,0.988433898356
    ));
#14539 = ADVANCED_FACE('',(#14540),#14551,.F.);
#14540 = FACE_BOUND('',#14541,.F.);
#14541 = EDGE_LOOP('',(#14542,#14548,#14549,#14550));
#14542 = ORIENTED_EDGE('',*,*,#14543,.T.);
#14543 = EDGE_CURVE('',#8982,#9084,#14544,.T.);
#14544 = LINE('',#14545,#14546);
#14545 = CARTESIAN_POINT('',(-2.780857221624,4.095,0.15));
#14546 = VECTOR('',#14547,1.);
#14547 = DIRECTION('',(1.144237745222E-17,1.,0.));
#14548 = ORIENTED_EDGE('',*,*,#9091,.T.);
#14549 = ORIENTED_EDGE('',*,*,#14526,.F.);
#14550 = ORIENTED_EDGE('',*,*,#8989,.F.);
#14551 = CYLINDRICAL_SURFACE('',#14552,0.1);
#14552 = AXIS2_PLACEMENT_3D('',#14553,#14554,#14555);
#14553 = CARTESIAN_POINT('',(-2.780857221624,4.095,0.25));
#14554 = DIRECTION('',(-1.144237745222E-17,-1.,0.));
#14555 = DIRECTION('',(-0.,0.,-1.));
#14556 = ADVANCED_FACE('',(#14557),#14568,.F.);
#14557 = FACE_BOUND('',#14558,.F.);
#14558 = EDGE_LOOP('',(#14559,#14565,#14566,#14567));
#14559 = ORIENTED_EDGE('',*,*,#14560,.T.);
#14560 = EDGE_CURVE('',#8974,#9076,#14561,.T.);
#14561 = LINE('',#14562,#14563);
#14562 = CARTESIAN_POINT('',(-3.2,4.095,0.15));
#14563 = VECTOR('',#14564,1.);
#14564 = DIRECTION('',(1.144237745222E-17,1.,0.));
#14565 = ORIENTED_EDGE('',*,*,#9083,.T.);
#14566 = ORIENTED_EDGE('',*,*,#14543,.F.);
#14567 = ORIENTED_EDGE('',*,*,#8981,.F.);
#14568 = PLANE('',#14569);
#14569 = AXIS2_PLACEMENT_3D('',#14570,#14571,#14572);
#14570 = CARTESIAN_POINT('',(-3.2,4.095,0.15));
#14571 = DIRECTION('',(0.,0.,-1.));
#14572 = DIRECTION('',(1.,-1.144237745222E-17,0.));
#14573 = ADVANCED_FACE('',(#14574),#14585,.F.);
#14574 = FACE_BOUND('',#14575,.F.);
#14575 = EDGE_LOOP('',(#14576,#14582,#14583,#14584));
#14576 = ORIENTED_EDGE('',*,*,#14577,.T.);
#14577 = EDGE_CURVE('',#8966,#9068,#14578,.T.);
#14578 = LINE('',#14579,#14580);
#14579 = CARTESIAN_POINT('',(-3.2,4.095,-1.665334536938E-16));
#14580 = VECTOR('',#14581,1.);
#14581 = DIRECTION('',(1.144237745222E-17,1.,0.));
#14582 = ORIENTED_EDGE('',*,*,#9075,.T.);
#14583 = ORIENTED_EDGE('',*,*,#14560,.F.);
#14584 = ORIENTED_EDGE('',*,*,#8973,.F.);
#14585 = PLANE('',#14586);
#14586 = AXIS2_PLACEMENT_3D('',#14587,#14588,#14589);
#14587 = CARTESIAN_POINT('',(-3.2,4.095,-1.665334536938E-16));
#14588 = DIRECTION('',(1.,-1.144237745222E-17,0.));
#14589 = DIRECTION('',(0.,0.,1.));
#14590 = ADVANCED_FACE('',(#14591),#14602,.F.);
#14591 = FACE_BOUND('',#14592,.F.);
#14592 = EDGE_LOOP('',(#14593,#14599,#14600,#14601));
#14593 = ORIENTED_EDGE('',*,*,#14594,.T.);
#14594 = EDGE_CURVE('',#8957,#9059,#14595,.T.);
#14595 = LINE('',#14596,#14597);
#14596 = CARTESIAN_POINT('',(-2.780857221624,4.095,-1.665334536938E-16)
  );
#14597 = VECTOR('',#14598,1.);
#14598 = DIRECTION('',(1.144237745222E-17,1.,0.));
#14599 = ORIENTED_EDGE('',*,*,#9067,.T.);
#14600 = ORIENTED_EDGE('',*,*,#14577,.F.);
#14601 = ORIENTED_EDGE('',*,*,#8965,.F.);
#14602 = PLANE('',#14603);
#14603 = AXIS2_PLACEMENT_3D('',#14604,#14605,#14606);
#14604 = CARTESIAN_POINT('',(-2.780857221624,4.095,-1.665334536938E-16)
  );
#14605 = DIRECTION('',(0.,0.,1.));
#14606 = DIRECTION('',(-1.,1.144237745222E-17,0.));
#14607 = ADVANCED_FACE('',(#14608),#14619,.T.);
#14608 = FACE_BOUND('',#14609,.T.);
#14609 = EDGE_LOOP('',(#14610,#14611,#14612,#14613));
#14610 = ORIENTED_EDGE('',*,*,#8956,.T.);
#14611 = ORIENTED_EDGE('',*,*,#14594,.T.);
#14612 = ORIENTED_EDGE('',*,*,#9058,.F.);
#14613 = ORIENTED_EDGE('',*,*,#14614,.F.);
#14614 = EDGE_CURVE('',#8949,#9051,#14615,.T.);
#14615 = LINE('',#14616,#14617);
#14616 = CARTESIAN_POINT('',(-2.534655283371,4.095,0.206587955583));
#14617 = VECTOR('',#14618,1.);
#14618 = DIRECTION('',(1.144237745222E-17,1.,0.));
#14619 = CYLINDRICAL_SURFACE('',#14620,0.25);
#14620 = AXIS2_PLACEMENT_3D('',#14621,#14622,#14623);
#14621 = CARTESIAN_POINT('',(-2.780857221624,4.095,0.25));
#14622 = DIRECTION('',(-1.144237745222E-17,-1.,0.));
#14623 = DIRECTION('',(0.984807753012,-1.126854202784E-17,
    -0.173648177667));
#14624 = ADVANCED_FACE('',(#14625),#14631,.F.);
#14625 = FACE_BOUND('',#14626,.F.);
#14626 = EDGE_LOOP('',(#14627,#14628,#14629,#14630));
#14627 = ORIENTED_EDGE('',*,*,#9032,.T.);
#14628 = ORIENTED_EDGE('',*,*,#9050,.T.);
#14629 = ORIENTED_EDGE('',*,*,#14614,.F.);
#14630 = ORIENTED_EDGE('',*,*,#8948,.F.);
#14631 = PLANE('',#14632);
#14632 = AXIS2_PLACEMENT_3D('',#14633,#14634,#14635);
#14633 = CARTESIAN_POINT('',(-2.498480775301,4.095,0.442364817767));
#14634 = DIRECTION('',(-0.988433898356,1.131003375156E-17,0.151652327974
    ));
#14635 = DIRECTION('',(-0.151652327974,1.735263178185E-18,
    -0.988433898356));
#14636 = ADVANCED_FACE('',(#14637),#14648,.F.);
#14637 = FACE_BOUND('',#14638,.F.);
#14638 = EDGE_LOOP('',(#14639,#14645,#14646,#14647));
#14639 = ORIENTED_EDGE('',*,*,#14640,.T.);
#14640 = EDGE_CURVE('',#9177,#9279,#14641,.T.);
#14641 = LINE('',#14642,#14643);
#14642 = CARTESIAN_POINT('',(2.682376446323,4.355,0.232635182233));
#14643 = VECTOR('',#14644,1.);
#14644 = DIRECTION('',(1.110223024625E-16,-1.,0.));
#14645 = ORIENTED_EDGE('',*,*,#9287,.T.);
#14646 = ORIENTED_EDGE('',*,*,#12797,.F.);
#14647 = ORIENTED_EDGE('',*,*,#9185,.F.);
#14648 = PLANE('',#14649);
#14649 = AXIS2_PLACEMENT_3D('',#14650,#14651,#14652);
#14650 = CARTESIAN_POINT('',(2.682376446323,4.355,0.232635182233));
#14651 = DIRECTION('',(-0.988433898356,-1.097382072275E-16,
    -0.151652327974));
#14652 = DIRECTION('',(-0.151652327974,-1.683679062546E-17,
    0.988433898356));
#14653 = ADVANCED_FACE('',(#14654),#14665,.F.);
#14654 = FACE_BOUND('',#14655,.F.);
#14655 = EDGE_LOOP('',(#14656,#14662,#14663,#14664));
#14656 = ORIENTED_EDGE('',*,*,#14657,.T.);
#14657 = EDGE_CURVE('',#9169,#9271,#14658,.T.);
#14658 = LINE('',#14659,#14660);
#14659 = CARTESIAN_POINT('',(2.780857221624,4.355,0.15));
#14660 = VECTOR('',#14661,1.);
#14661 = DIRECTION('',(1.110223024625E-16,-1.,0.));
#14662 = ORIENTED_EDGE('',*,*,#9278,.T.);
#14663 = ORIENTED_EDGE('',*,*,#14640,.F.);
#14664 = ORIENTED_EDGE('',*,*,#9176,.F.);
#14665 = CYLINDRICAL_SURFACE('',#14666,0.1);
#14666 = AXIS2_PLACEMENT_3D('',#14667,#14668,#14669);
#14667 = CARTESIAN_POINT('',(2.780857221624,4.355,0.25));
#14668 = DIRECTION('',(-1.110223024625E-16,1.,0.));
#14669 = DIRECTION('',(0.,0.,-1.));
#14670 = ADVANCED_FACE('',(#14671),#14682,.F.);
#14671 = FACE_BOUND('',#14672,.F.);
#14672 = EDGE_LOOP('',(#14673,#14679,#14680,#14681));
#14673 = ORIENTED_EDGE('',*,*,#14674,.T.);
#14674 = EDGE_CURVE('',#9161,#9263,#14675,.T.);
#14675 = LINE('',#14676,#14677);
#14676 = CARTESIAN_POINT('',(3.2,4.355,0.15));
#14677 = VECTOR('',#14678,1.);
#14678 = DIRECTION('',(1.110223024625E-16,-1.,0.));
#14679 = ORIENTED_EDGE('',*,*,#9270,.T.);
#14680 = ORIENTED_EDGE('',*,*,#14657,.F.);
#14681 = ORIENTED_EDGE('',*,*,#9168,.F.);
#14682 = PLANE('',#14683);
#14683 = AXIS2_PLACEMENT_3D('',#14684,#14685,#14686);
#14684 = CARTESIAN_POINT('',(3.2,4.355,0.15));
#14685 = DIRECTION('',(0.,0.,-1.));
#14686 = DIRECTION('',(-1.,-1.110223024625E-16,-0.));
#14687 = ADVANCED_FACE('',(#14688),#14699,.F.);
#14688 = FACE_BOUND('',#14689,.F.);
#14689 = EDGE_LOOP('',(#14690,#14696,#14697,#14698));
#14690 = ORIENTED_EDGE('',*,*,#14691,.T.);
#14691 = EDGE_CURVE('',#9153,#9255,#14692,.T.);
#14692 = LINE('',#14693,#14694);
#14693 = CARTESIAN_POINT('',(3.2,4.355,-1.665334536938E-16));
#14694 = VECTOR('',#14695,1.);
#14695 = DIRECTION('',(1.110223024625E-16,-1.,0.));
#14696 = ORIENTED_EDGE('',*,*,#9262,.T.);
#14697 = ORIENTED_EDGE('',*,*,#14674,.F.);
#14698 = ORIENTED_EDGE('',*,*,#9160,.F.);
#14699 = PLANE('',#14700);
#14700 = AXIS2_PLACEMENT_3D('',#14701,#14702,#14703);
#14701 = CARTESIAN_POINT('',(3.2,4.355,-1.665334536938E-16));
#14702 = DIRECTION('',(-1.,-1.110223024625E-16,0.));
#14703 = DIRECTION('',(0.,0.,1.));
#14704 = ADVANCED_FACE('',(#14705),#14716,.F.);
#14705 = FACE_BOUND('',#14706,.F.);
#14706 = EDGE_LOOP('',(#14707,#14713,#14714,#14715));
#14707 = ORIENTED_EDGE('',*,*,#14708,.T.);
#14708 = EDGE_CURVE('',#9144,#9246,#14709,.T.);
#14709 = LINE('',#14710,#14711);
#14710 = CARTESIAN_POINT('',(2.780857221624,4.355,-1.665334536938E-16));
#14711 = VECTOR('',#14712,1.);
#14712 = DIRECTION('',(1.110223024625E-16,-1.,0.));
#14713 = ORIENTED_EDGE('',*,*,#9254,.T.);
#14714 = ORIENTED_EDGE('',*,*,#14691,.F.);
#14715 = ORIENTED_EDGE('',*,*,#9152,.F.);
#14716 = PLANE('',#14717);
#14717 = AXIS2_PLACEMENT_3D('',#14718,#14719,#14720);
#14718 = CARTESIAN_POINT('',(2.780857221624,4.355,-1.665334536938E-16));
#14719 = DIRECTION('',(0.,0.,1.));
#14720 = DIRECTION('',(1.,1.110223024625E-16,-0.));
#14721 = ADVANCED_FACE('',(#14722),#14733,.T.);
#14722 = FACE_BOUND('',#14723,.T.);
#14723 = EDGE_LOOP('',(#14724,#14725,#14726,#14727));
#14724 = ORIENTED_EDGE('',*,*,#9143,.T.);
#14725 = ORIENTED_EDGE('',*,*,#14708,.T.);
#14726 = ORIENTED_EDGE('',*,*,#9245,.F.);
#14727 = ORIENTED_EDGE('',*,*,#14728,.F.);
#14728 = EDGE_CURVE('',#9136,#9238,#14729,.T.);
#14729 = LINE('',#14730,#14731);
#14730 = CARTESIAN_POINT('',(2.534655283371,4.355,0.206587955583));
#14731 = VECTOR('',#14732,1.);
#14732 = DIRECTION('',(1.110223024625E-16,-1.,0.));
#14733 = CYLINDRICAL_SURFACE('',#14734,0.25);
#14734 = AXIS2_PLACEMENT_3D('',#14735,#14736,#14737);
#14735 = CARTESIAN_POINT('',(2.780857221624,4.355,0.25));
#14736 = DIRECTION('',(-1.110223024625E-16,1.,0.));
#14737 = DIRECTION('',(-0.984807753012,-1.093356242223E-16,
    -0.173648177667));
#14738 = ADVANCED_FACE('',(#14739),#14745,.F.);
#14739 = FACE_BOUND('',#14740,.F.);
#14740 = EDGE_LOOP('',(#14741,#14742,#14743,#14744));
#14741 = ORIENTED_EDGE('',*,*,#9219,.T.);
#14742 = ORIENTED_EDGE('',*,*,#9237,.T.);
#14743 = ORIENTED_EDGE('',*,*,#14728,.F.);
#14744 = ORIENTED_EDGE('',*,*,#9135,.F.);
#14745 = PLANE('',#14746);
#14746 = AXIS2_PLACEMENT_3D('',#14747,#14748,#14749);
#14747 = CARTESIAN_POINT('',(2.498480775301,4.355,0.442364817767));
#14748 = DIRECTION('',(0.988433898356,1.097382072275E-16,0.151652327974)
  );
#14749 = DIRECTION('',(0.151652327974,1.683679062546E-17,-0.988433898356
    ));
#14750 = ADVANCED_FACE('',(#14751),#14762,.T.);
#14751 = FACE_BOUND('',#14752,.T.);
#14752 = EDGE_LOOP('',(#14753,#14754,#14755,#14756));
#14753 = ORIENTED_EDGE('',*,*,#9397,.T.);
#14754 = ORIENTED_EDGE('',*,*,#12532,.T.);
#14755 = ORIENTED_EDGE('',*,*,#9506,.F.);
#14756 = ORIENTED_EDGE('',*,*,#14757,.F.);
#14757 = EDGE_CURVE('',#9390,#9499,#14758,.T.);
#14758 = LINE('',#14759,#14760);
#14759 = CARTESIAN_POINT('',(2.646201938253,3.705,0.468412044417));
#14760 = VECTOR('',#14761,1.);
#14761 = DIRECTION('',(1.110223024625E-16,-1.,0.));
#14762 = CYLINDRICAL_SURFACE('',#14763,0.25);
#14763 = AXIS2_PLACEMENT_3D('',#14764,#14765,#14766);
#14764 = CARTESIAN_POINT('',(2.4,3.705,0.425));
#14765 = DIRECTION('',(-1.110223024625E-16,1.,0.));
#14766 = DIRECTION('',(0.984807753012,1.093356242223E-16,0.173648177667)
  );
#14767 = ADVANCED_FACE('',(#14768),#14779,.F.);
#14768 = FACE_BOUND('',#14769,.F.);
#14769 = EDGE_LOOP('',(#14770,#14776,#14777,#14778));
#14770 = ORIENTED_EDGE('',*,*,#14771,.T.);
#14771 = EDGE_CURVE('',#9381,#9490,#14772,.T.);
#14772 = LINE('',#14773,#14774);
#14773 = CARTESIAN_POINT('',(2.682376446323,3.705,0.232635182233));
#14774 = VECTOR('',#14775,1.);
#14775 = DIRECTION('',(1.110223024625E-16,-1.,0.));
#14776 = ORIENTED_EDGE('',*,*,#9498,.T.);
#14777 = ORIENTED_EDGE('',*,*,#14757,.F.);
#14778 = ORIENTED_EDGE('',*,*,#9389,.F.);
#14779 = PLANE('',#14780);
#14780 = AXIS2_PLACEMENT_3D('',#14781,#14782,#14783);
#14781 = CARTESIAN_POINT('',(2.682376446323,3.705,0.232635182233));
#14782 = DIRECTION('',(-0.988433898356,-1.097382072275E-16,
    -0.151652327974));
#14783 = DIRECTION('',(-0.151652327974,-1.683679062546E-17,
    0.988433898356));
#14784 = ADVANCED_FACE('',(#14785),#14796,.F.);
#14785 = FACE_BOUND('',#14786,.F.);
#14786 = EDGE_LOOP('',(#14787,#14793,#14794,#14795));
#14787 = ORIENTED_EDGE('',*,*,#14788,.T.);
#14788 = EDGE_CURVE('',#9373,#9482,#14789,.T.);
#14789 = LINE('',#14790,#14791);
#14790 = CARTESIAN_POINT('',(2.780857221624,3.705,0.15));
#14791 = VECTOR('',#14792,1.);
#14792 = DIRECTION('',(1.110223024625E-16,-1.,0.));
#14793 = ORIENTED_EDGE('',*,*,#9489,.T.);
#14794 = ORIENTED_EDGE('',*,*,#14771,.F.);
#14795 = ORIENTED_EDGE('',*,*,#9380,.F.);
#14796 = CYLINDRICAL_SURFACE('',#14797,0.1);
#14797 = AXIS2_PLACEMENT_3D('',#14798,#14799,#14800);
#14798 = CARTESIAN_POINT('',(2.780857221624,3.705,0.25));
#14799 = DIRECTION('',(-1.110223024625E-16,1.,0.));
#14800 = DIRECTION('',(0.,0.,-1.));
#14801 = ADVANCED_FACE('',(#14802),#14813,.F.);
#14802 = FACE_BOUND('',#14803,.F.);
#14803 = EDGE_LOOP('',(#14804,#14810,#14811,#14812));
#14804 = ORIENTED_EDGE('',*,*,#14805,.T.);
#14805 = EDGE_CURVE('',#9365,#9474,#14806,.T.);
#14806 = LINE('',#14807,#14808);
#14807 = CARTESIAN_POINT('',(3.2,3.705,0.15));
#14808 = VECTOR('',#14809,1.);
#14809 = DIRECTION('',(1.110223024625E-16,-1.,0.));
#14810 = ORIENTED_EDGE('',*,*,#9481,.T.);
#14811 = ORIENTED_EDGE('',*,*,#14788,.F.);
#14812 = ORIENTED_EDGE('',*,*,#9372,.F.);
#14813 = PLANE('',#14814);
#14814 = AXIS2_PLACEMENT_3D('',#14815,#14816,#14817);
#14815 = CARTESIAN_POINT('',(3.2,3.705,0.15));
#14816 = DIRECTION('',(0.,0.,-1.));
#14817 = DIRECTION('',(-1.,-1.110223024625E-16,-0.));
#14818 = ADVANCED_FACE('',(#14819),#14830,.F.);
#14819 = FACE_BOUND('',#14820,.F.);
#14820 = EDGE_LOOP('',(#14821,#14827,#14828,#14829));
#14821 = ORIENTED_EDGE('',*,*,#14822,.T.);
#14822 = EDGE_CURVE('',#9357,#9466,#14823,.T.);
#14823 = LINE('',#14824,#14825);
#14824 = CARTESIAN_POINT('',(3.2,3.705,-1.665334536938E-16));
#14825 = VECTOR('',#14826,1.);
#14826 = DIRECTION('',(1.110223024625E-16,-1.,0.));
#14827 = ORIENTED_EDGE('',*,*,#9473,.T.);
#14828 = ORIENTED_EDGE('',*,*,#14805,.F.);
#14829 = ORIENTED_EDGE('',*,*,#9364,.F.);
#14830 = PLANE('',#14831);
#14831 = AXIS2_PLACEMENT_3D('',#14832,#14833,#14834);
#14832 = CARTESIAN_POINT('',(3.2,3.705,-1.665334536938E-16));
#14833 = DIRECTION('',(-1.,-1.110223024625E-16,0.));
#14834 = DIRECTION('',(0.,0.,1.));
#14835 = ADVANCED_FACE('',(#14836),#14847,.F.);
#14836 = FACE_BOUND('',#14837,.F.);
#14837 = EDGE_LOOP('',(#14838,#14844,#14845,#14846));
#14838 = ORIENTED_EDGE('',*,*,#14839,.T.);
#14839 = EDGE_CURVE('',#9348,#9457,#14840,.T.);
#14840 = LINE('',#14841,#14842);
#14841 = CARTESIAN_POINT('',(2.780857221624,3.705,-1.665334536938E-16));
#14842 = VECTOR('',#14843,1.);
#14843 = DIRECTION('',(1.110223024625E-16,-1.,0.));
#14844 = ORIENTED_EDGE('',*,*,#9465,.T.);
#14845 = ORIENTED_EDGE('',*,*,#14822,.F.);
#14846 = ORIENTED_EDGE('',*,*,#9356,.F.);
#14847 = PLANE('',#14848);
#14848 = AXIS2_PLACEMENT_3D('',#14849,#14850,#14851);
#14849 = CARTESIAN_POINT('',(2.780857221624,3.705,-1.665334536938E-16));
#14850 = DIRECTION('',(0.,0.,1.));
#14851 = DIRECTION('',(1.,1.110223024625E-16,-0.));
#14852 = ADVANCED_FACE('',(#14853),#14864,.T.);
#14853 = FACE_BOUND('',#14854,.T.);
#14854 = EDGE_LOOP('',(#14855,#14856,#14857,#14858));
#14855 = ORIENTED_EDGE('',*,*,#9347,.T.);
#14856 = ORIENTED_EDGE('',*,*,#14839,.T.);
#14857 = ORIENTED_EDGE('',*,*,#9456,.F.);
#14858 = ORIENTED_EDGE('',*,*,#14859,.F.);
#14859 = EDGE_CURVE('',#9340,#9449,#14860,.T.);
#14860 = LINE('',#14861,#14862);
#14861 = CARTESIAN_POINT('',(2.534655283371,3.705,0.206587955583));
#14862 = VECTOR('',#14863,1.);
#14863 = DIRECTION('',(1.110223024625E-16,-1.,0.));
#14864 = CYLINDRICAL_SURFACE('',#14865,0.25);
#14865 = AXIS2_PLACEMENT_3D('',#14866,#14867,#14868);
#14866 = CARTESIAN_POINT('',(2.780857221624,3.705,0.25));
#14867 = DIRECTION('',(-1.110223024625E-16,1.,0.));
#14868 = DIRECTION('',(-0.984807753012,-1.093356242223E-16,
    -0.173648177667));
#14869 = ADVANCED_FACE('',(#14870),#14876,.F.);
#14870 = FACE_BOUND('',#14871,.F.);
#14871 = EDGE_LOOP('',(#14872,#14873,#14874,#14875));
#14872 = ORIENTED_EDGE('',*,*,#9430,.T.);
#14873 = ORIENTED_EDGE('',*,*,#9448,.T.);
#14874 = ORIENTED_EDGE('',*,*,#14859,.F.);
#14875 = ORIENTED_EDGE('',*,*,#9339,.F.);
#14876 = PLANE('',#14877);
#14877 = AXIS2_PLACEMENT_3D('',#14878,#14879,#14880);
#14878 = CARTESIAN_POINT('',(2.498480775301,3.705,0.442364817767));
#14879 = DIRECTION('',(0.988433898356,1.097382072275E-16,0.151652327974)
  );
#14880 = DIRECTION('',(0.151652327974,1.683679062546E-17,-0.988433898356
    ));
#14881 = ADVANCED_FACE('',(#14882),#14893,.T.);
#14882 = FACE_BOUND('',#14883,.T.);
#14883 = EDGE_LOOP('',(#14884,#14885,#14886,#14887));
#14884 = ORIENTED_EDGE('',*,*,#9620,.T.);
#14885 = ORIENTED_EDGE('',*,*,#12551,.T.);
#14886 = ORIENTED_EDGE('',*,*,#9729,.F.);
#14887 = ORIENTED_EDGE('',*,*,#14888,.F.);
#14888 = EDGE_CURVE('',#9613,#9722,#14889,.T.);
#14889 = LINE('',#14890,#14891);
#14890 = CARTESIAN_POINT('',(2.646201938253,3.055,0.468412044417));
#14891 = VECTOR('',#14892,1.);
#14892 = DIRECTION('',(1.110223024625E-16,-1.,0.));
#14893 = CYLINDRICAL_SURFACE('',#14894,0.25);
#14894 = AXIS2_PLACEMENT_3D('',#14895,#14896,#14897);
#14895 = CARTESIAN_POINT('',(2.4,3.055,0.425));
#14896 = DIRECTION('',(-1.110223024625E-16,1.,0.));
#14897 = DIRECTION('',(0.984807753012,1.093356242223E-16,0.173648177667)
  );
#14898 = ADVANCED_FACE('',(#14899),#14910,.F.);
#14899 = FACE_BOUND('',#14900,.F.);
#14900 = EDGE_LOOP('',(#14901,#14907,#14908,#14909));
#14901 = ORIENTED_EDGE('',*,*,#14902,.T.);
#14902 = EDGE_CURVE('',#9604,#9713,#14903,.T.);
#14903 = LINE('',#14904,#14905);
#14904 = CARTESIAN_POINT('',(2.682376446323,3.055,0.232635182233));
#14905 = VECTOR('',#14906,1.);
#14906 = DIRECTION('',(1.110223024625E-16,-1.,0.));
#14907 = ORIENTED_EDGE('',*,*,#9721,.T.);
#14908 = ORIENTED_EDGE('',*,*,#14888,.F.);
#14909 = ORIENTED_EDGE('',*,*,#9612,.F.);
#14910 = PLANE('',#14911);
#14911 = AXIS2_PLACEMENT_3D('',#14912,#14913,#14914);
#14912 = CARTESIAN_POINT('',(2.682376446323,3.055,0.232635182233));
#14913 = DIRECTION('',(-0.988433898356,-1.097382072275E-16,
    -0.151652327974));
#14914 = DIRECTION('',(-0.151652327974,-1.683679062546E-17,
    0.988433898356));
#14915 = ADVANCED_FACE('',(#14916),#14927,.F.);
#14916 = FACE_BOUND('',#14917,.F.);
#14917 = EDGE_LOOP('',(#14918,#14924,#14925,#14926));
#14918 = ORIENTED_EDGE('',*,*,#14919,.T.);
#14919 = EDGE_CURVE('',#9596,#9705,#14920,.T.);
#14920 = LINE('',#14921,#14922);
#14921 = CARTESIAN_POINT('',(2.780857221624,3.055,0.15));
#14922 = VECTOR('',#14923,1.);
#14923 = DIRECTION('',(1.110223024625E-16,-1.,0.));
#14924 = ORIENTED_EDGE('',*,*,#9712,.T.);
#14925 = ORIENTED_EDGE('',*,*,#14902,.F.);
#14926 = ORIENTED_EDGE('',*,*,#9603,.F.);
#14927 = CYLINDRICAL_SURFACE('',#14928,0.1);
#14928 = AXIS2_PLACEMENT_3D('',#14929,#14930,#14931);
#14929 = CARTESIAN_POINT('',(2.780857221624,3.055,0.25));
#14930 = DIRECTION('',(-1.110223024625E-16,1.,0.));
#14931 = DIRECTION('',(0.,0.,-1.));
#14932 = ADVANCED_FACE('',(#14933),#14944,.F.);
#14933 = FACE_BOUND('',#14934,.F.);
#14934 = EDGE_LOOP('',(#14935,#14941,#14942,#14943));
#14935 = ORIENTED_EDGE('',*,*,#14936,.T.);
#14936 = EDGE_CURVE('',#9588,#9697,#14937,.T.);
#14937 = LINE('',#14938,#14939);
#14938 = CARTESIAN_POINT('',(3.2,3.055,0.15));
#14939 = VECTOR('',#14940,1.);
#14940 = DIRECTION('',(1.110223024625E-16,-1.,0.));
#14941 = ORIENTED_EDGE('',*,*,#9704,.T.);
#14942 = ORIENTED_EDGE('',*,*,#14919,.F.);
#14943 = ORIENTED_EDGE('',*,*,#9595,.F.);
#14944 = PLANE('',#14945);
#14945 = AXIS2_PLACEMENT_3D('',#14946,#14947,#14948);
#14946 = CARTESIAN_POINT('',(3.2,3.055,0.15));
#14947 = DIRECTION('',(0.,0.,-1.));
#14948 = DIRECTION('',(-1.,-1.110223024625E-16,-0.));
#14949 = ADVANCED_FACE('',(#14950),#14961,.F.);
#14950 = FACE_BOUND('',#14951,.F.);
#14951 = EDGE_LOOP('',(#14952,#14958,#14959,#14960));
#14952 = ORIENTED_EDGE('',*,*,#14953,.T.);
#14953 = EDGE_CURVE('',#9580,#9689,#14954,.T.);
#14954 = LINE('',#14955,#14956);
#14955 = CARTESIAN_POINT('',(3.2,3.055,-1.665334536938E-16));
#14956 = VECTOR('',#14957,1.);
#14957 = DIRECTION('',(1.110223024625E-16,-1.,0.));
#14958 = ORIENTED_EDGE('',*,*,#9696,.T.);
#14959 = ORIENTED_EDGE('',*,*,#14936,.F.);
#14960 = ORIENTED_EDGE('',*,*,#9587,.F.);
#14961 = PLANE('',#14962);
#14962 = AXIS2_PLACEMENT_3D('',#14963,#14964,#14965);
#14963 = CARTESIAN_POINT('',(3.2,3.055,-1.665334536938E-16));
#14964 = DIRECTION('',(-1.,-1.110223024625E-16,0.));
#14965 = DIRECTION('',(0.,0.,1.));
#14966 = ADVANCED_FACE('',(#14967),#14978,.F.);
#14967 = FACE_BOUND('',#14968,.F.);
#14968 = EDGE_LOOP('',(#14969,#14975,#14976,#14977));
#14969 = ORIENTED_EDGE('',*,*,#14970,.T.);
#14970 = EDGE_CURVE('',#9571,#9680,#14971,.T.);
#14971 = LINE('',#14972,#14973);
#14972 = CARTESIAN_POINT('',(2.780857221624,3.055,-1.665334536938E-16));
#14973 = VECTOR('',#14974,1.);
#14974 = DIRECTION('',(1.110223024625E-16,-1.,0.));
#14975 = ORIENTED_EDGE('',*,*,#9688,.T.);
#14976 = ORIENTED_EDGE('',*,*,#14953,.F.);
#14977 = ORIENTED_EDGE('',*,*,#9579,.F.);
#14978 = PLANE('',#14979);
#14979 = AXIS2_PLACEMENT_3D('',#14980,#14981,#14982);
#14980 = CARTESIAN_POINT('',(2.780857221624,3.055,-1.665334536938E-16));
#14981 = DIRECTION('',(0.,0.,1.));
#14982 = DIRECTION('',(1.,1.110223024625E-16,-0.));
#14983 = ADVANCED_FACE('',(#14984),#14995,.T.);
#14984 = FACE_BOUND('',#14985,.T.);
#14985 = EDGE_LOOP('',(#14986,#14987,#14988,#14989));
#14986 = ORIENTED_EDGE('',*,*,#9570,.T.);
#14987 = ORIENTED_EDGE('',*,*,#14970,.T.);
#14988 = ORIENTED_EDGE('',*,*,#9679,.F.);
#14989 = ORIENTED_EDGE('',*,*,#14990,.F.);
#14990 = EDGE_CURVE('',#9563,#9672,#14991,.T.);
#14991 = LINE('',#14992,#14993);
#14992 = CARTESIAN_POINT('',(2.534655283371,3.055,0.206587955583));
#14993 = VECTOR('',#14994,1.);
#14994 = DIRECTION('',(1.110223024625E-16,-1.,0.));
#14995 = CYLINDRICAL_SURFACE('',#14996,0.25);
#14996 = AXIS2_PLACEMENT_3D('',#14997,#14998,#14999);
#14997 = CARTESIAN_POINT('',(2.780857221624,3.055,0.25));
#14998 = DIRECTION('',(-1.110223024625E-16,1.,0.));
#14999 = DIRECTION('',(-0.984807753012,-1.093356242223E-16,
    -0.173648177667));
#15000 = ADVANCED_FACE('',(#15001),#15007,.F.);
#15001 = FACE_BOUND('',#15002,.F.);
#15002 = EDGE_LOOP('',(#15003,#15004,#15005,#15006));
#15003 = ORIENTED_EDGE('',*,*,#9653,.T.);
#15004 = ORIENTED_EDGE('',*,*,#9671,.T.);
#15005 = ORIENTED_EDGE('',*,*,#14990,.F.);
#15006 = ORIENTED_EDGE('',*,*,#9562,.F.);
#15007 = PLANE('',#15008);
#15008 = AXIS2_PLACEMENT_3D('',#15009,#15010,#15011);
#15009 = CARTESIAN_POINT('',(2.498480775301,3.055,0.442364817767));
#15010 = DIRECTION('',(0.988433898356,1.097382072275E-16,0.151652327974)
  );
#15011 = DIRECTION('',(0.151652327974,1.683679062546E-17,-0.988433898356
    ));
#15012 = ADVANCED_FACE('',(#15013),#15024,.T.);
#15013 = FACE_BOUND('',#15014,.T.);
#15014 = EDGE_LOOP('',(#15015,#15016,#15017,#15018));
#15015 = ORIENTED_EDGE('',*,*,#9843,.T.);
#15016 = ORIENTED_EDGE('',*,*,#12570,.T.);
#15017 = ORIENTED_EDGE('',*,*,#9952,.F.);
#15018 = ORIENTED_EDGE('',*,*,#15019,.F.);
#15019 = EDGE_CURVE('',#9836,#9945,#15020,.T.);
#15020 = LINE('',#15021,#15022);
#15021 = CARTESIAN_POINT('',(2.646201938253,2.405,0.468412044417));
#15022 = VECTOR('',#15023,1.);
#15023 = DIRECTION('',(1.110223024625E-16,-1.,0.));
#15024 = CYLINDRICAL_SURFACE('',#15025,0.25);
#15025 = AXIS2_PLACEMENT_3D('',#15026,#15027,#15028);
#15026 = CARTESIAN_POINT('',(2.4,2.405,0.425));
#15027 = DIRECTION('',(-1.110223024625E-16,1.,0.));
#15028 = DIRECTION('',(0.984807753012,1.093356242223E-16,0.173648177667)
  );
#15029 = ADVANCED_FACE('',(#15030),#15041,.F.);
#15030 = FACE_BOUND('',#15031,.F.);
#15031 = EDGE_LOOP('',(#15032,#15038,#15039,#15040));
#15032 = ORIENTED_EDGE('',*,*,#15033,.T.);
#15033 = EDGE_CURVE('',#9827,#9936,#15034,.T.);
#15034 = LINE('',#15035,#15036);
#15035 = CARTESIAN_POINT('',(2.682376446323,2.405,0.232635182233));
#15036 = VECTOR('',#15037,1.);
#15037 = DIRECTION('',(1.110223024625E-16,-1.,0.));
#15038 = ORIENTED_EDGE('',*,*,#9944,.T.);
#15039 = ORIENTED_EDGE('',*,*,#15019,.F.);
#15040 = ORIENTED_EDGE('',*,*,#9835,.F.);
#15041 = PLANE('',#15042);
#15042 = AXIS2_PLACEMENT_3D('',#15043,#15044,#15045);
#15043 = CARTESIAN_POINT('',(2.682376446323,2.405,0.232635182233));
#15044 = DIRECTION('',(-0.988433898356,-1.097382072275E-16,
    -0.151652327974));
#15045 = DIRECTION('',(-0.151652327974,-1.683679062546E-17,
    0.988433898356));
#15046 = ADVANCED_FACE('',(#15047),#15058,.F.);
#15047 = FACE_BOUND('',#15048,.F.);
#15048 = EDGE_LOOP('',(#15049,#15055,#15056,#15057));
#15049 = ORIENTED_EDGE('',*,*,#15050,.T.);
#15050 = EDGE_CURVE('',#9819,#9928,#15051,.T.);
#15051 = LINE('',#15052,#15053);
#15052 = CARTESIAN_POINT('',(2.780857221624,2.405,0.15));
#15053 = VECTOR('',#15054,1.);
#15054 = DIRECTION('',(1.110223024625E-16,-1.,0.));
#15055 = ORIENTED_EDGE('',*,*,#9935,.T.);
#15056 = ORIENTED_EDGE('',*,*,#15033,.F.);
#15057 = ORIENTED_EDGE('',*,*,#9826,.F.);
#15058 = CYLINDRICAL_SURFACE('',#15059,0.1);
#15059 = AXIS2_PLACEMENT_3D('',#15060,#15061,#15062);
#15060 = CARTESIAN_POINT('',(2.780857221624,2.405,0.25));
#15061 = DIRECTION('',(-1.110223024625E-16,1.,0.));
#15062 = DIRECTION('',(0.,0.,-1.));
#15063 = ADVANCED_FACE('',(#15064),#15075,.F.);
#15064 = FACE_BOUND('',#15065,.F.);
#15065 = EDGE_LOOP('',(#15066,#15072,#15073,#15074));
#15066 = ORIENTED_EDGE('',*,*,#15067,.T.);
#15067 = EDGE_CURVE('',#9811,#9920,#15068,.T.);
#15068 = LINE('',#15069,#15070);
#15069 = CARTESIAN_POINT('',(3.2,2.405,0.15));
#15070 = VECTOR('',#15071,1.);
#15071 = DIRECTION('',(1.110223024625E-16,-1.,0.));
#15072 = ORIENTED_EDGE('',*,*,#9927,.T.);
#15073 = ORIENTED_EDGE('',*,*,#15050,.F.);
#15074 = ORIENTED_EDGE('',*,*,#9818,.F.);
#15075 = PLANE('',#15076);
#15076 = AXIS2_PLACEMENT_3D('',#15077,#15078,#15079);
#15077 = CARTESIAN_POINT('',(3.2,2.405,0.15));
#15078 = DIRECTION('',(0.,0.,-1.));
#15079 = DIRECTION('',(-1.,-1.110223024625E-16,-0.));
#15080 = ADVANCED_FACE('',(#15081),#15092,.F.);
#15081 = FACE_BOUND('',#15082,.F.);
#15082 = EDGE_LOOP('',(#15083,#15089,#15090,#15091));
#15083 = ORIENTED_EDGE('',*,*,#15084,.T.);
#15084 = EDGE_CURVE('',#9803,#9912,#15085,.T.);
#15085 = LINE('',#15086,#15087);
#15086 = CARTESIAN_POINT('',(3.2,2.405,-1.665334536938E-16));
#15087 = VECTOR('',#15088,1.);
#15088 = DIRECTION('',(1.110223024625E-16,-1.,0.));
#15089 = ORIENTED_EDGE('',*,*,#9919,.T.);
#15090 = ORIENTED_EDGE('',*,*,#15067,.F.);
#15091 = ORIENTED_EDGE('',*,*,#9810,.F.);
#15092 = PLANE('',#15093);
#15093 = AXIS2_PLACEMENT_3D('',#15094,#15095,#15096);
#15094 = CARTESIAN_POINT('',(3.2,2.405,-1.665334536938E-16));
#15095 = DIRECTION('',(-1.,-1.110223024625E-16,0.));
#15096 = DIRECTION('',(0.,0.,1.));
#15097 = ADVANCED_FACE('',(#15098),#15109,.F.);
#15098 = FACE_BOUND('',#15099,.F.);
#15099 = EDGE_LOOP('',(#15100,#15106,#15107,#15108));
#15100 = ORIENTED_EDGE('',*,*,#15101,.T.);
#15101 = EDGE_CURVE('',#9794,#9903,#15102,.T.);
#15102 = LINE('',#15103,#15104);
#15103 = CARTESIAN_POINT('',(2.780857221624,2.405,-1.665334536938E-16));
#15104 = VECTOR('',#15105,1.);
#15105 = DIRECTION('',(1.110223024625E-16,-1.,0.));
#15106 = ORIENTED_EDGE('',*,*,#9911,.T.);
#15107 = ORIENTED_EDGE('',*,*,#15084,.F.);
#15108 = ORIENTED_EDGE('',*,*,#9802,.F.);
#15109 = PLANE('',#15110);
#15110 = AXIS2_PLACEMENT_3D('',#15111,#15112,#15113);
#15111 = CARTESIAN_POINT('',(2.780857221624,2.405,-1.665334536938E-16));
#15112 = DIRECTION('',(0.,0.,1.));
#15113 = DIRECTION('',(1.,1.110223024625E-16,-0.));
#15114 = ADVANCED_FACE('',(#15115),#15126,.T.);
#15115 = FACE_BOUND('',#15116,.T.);
#15116 = EDGE_LOOP('',(#15117,#15118,#15119,#15120));
#15117 = ORIENTED_EDGE('',*,*,#9793,.T.);
#15118 = ORIENTED_EDGE('',*,*,#15101,.T.);
#15119 = ORIENTED_EDGE('',*,*,#9902,.F.);
#15120 = ORIENTED_EDGE('',*,*,#15121,.F.);
#15121 = EDGE_CURVE('',#9786,#9895,#15122,.T.);
#15122 = LINE('',#15123,#15124);
#15123 = CARTESIAN_POINT('',(2.534655283371,2.405,0.206587955583));
#15124 = VECTOR('',#15125,1.);
#15125 = DIRECTION('',(1.110223024625E-16,-1.,0.));
#15126 = CYLINDRICAL_SURFACE('',#15127,0.25);
#15127 = AXIS2_PLACEMENT_3D('',#15128,#15129,#15130);
#15128 = CARTESIAN_POINT('',(2.780857221624,2.405,0.25));
#15129 = DIRECTION('',(-1.110223024625E-16,1.,0.));
#15130 = DIRECTION('',(-0.984807753012,-1.093356242223E-16,
    -0.173648177667));
#15131 = ADVANCED_FACE('',(#15132),#15138,.F.);
#15132 = FACE_BOUND('',#15133,.F.);
#15133 = EDGE_LOOP('',(#15134,#15135,#15136,#15137));
#15134 = ORIENTED_EDGE('',*,*,#9876,.T.);
#15135 = ORIENTED_EDGE('',*,*,#9894,.T.);
#15136 = ORIENTED_EDGE('',*,*,#15121,.F.);
#15137 = ORIENTED_EDGE('',*,*,#9785,.F.);
#15138 = PLANE('',#15139);
#15139 = AXIS2_PLACEMENT_3D('',#15140,#15141,#15142);
#15140 = CARTESIAN_POINT('',(2.498480775301,2.405,0.442364817767));
#15141 = DIRECTION('',(0.988433898356,1.097382072275E-16,0.151652327974)
  );
#15142 = DIRECTION('',(0.151652327974,1.683679062546E-17,-0.988433898356
    ));
#15143 = ADVANCED_FACE('',(#15144),#15155,.T.);
#15144 = FACE_BOUND('',#15145,.T.);
#15145 = EDGE_LOOP('',(#15146,#15147,#15148,#15149));
#15146 = ORIENTED_EDGE('',*,*,#10066,.T.);
#15147 = ORIENTED_EDGE('',*,*,#12589,.T.);
#15148 = ORIENTED_EDGE('',*,*,#10175,.F.);
#15149 = ORIENTED_EDGE('',*,*,#15150,.F.);
#15150 = EDGE_CURVE('',#10059,#10168,#15151,.T.);
#15151 = LINE('',#15152,#15153);
#15152 = CARTESIAN_POINT('',(2.646201938253,1.755,0.468412044417));
#15153 = VECTOR('',#15154,1.);
#15154 = DIRECTION('',(1.110223024625E-16,-1.,0.));
#15155 = CYLINDRICAL_SURFACE('',#15156,0.25);
#15156 = AXIS2_PLACEMENT_3D('',#15157,#15158,#15159);
#15157 = CARTESIAN_POINT('',(2.4,1.755,0.425));
#15158 = DIRECTION('',(-1.110223024625E-16,1.,0.));
#15159 = DIRECTION('',(0.984807753012,1.093356242223E-16,0.173648177667)
  );
#15160 = ADVANCED_FACE('',(#15161),#15172,.F.);
#15161 = FACE_BOUND('',#15162,.F.);
#15162 = EDGE_LOOP('',(#15163,#15169,#15170,#15171));
#15163 = ORIENTED_EDGE('',*,*,#15164,.T.);
#15164 = EDGE_CURVE('',#10050,#10159,#15165,.T.);
#15165 = LINE('',#15166,#15167);
#15166 = CARTESIAN_POINT('',(2.682376446323,1.755,0.232635182233));
#15167 = VECTOR('',#15168,1.);
#15168 = DIRECTION('',(1.110223024625E-16,-1.,0.));
#15169 = ORIENTED_EDGE('',*,*,#10167,.T.);
#15170 = ORIENTED_EDGE('',*,*,#15150,.F.);
#15171 = ORIENTED_EDGE('',*,*,#10058,.F.);
#15172 = PLANE('',#15173);
#15173 = AXIS2_PLACEMENT_3D('',#15174,#15175,#15176);
#15174 = CARTESIAN_POINT('',(2.682376446323,1.755,0.232635182233));
#15175 = DIRECTION('',(-0.988433898356,-1.097382072275E-16,
    -0.151652327974));
#15176 = DIRECTION('',(-0.151652327974,-1.683679062546E-17,
    0.988433898356));
#15177 = ADVANCED_FACE('',(#15178),#15189,.F.);
#15178 = FACE_BOUND('',#15179,.F.);
#15179 = EDGE_LOOP('',(#15180,#15186,#15187,#15188));
#15180 = ORIENTED_EDGE('',*,*,#15181,.T.);
#15181 = EDGE_CURVE('',#10042,#10151,#15182,.T.);
#15182 = LINE('',#15183,#15184);
#15183 = CARTESIAN_POINT('',(2.780857221624,1.755,0.15));
#15184 = VECTOR('',#15185,1.);
#15185 = DIRECTION('',(1.110223024625E-16,-1.,0.));
#15186 = ORIENTED_EDGE('',*,*,#10158,.T.);
#15187 = ORIENTED_EDGE('',*,*,#15164,.F.);
#15188 = ORIENTED_EDGE('',*,*,#10049,.F.);
#15189 = CYLINDRICAL_SURFACE('',#15190,0.1);
#15190 = AXIS2_PLACEMENT_3D('',#15191,#15192,#15193);
#15191 = CARTESIAN_POINT('',(2.780857221624,1.755,0.25));
#15192 = DIRECTION('',(-1.110223024625E-16,1.,0.));
#15193 = DIRECTION('',(0.,0.,-1.));
#15194 = ADVANCED_FACE('',(#15195),#15206,.F.);
#15195 = FACE_BOUND('',#15196,.F.);
#15196 = EDGE_LOOP('',(#15197,#15203,#15204,#15205));
#15197 = ORIENTED_EDGE('',*,*,#15198,.T.);
#15198 = EDGE_CURVE('',#10034,#10143,#15199,.T.);
#15199 = LINE('',#15200,#15201);
#15200 = CARTESIAN_POINT('',(3.2,1.755,0.15));
#15201 = VECTOR('',#15202,1.);
#15202 = DIRECTION('',(1.110223024625E-16,-1.,0.));
#15203 = ORIENTED_EDGE('',*,*,#10150,.T.);
#15204 = ORIENTED_EDGE('',*,*,#15181,.F.);
#15205 = ORIENTED_EDGE('',*,*,#10041,.F.);
#15206 = PLANE('',#15207);
#15207 = AXIS2_PLACEMENT_3D('',#15208,#15209,#15210);
#15208 = CARTESIAN_POINT('',(3.2,1.755,0.15));
#15209 = DIRECTION('',(0.,0.,-1.));
#15210 = DIRECTION('',(-1.,-1.110223024625E-16,-0.));
#15211 = ADVANCED_FACE('',(#15212),#15223,.F.);
#15212 = FACE_BOUND('',#15213,.F.);
#15213 = EDGE_LOOP('',(#15214,#15220,#15221,#15222));
#15214 = ORIENTED_EDGE('',*,*,#15215,.T.);
#15215 = EDGE_CURVE('',#10026,#10135,#15216,.T.);
#15216 = LINE('',#15217,#15218);
#15217 = CARTESIAN_POINT('',(3.2,1.755,-1.665334536938E-16));
#15218 = VECTOR('',#15219,1.);
#15219 = DIRECTION('',(1.110223024625E-16,-1.,0.));
#15220 = ORIENTED_EDGE('',*,*,#10142,.T.);
#15221 = ORIENTED_EDGE('',*,*,#15198,.F.);
#15222 = ORIENTED_EDGE('',*,*,#10033,.F.);
#15223 = PLANE('',#15224);
#15224 = AXIS2_PLACEMENT_3D('',#15225,#15226,#15227);
#15225 = CARTESIAN_POINT('',(3.2,1.755,-1.665334536938E-16));
#15226 = DIRECTION('',(-1.,-1.110223024625E-16,0.));
#15227 = DIRECTION('',(0.,0.,1.));
#15228 = ADVANCED_FACE('',(#15229),#15240,.F.);
#15229 = FACE_BOUND('',#15230,.F.);
#15230 = EDGE_LOOP('',(#15231,#15237,#15238,#15239));
#15231 = ORIENTED_EDGE('',*,*,#15232,.T.);
#15232 = EDGE_CURVE('',#10017,#10126,#15233,.T.);
#15233 = LINE('',#15234,#15235);
#15234 = CARTESIAN_POINT('',(2.780857221624,1.755,-1.665334536938E-16));
#15235 = VECTOR('',#15236,1.);
#15236 = DIRECTION('',(1.110223024625E-16,-1.,0.));
#15237 = ORIENTED_EDGE('',*,*,#10134,.T.);
#15238 = ORIENTED_EDGE('',*,*,#15215,.F.);
#15239 = ORIENTED_EDGE('',*,*,#10025,.F.);
#15240 = PLANE('',#15241);
#15241 = AXIS2_PLACEMENT_3D('',#15242,#15243,#15244);
#15242 = CARTESIAN_POINT('',(2.780857221624,1.755,-1.665334536938E-16));
#15243 = DIRECTION('',(0.,0.,1.));
#15244 = DIRECTION('',(1.,1.110223024625E-16,-0.));
#15245 = ADVANCED_FACE('',(#15246),#15257,.T.);
#15246 = FACE_BOUND('',#15247,.T.);
#15247 = EDGE_LOOP('',(#15248,#15249,#15250,#15251));
#15248 = ORIENTED_EDGE('',*,*,#10016,.T.);
#15249 = ORIENTED_EDGE('',*,*,#15232,.T.);
#15250 = ORIENTED_EDGE('',*,*,#10125,.F.);
#15251 = ORIENTED_EDGE('',*,*,#15252,.F.);
#15252 = EDGE_CURVE('',#10009,#10118,#15253,.T.);
#15253 = LINE('',#15254,#15255);
#15254 = CARTESIAN_POINT('',(2.534655283371,1.755,0.206587955583));
#15255 = VECTOR('',#15256,1.);
#15256 = DIRECTION('',(1.110223024625E-16,-1.,0.));
#15257 = CYLINDRICAL_SURFACE('',#15258,0.25);
#15258 = AXIS2_PLACEMENT_3D('',#15259,#15260,#15261);
#15259 = CARTESIAN_POINT('',(2.780857221624,1.755,0.25));
#15260 = DIRECTION('',(-1.110223024625E-16,1.,0.));
#15261 = DIRECTION('',(-0.984807753012,-1.093356242223E-16,
    -0.173648177667));
#15262 = ADVANCED_FACE('',(#15263),#15269,.F.);
#15263 = FACE_BOUND('',#15264,.F.);
#15264 = EDGE_LOOP('',(#15265,#15266,#15267,#15268));
#15265 = ORIENTED_EDGE('',*,*,#10099,.T.);
#15266 = ORIENTED_EDGE('',*,*,#10117,.T.);
#15267 = ORIENTED_EDGE('',*,*,#15252,.F.);
#15268 = ORIENTED_EDGE('',*,*,#10008,.F.);
#15269 = PLANE('',#15270);
#15270 = AXIS2_PLACEMENT_3D('',#15271,#15272,#15273);
#15271 = CARTESIAN_POINT('',(2.498480775301,1.755,0.442364817767));
#15272 = DIRECTION('',(0.988433898356,1.097382072275E-16,0.151652327974)
  );
#15273 = DIRECTION('',(0.151652327974,1.683679062546E-17,-0.988433898356
    ));
#15274 = ADVANCED_FACE('',(#15275),#15286,.T.);
#15275 = FACE_BOUND('',#15276,.T.);
#15276 = EDGE_LOOP('',(#15277,#15278,#15279,#15280));
#15277 = ORIENTED_EDGE('',*,*,#10289,.T.);
#15278 = ORIENTED_EDGE('',*,*,#12608,.T.);
#15279 = ORIENTED_EDGE('',*,*,#10398,.F.);
#15280 = ORIENTED_EDGE('',*,*,#15281,.F.);
#15281 = EDGE_CURVE('',#10282,#10391,#15282,.T.);
#15282 = LINE('',#15283,#15284);
#15283 = CARTESIAN_POINT('',(2.646201938253,1.105,0.468412044417));
#15284 = VECTOR('',#15285,1.);
#15285 = DIRECTION('',(1.110223024625E-16,-1.,0.));
#15286 = CYLINDRICAL_SURFACE('',#15287,0.25);
#15287 = AXIS2_PLACEMENT_3D('',#15288,#15289,#15290);
#15288 = CARTESIAN_POINT('',(2.4,1.105,0.425));
#15289 = DIRECTION('',(-1.110223024625E-16,1.,0.));
#15290 = DIRECTION('',(0.984807753012,1.093356242223E-16,0.173648177667)
  );
#15291 = ADVANCED_FACE('',(#15292),#15303,.F.);
#15292 = FACE_BOUND('',#15293,.F.);
#15293 = EDGE_LOOP('',(#15294,#15300,#15301,#15302));
#15294 = ORIENTED_EDGE('',*,*,#15295,.T.);
#15295 = EDGE_CURVE('',#10273,#10382,#15296,.T.);
#15296 = LINE('',#15297,#15298);
#15297 = CARTESIAN_POINT('',(2.682376446323,1.105,0.232635182233));
#15298 = VECTOR('',#15299,1.);
#15299 = DIRECTION('',(1.110223024625E-16,-1.,0.));
#15300 = ORIENTED_EDGE('',*,*,#10390,.T.);
#15301 = ORIENTED_EDGE('',*,*,#15281,.F.);
#15302 = ORIENTED_EDGE('',*,*,#10281,.F.);
#15303 = PLANE('',#15304);
#15304 = AXIS2_PLACEMENT_3D('',#15305,#15306,#15307);
#15305 = CARTESIAN_POINT('',(2.682376446323,1.105,0.232635182233));
#15306 = DIRECTION('',(-0.988433898356,-1.097382072275E-16,
    -0.151652327974));
#15307 = DIRECTION('',(-0.151652327974,-1.683679062546E-17,
    0.988433898356));
#15308 = ADVANCED_FACE('',(#15309),#15320,.F.);
#15309 = FACE_BOUND('',#15310,.F.);
#15310 = EDGE_LOOP('',(#15311,#15317,#15318,#15319));
#15311 = ORIENTED_EDGE('',*,*,#15312,.T.);
#15312 = EDGE_CURVE('',#10265,#10374,#15313,.T.);
#15313 = LINE('',#15314,#15315);
#15314 = CARTESIAN_POINT('',(2.780857221624,1.105,0.15));
#15315 = VECTOR('',#15316,1.);
#15316 = DIRECTION('',(1.110223024625E-16,-1.,0.));
#15317 = ORIENTED_EDGE('',*,*,#10381,.T.);
#15318 = ORIENTED_EDGE('',*,*,#15295,.F.);
#15319 = ORIENTED_EDGE('',*,*,#10272,.F.);
#15320 = CYLINDRICAL_SURFACE('',#15321,0.1);
#15321 = AXIS2_PLACEMENT_3D('',#15322,#15323,#15324);
#15322 = CARTESIAN_POINT('',(2.780857221624,1.105,0.25));
#15323 = DIRECTION('',(-1.110223024625E-16,1.,0.));
#15324 = DIRECTION('',(0.,0.,-1.));
#15325 = ADVANCED_FACE('',(#15326),#15337,.F.);
#15326 = FACE_BOUND('',#15327,.F.);
#15327 = EDGE_LOOP('',(#15328,#15334,#15335,#15336));
#15328 = ORIENTED_EDGE('',*,*,#15329,.T.);
#15329 = EDGE_CURVE('',#10257,#10366,#15330,.T.);
#15330 = LINE('',#15331,#15332);
#15331 = CARTESIAN_POINT('',(3.2,1.105,0.15));
#15332 = VECTOR('',#15333,1.);
#15333 = DIRECTION('',(1.110223024625E-16,-1.,0.));
#15334 = ORIENTED_EDGE('',*,*,#10373,.T.);
#15335 = ORIENTED_EDGE('',*,*,#15312,.F.);
#15336 = ORIENTED_EDGE('',*,*,#10264,.F.);
#15337 = PLANE('',#15338);
#15338 = AXIS2_PLACEMENT_3D('',#15339,#15340,#15341);
#15339 = CARTESIAN_POINT('',(3.2,1.105,0.15));
#15340 = DIRECTION('',(0.,0.,-1.));
#15341 = DIRECTION('',(-1.,-1.110223024625E-16,-0.));
#15342 = ADVANCED_FACE('',(#15343),#15354,.F.);
#15343 = FACE_BOUND('',#15344,.F.);
#15344 = EDGE_LOOP('',(#15345,#15351,#15352,#15353));
#15345 = ORIENTED_EDGE('',*,*,#15346,.T.);
#15346 = EDGE_CURVE('',#10249,#10358,#15347,.T.);
#15347 = LINE('',#15348,#15349);
#15348 = CARTESIAN_POINT('',(3.2,1.105,-1.665334536938E-16));
#15349 = VECTOR('',#15350,1.);
#15350 = DIRECTION('',(1.110223024625E-16,-1.,0.));
#15351 = ORIENTED_EDGE('',*,*,#10365,.T.);
#15352 = ORIENTED_EDGE('',*,*,#15329,.F.);
#15353 = ORIENTED_EDGE('',*,*,#10256,.F.);
#15354 = PLANE('',#15355);
#15355 = AXIS2_PLACEMENT_3D('',#15356,#15357,#15358);
#15356 = CARTESIAN_POINT('',(3.2,1.105,-1.665334536938E-16));
#15357 = DIRECTION('',(-1.,-1.110223024625E-16,0.));
#15358 = DIRECTION('',(0.,0.,1.));
#15359 = ADVANCED_FACE('',(#15360),#15371,.F.);
#15360 = FACE_BOUND('',#15361,.F.);
#15361 = EDGE_LOOP('',(#15362,#15368,#15369,#15370));
#15362 = ORIENTED_EDGE('',*,*,#15363,.T.);
#15363 = EDGE_CURVE('',#10240,#10349,#15364,.T.);
#15364 = LINE('',#15365,#15366);
#15365 = CARTESIAN_POINT('',(2.780857221624,1.105,-1.665334536938E-16));
#15366 = VECTOR('',#15367,1.);
#15367 = DIRECTION('',(1.110223024625E-16,-1.,0.));
#15368 = ORIENTED_EDGE('',*,*,#10357,.T.);
#15369 = ORIENTED_EDGE('',*,*,#15346,.F.);
#15370 = ORIENTED_EDGE('',*,*,#10248,.F.);
#15371 = PLANE('',#15372);
#15372 = AXIS2_PLACEMENT_3D('',#15373,#15374,#15375);
#15373 = CARTESIAN_POINT('',(2.780857221624,1.105,-1.665334536938E-16));
#15374 = DIRECTION('',(0.,0.,1.));
#15375 = DIRECTION('',(1.,1.110223024625E-16,-0.));
#15376 = ADVANCED_FACE('',(#15377),#15388,.T.);
#15377 = FACE_BOUND('',#15378,.T.);
#15378 = EDGE_LOOP('',(#15379,#15380,#15381,#15382));
#15379 = ORIENTED_EDGE('',*,*,#10239,.T.);
#15380 = ORIENTED_EDGE('',*,*,#15363,.T.);
#15381 = ORIENTED_EDGE('',*,*,#10348,.F.);
#15382 = ORIENTED_EDGE('',*,*,#15383,.F.);
#15383 = EDGE_CURVE('',#10232,#10341,#15384,.T.);
#15384 = LINE('',#15385,#15386);
#15385 = CARTESIAN_POINT('',(2.534655283371,1.105,0.206587955583));
#15386 = VECTOR('',#15387,1.);
#15387 = DIRECTION('',(1.110223024625E-16,-1.,0.));
#15388 = CYLINDRICAL_SURFACE('',#15389,0.25);
#15389 = AXIS2_PLACEMENT_3D('',#15390,#15391,#15392);
#15390 = CARTESIAN_POINT('',(2.780857221624,1.105,0.25));
#15391 = DIRECTION('',(-1.110223024625E-16,1.,0.));
#15392 = DIRECTION('',(-0.984807753012,-1.093356242223E-16,
    -0.173648177667));
#15393 = ADVANCED_FACE('',(#15394),#15400,.F.);
#15394 = FACE_BOUND('',#15395,.F.);
#15395 = EDGE_LOOP('',(#15396,#15397,#15398,#15399));
#15396 = ORIENTED_EDGE('',*,*,#10322,.T.);
#15397 = ORIENTED_EDGE('',*,*,#10340,.T.);
#15398 = ORIENTED_EDGE('',*,*,#15383,.F.);
#15399 = ORIENTED_EDGE('',*,*,#10231,.F.);
#15400 = PLANE('',#15401);
#15401 = AXIS2_PLACEMENT_3D('',#15402,#15403,#15404);
#15402 = CARTESIAN_POINT('',(2.498480775301,1.105,0.442364817767));
#15403 = DIRECTION('',(0.988433898356,1.097382072275E-16,0.151652327974)
  );
#15404 = DIRECTION('',(0.151652327974,1.683679062546E-17,-0.988433898356
    ));
#15405 = ADVANCED_FACE('',(#15406),#15417,.T.);
#15406 = FACE_BOUND('',#15407,.T.);
#15407 = EDGE_LOOP('',(#15408,#15409,#15410,#15411));
#15408 = ORIENTED_EDGE('',*,*,#10512,.T.);
#15409 = ORIENTED_EDGE('',*,*,#12627,.T.);
#15410 = ORIENTED_EDGE('',*,*,#10621,.F.);
#15411 = ORIENTED_EDGE('',*,*,#15412,.F.);
#15412 = EDGE_CURVE('',#10505,#10614,#15413,.T.);
#15413 = LINE('',#15414,#15415);
#15414 = CARTESIAN_POINT('',(2.646201938253,0.455,0.468412044417));
#15415 = VECTOR('',#15416,1.);
#15416 = DIRECTION('',(1.110223024625E-16,-1.,0.));
#15417 = CYLINDRICAL_SURFACE('',#15418,0.25);
#15418 = AXIS2_PLACEMENT_3D('',#15419,#15420,#15421);
#15419 = CARTESIAN_POINT('',(2.4,0.455,0.425));
#15420 = DIRECTION('',(-1.110223024625E-16,1.,0.));
#15421 = DIRECTION('',(0.984807753012,1.093356242223E-16,0.173648177667)
  );
#15422 = ADVANCED_FACE('',(#15423),#15434,.F.);
#15423 = FACE_BOUND('',#15424,.F.);
#15424 = EDGE_LOOP('',(#15425,#15431,#15432,#15433));
#15425 = ORIENTED_EDGE('',*,*,#15426,.T.);
#15426 = EDGE_CURVE('',#10496,#10605,#15427,.T.);
#15427 = LINE('',#15428,#15429);
#15428 = CARTESIAN_POINT('',(2.682376446323,0.455,0.232635182233));
#15429 = VECTOR('',#15430,1.);
#15430 = DIRECTION('',(1.110223024625E-16,-1.,0.));
#15431 = ORIENTED_EDGE('',*,*,#10613,.T.);
#15432 = ORIENTED_EDGE('',*,*,#15412,.F.);
#15433 = ORIENTED_EDGE('',*,*,#10504,.F.);
#15434 = PLANE('',#15435);
#15435 = AXIS2_PLACEMENT_3D('',#15436,#15437,#15438);
#15436 = CARTESIAN_POINT('',(2.682376446323,0.455,0.232635182233));
#15437 = DIRECTION('',(-0.988433898356,-1.097382072275E-16,
    -0.151652327974));
#15438 = DIRECTION('',(-0.151652327974,-1.683679062546E-17,
    0.988433898356));
#15439 = ADVANCED_FACE('',(#15440),#15451,.F.);
#15440 = FACE_BOUND('',#15441,.F.);
#15441 = EDGE_LOOP('',(#15442,#15448,#15449,#15450));
#15442 = ORIENTED_EDGE('',*,*,#15443,.T.);
#15443 = EDGE_CURVE('',#10488,#10597,#15444,.T.);
#15444 = LINE('',#15445,#15446);
#15445 = CARTESIAN_POINT('',(2.780857221624,0.455,0.15));
#15446 = VECTOR('',#15447,1.);
#15447 = DIRECTION('',(1.110223024625E-16,-1.,0.));
#15448 = ORIENTED_EDGE('',*,*,#10604,.T.);
#15449 = ORIENTED_EDGE('',*,*,#15426,.F.);
#15450 = ORIENTED_EDGE('',*,*,#10495,.F.);
#15451 = CYLINDRICAL_SURFACE('',#15452,0.1);
#15452 = AXIS2_PLACEMENT_3D('',#15453,#15454,#15455);
#15453 = CARTESIAN_POINT('',(2.780857221624,0.455,0.25));
#15454 = DIRECTION('',(-1.110223024625E-16,1.,0.));
#15455 = DIRECTION('',(0.,0.,-1.));
#15456 = ADVANCED_FACE('',(#15457),#15468,.F.);
#15457 = FACE_BOUND('',#15458,.F.);
#15458 = EDGE_LOOP('',(#15459,#15465,#15466,#15467));
#15459 = ORIENTED_EDGE('',*,*,#15460,.T.);
#15460 = EDGE_CURVE('',#10480,#10589,#15461,.T.);
#15461 = LINE('',#15462,#15463);
#15462 = CARTESIAN_POINT('',(3.2,0.455,0.15));
#15463 = VECTOR('',#15464,1.);
#15464 = DIRECTION('',(1.110223024625E-16,-1.,0.));
#15465 = ORIENTED_EDGE('',*,*,#10596,.T.);
#15466 = ORIENTED_EDGE('',*,*,#15443,.F.);
#15467 = ORIENTED_EDGE('',*,*,#10487,.F.);
#15468 = PLANE('',#15469);
#15469 = AXIS2_PLACEMENT_3D('',#15470,#15471,#15472);
#15470 = CARTESIAN_POINT('',(3.2,0.455,0.15));
#15471 = DIRECTION('',(0.,0.,-1.));
#15472 = DIRECTION('',(-1.,-1.110223024625E-16,-0.));
#15473 = ADVANCED_FACE('',(#15474),#15485,.F.);
#15474 = FACE_BOUND('',#15475,.F.);
#15475 = EDGE_LOOP('',(#15476,#15482,#15483,#15484));
#15476 = ORIENTED_EDGE('',*,*,#15477,.T.);
#15477 = EDGE_CURVE('',#10472,#10581,#15478,.T.);
#15478 = LINE('',#15479,#15480);
#15479 = CARTESIAN_POINT('',(3.2,0.455,-1.665334536938E-16));
#15480 = VECTOR('',#15481,1.);
#15481 = DIRECTION('',(1.110223024625E-16,-1.,0.));
#15482 = ORIENTED_EDGE('',*,*,#10588,.T.);
#15483 = ORIENTED_EDGE('',*,*,#15460,.F.);
#15484 = ORIENTED_EDGE('',*,*,#10479,.F.);
#15485 = PLANE('',#15486);
#15486 = AXIS2_PLACEMENT_3D('',#15487,#15488,#15489);
#15487 = CARTESIAN_POINT('',(3.2,0.455,-1.665334536938E-16));
#15488 = DIRECTION('',(-1.,-1.110223024625E-16,0.));
#15489 = DIRECTION('',(0.,0.,1.));
#15490 = ADVANCED_FACE('',(#15491),#15502,.F.);
#15491 = FACE_BOUND('',#15492,.F.);
#15492 = EDGE_LOOP('',(#15493,#15499,#15500,#15501));
#15493 = ORIENTED_EDGE('',*,*,#15494,.T.);
#15494 = EDGE_CURVE('',#10463,#10572,#15495,.T.);
#15495 = LINE('',#15496,#15497);
#15496 = CARTESIAN_POINT('',(2.780857221624,0.455,-1.665334536938E-16));
#15497 = VECTOR('',#15498,1.);
#15498 = DIRECTION('',(1.110223024625E-16,-1.,0.));
#15499 = ORIENTED_EDGE('',*,*,#10580,.T.);
#15500 = ORIENTED_EDGE('',*,*,#15477,.F.);
#15501 = ORIENTED_EDGE('',*,*,#10471,.F.);
#15502 = PLANE('',#15503);
#15503 = AXIS2_PLACEMENT_3D('',#15504,#15505,#15506);
#15504 = CARTESIAN_POINT('',(2.780857221624,0.455,-1.665334536938E-16));
#15505 = DIRECTION('',(0.,0.,1.));
#15506 = DIRECTION('',(1.,1.110223024625E-16,-0.));
#15507 = ADVANCED_FACE('',(#15508),#15519,.T.);
#15508 = FACE_BOUND('',#15509,.T.);
#15509 = EDGE_LOOP('',(#15510,#15511,#15512,#15513));
#15510 = ORIENTED_EDGE('',*,*,#10462,.T.);
#15511 = ORIENTED_EDGE('',*,*,#15494,.T.);
#15512 = ORIENTED_EDGE('',*,*,#10571,.F.);
#15513 = ORIENTED_EDGE('',*,*,#15514,.F.);
#15514 = EDGE_CURVE('',#10455,#10564,#15515,.T.);
#15515 = LINE('',#15516,#15517);
#15516 = CARTESIAN_POINT('',(2.534655283371,0.455,0.206587955583));
#15517 = VECTOR('',#15518,1.);
#15518 = DIRECTION('',(1.110223024625E-16,-1.,0.));
#15519 = CYLINDRICAL_SURFACE('',#15520,0.25);
#15520 = AXIS2_PLACEMENT_3D('',#15521,#15522,#15523);
#15521 = CARTESIAN_POINT('',(2.780857221624,0.455,0.25));
#15522 = DIRECTION('',(-1.110223024625E-16,1.,0.));
#15523 = DIRECTION('',(-0.984807753012,-1.093356242223E-16,
    -0.173648177667));
#15524 = ADVANCED_FACE('',(#15525),#15531,.F.);
#15525 = FACE_BOUND('',#15526,.F.);
#15526 = EDGE_LOOP('',(#15527,#15528,#15529,#15530));
#15527 = ORIENTED_EDGE('',*,*,#10545,.T.);
#15528 = ORIENTED_EDGE('',*,*,#10563,.T.);
#15529 = ORIENTED_EDGE('',*,*,#15514,.F.);
#15530 = ORIENTED_EDGE('',*,*,#10454,.F.);
#15531 = PLANE('',#15532);
#15532 = AXIS2_PLACEMENT_3D('',#15533,#15534,#15535);
#15533 = CARTESIAN_POINT('',(2.498480775301,0.455,0.442364817767));
#15534 = DIRECTION('',(0.988433898356,1.097382072275E-16,0.151652327974)
  );
#15535 = DIRECTION('',(0.151652327974,1.683679062546E-17,-0.988433898356
    ));
#15536 = ADVANCED_FACE('',(#15537),#15548,.T.);
#15537 = FACE_BOUND('',#15538,.T.);
#15538 = EDGE_LOOP('',(#15539,#15540,#15541,#15542));
#15539 = ORIENTED_EDGE('',*,*,#10735,.T.);
#15540 = ORIENTED_EDGE('',*,*,#12646,.T.);
#15541 = ORIENTED_EDGE('',*,*,#10844,.F.);
#15542 = ORIENTED_EDGE('',*,*,#15543,.F.);
#15543 = EDGE_CURVE('',#10728,#10837,#15544,.T.);
#15544 = LINE('',#15545,#15546);
#15545 = CARTESIAN_POINT('',(2.646201938253,-0.195,0.468412044417));
#15546 = VECTOR('',#15547,1.);
#15547 = DIRECTION('',(1.110223024625E-16,-1.,0.));
#15548 = CYLINDRICAL_SURFACE('',#15549,0.25);
#15549 = AXIS2_PLACEMENT_3D('',#15550,#15551,#15552);
#15550 = CARTESIAN_POINT('',(2.4,-0.195,0.425));
#15551 = DIRECTION('',(-1.110223024625E-16,1.,0.));
#15552 = DIRECTION('',(0.984807753012,1.093356242223E-16,0.173648177667)
  );
#15553 = ADVANCED_FACE('',(#15554),#15565,.F.);
#15554 = FACE_BOUND('',#15555,.F.);
#15555 = EDGE_LOOP('',(#15556,#15562,#15563,#15564));
#15556 = ORIENTED_EDGE('',*,*,#15557,.T.);
#15557 = EDGE_CURVE('',#10719,#10828,#15558,.T.);
#15558 = LINE('',#15559,#15560);
#15559 = CARTESIAN_POINT('',(2.682376446323,-0.195,0.232635182233));
#15560 = VECTOR('',#15561,1.);
#15561 = DIRECTION('',(1.110223024625E-16,-1.,0.));
#15562 = ORIENTED_EDGE('',*,*,#10836,.T.);
#15563 = ORIENTED_EDGE('',*,*,#15543,.F.);
#15564 = ORIENTED_EDGE('',*,*,#10727,.F.);
#15565 = PLANE('',#15566);
#15566 = AXIS2_PLACEMENT_3D('',#15567,#15568,#15569);
#15567 = CARTESIAN_POINT('',(2.682376446323,-0.195,0.232635182233));
#15568 = DIRECTION('',(-0.988433898356,-1.097382072275E-16,
    -0.151652327974));
#15569 = DIRECTION('',(-0.151652327974,-1.683679062546E-17,
    0.988433898356));
#15570 = ADVANCED_FACE('',(#15571),#15582,.F.);
#15571 = FACE_BOUND('',#15572,.F.);
#15572 = EDGE_LOOP('',(#15573,#15579,#15580,#15581));
#15573 = ORIENTED_EDGE('',*,*,#15574,.T.);
#15574 = EDGE_CURVE('',#10711,#10820,#15575,.T.);
#15575 = LINE('',#15576,#15577);
#15576 = CARTESIAN_POINT('',(2.780857221624,-0.195,0.15));
#15577 = VECTOR('',#15578,1.);
#15578 = DIRECTION('',(1.110223024625E-16,-1.,0.));
#15579 = ORIENTED_EDGE('',*,*,#10827,.T.);
#15580 = ORIENTED_EDGE('',*,*,#15557,.F.);
#15581 = ORIENTED_EDGE('',*,*,#10718,.F.);
#15582 = CYLINDRICAL_SURFACE('',#15583,0.1);
#15583 = AXIS2_PLACEMENT_3D('',#15584,#15585,#15586);
#15584 = CARTESIAN_POINT('',(2.780857221624,-0.195,0.25));
#15585 = DIRECTION('',(-1.110223024625E-16,1.,0.));
#15586 = DIRECTION('',(0.,0.,-1.));
#15587 = ADVANCED_FACE('',(#15588),#15599,.F.);
#15588 = FACE_BOUND('',#15589,.F.);
#15589 = EDGE_LOOP('',(#15590,#15596,#15597,#15598));
#15590 = ORIENTED_EDGE('',*,*,#15591,.T.);
#15591 = EDGE_CURVE('',#10703,#10812,#15592,.T.);
#15592 = LINE('',#15593,#15594);
#15593 = CARTESIAN_POINT('',(3.2,-0.195,0.15));
#15594 = VECTOR('',#15595,1.);
#15595 = DIRECTION('',(1.110223024625E-16,-1.,0.));
#15596 = ORIENTED_EDGE('',*,*,#10819,.T.);
#15597 = ORIENTED_EDGE('',*,*,#15574,.F.);
#15598 = ORIENTED_EDGE('',*,*,#10710,.F.);
#15599 = PLANE('',#15600);
#15600 = AXIS2_PLACEMENT_3D('',#15601,#15602,#15603);
#15601 = CARTESIAN_POINT('',(3.2,-0.195,0.15));
#15602 = DIRECTION('',(0.,0.,-1.));
#15603 = DIRECTION('',(-1.,-1.110223024625E-16,-0.));
#15604 = ADVANCED_FACE('',(#15605),#15616,.F.);
#15605 = FACE_BOUND('',#15606,.F.);
#15606 = EDGE_LOOP('',(#15607,#15613,#15614,#15615));
#15607 = ORIENTED_EDGE('',*,*,#15608,.T.);
#15608 = EDGE_CURVE('',#10695,#10804,#15609,.T.);
#15609 = LINE('',#15610,#15611);
#15610 = CARTESIAN_POINT('',(3.2,-0.195,-1.665334536938E-16));
#15611 = VECTOR('',#15612,1.);
#15612 = DIRECTION('',(1.110223024625E-16,-1.,0.));
#15613 = ORIENTED_EDGE('',*,*,#10811,.T.);
#15614 = ORIENTED_EDGE('',*,*,#15591,.F.);
#15615 = ORIENTED_EDGE('',*,*,#10702,.F.);
#15616 = PLANE('',#15617);
#15617 = AXIS2_PLACEMENT_3D('',#15618,#15619,#15620);
#15618 = CARTESIAN_POINT('',(3.2,-0.195,-1.665334536938E-16));
#15619 = DIRECTION('',(-1.,-1.110223024625E-16,0.));
#15620 = DIRECTION('',(0.,0.,1.));
#15621 = ADVANCED_FACE('',(#15622),#15633,.F.);
#15622 = FACE_BOUND('',#15623,.F.);
#15623 = EDGE_LOOP('',(#15624,#15630,#15631,#15632));
#15624 = ORIENTED_EDGE('',*,*,#15625,.T.);
#15625 = EDGE_CURVE('',#10686,#10795,#15626,.T.);
#15626 = LINE('',#15627,#15628);
#15627 = CARTESIAN_POINT('',(2.780857221624,-0.195,-1.665334536938E-16)
  );
#15628 = VECTOR('',#15629,1.);
#15629 = DIRECTION('',(1.110223024625E-16,-1.,0.));
#15630 = ORIENTED_EDGE('',*,*,#10803,.T.);
#15631 = ORIENTED_EDGE('',*,*,#15608,.F.);
#15632 = ORIENTED_EDGE('',*,*,#10694,.F.);
#15633 = PLANE('',#15634);
#15634 = AXIS2_PLACEMENT_3D('',#15635,#15636,#15637);
#15635 = CARTESIAN_POINT('',(2.780857221624,-0.195,-1.665334536938E-16)
  );
#15636 = DIRECTION('',(0.,0.,1.));
#15637 = DIRECTION('',(1.,1.110223024625E-16,-0.));
#15638 = ADVANCED_FACE('',(#15639),#15650,.T.);
#15639 = FACE_BOUND('',#15640,.T.);
#15640 = EDGE_LOOP('',(#15641,#15642,#15643,#15644));
#15641 = ORIENTED_EDGE('',*,*,#10685,.T.);
#15642 = ORIENTED_EDGE('',*,*,#15625,.T.);
#15643 = ORIENTED_EDGE('',*,*,#10794,.F.);
#15644 = ORIENTED_EDGE('',*,*,#15645,.F.);
#15645 = EDGE_CURVE('',#10678,#10787,#15646,.T.);
#15646 = LINE('',#15647,#15648);
#15647 = CARTESIAN_POINT('',(2.534655283371,-0.195,0.206587955583));
#15648 = VECTOR('',#15649,1.);
#15649 = DIRECTION('',(1.110223024625E-16,-1.,0.));
#15650 = CYLINDRICAL_SURFACE('',#15651,0.25);
#15651 = AXIS2_PLACEMENT_3D('',#15652,#15653,#15654);
#15652 = CARTESIAN_POINT('',(2.780857221624,-0.195,0.25));
#15653 = DIRECTION('',(-1.110223024625E-16,1.,0.));
#15654 = DIRECTION('',(-0.984807753012,-1.093356242223E-16,
    -0.173648177667));
#15655 = ADVANCED_FACE('',(#15656),#15662,.F.);
#15656 = FACE_BOUND('',#15657,.F.);
#15657 = EDGE_LOOP('',(#15658,#15659,#15660,#15661));
#15658 = ORIENTED_EDGE('',*,*,#10768,.T.);
#15659 = ORIENTED_EDGE('',*,*,#10786,.T.);
#15660 = ORIENTED_EDGE('',*,*,#15645,.F.);
#15661 = ORIENTED_EDGE('',*,*,#10677,.F.);
#15662 = PLANE('',#15663);
#15663 = AXIS2_PLACEMENT_3D('',#15664,#15665,#15666);
#15664 = CARTESIAN_POINT('',(2.498480775301,-0.195,0.442364817767));
#15665 = DIRECTION('',(0.988433898356,1.097382072275E-16,0.151652327974)
  );
#15666 = DIRECTION('',(0.151652327974,1.683679062546E-17,-0.988433898356
    ));
#15667 = ADVANCED_FACE('',(#15668),#15679,.T.);
#15668 = FACE_BOUND('',#15669,.T.);
#15669 = EDGE_LOOP('',(#15670,#15671,#15672,#15673));
#15670 = ORIENTED_EDGE('',*,*,#10958,.T.);
#15671 = ORIENTED_EDGE('',*,*,#12665,.T.);
#15672 = ORIENTED_EDGE('',*,*,#11067,.F.);
#15673 = ORIENTED_EDGE('',*,*,#15674,.F.);
#15674 = EDGE_CURVE('',#10951,#11060,#15675,.T.);
#15675 = LINE('',#15676,#15677);
#15676 = CARTESIAN_POINT('',(2.646201938253,-0.845,0.468412044417));
#15677 = VECTOR('',#15678,1.);
#15678 = DIRECTION('',(1.110223024625E-16,-1.,0.));
#15679 = CYLINDRICAL_SURFACE('',#15680,0.25);
#15680 = AXIS2_PLACEMENT_3D('',#15681,#15682,#15683);
#15681 = CARTESIAN_POINT('',(2.4,-0.845,0.425));
#15682 = DIRECTION('',(-1.110223024625E-16,1.,0.));
#15683 = DIRECTION('',(0.984807753012,1.093356242223E-16,0.173648177667)
  );
#15684 = ADVANCED_FACE('',(#15685),#15696,.F.);
#15685 = FACE_BOUND('',#15686,.F.);
#15686 = EDGE_LOOP('',(#15687,#15693,#15694,#15695));
#15687 = ORIENTED_EDGE('',*,*,#15688,.T.);
#15688 = EDGE_CURVE('',#10942,#11051,#15689,.T.);
#15689 = LINE('',#15690,#15691);
#15690 = CARTESIAN_POINT('',(2.682376446323,-0.845,0.232635182233));
#15691 = VECTOR('',#15692,1.);
#15692 = DIRECTION('',(1.110223024625E-16,-1.,0.));
#15693 = ORIENTED_EDGE('',*,*,#11059,.T.);
#15694 = ORIENTED_EDGE('',*,*,#15674,.F.);
#15695 = ORIENTED_EDGE('',*,*,#10950,.F.);
#15696 = PLANE('',#15697);
#15697 = AXIS2_PLACEMENT_3D('',#15698,#15699,#15700);
#15698 = CARTESIAN_POINT('',(2.682376446323,-0.845,0.232635182233));
#15699 = DIRECTION('',(-0.988433898356,-1.097382072275E-16,
    -0.151652327974));
#15700 = DIRECTION('',(-0.151652327974,-1.683679062546E-17,
    0.988433898356));
#15701 = ADVANCED_FACE('',(#15702),#15713,.F.);
#15702 = FACE_BOUND('',#15703,.F.);
#15703 = EDGE_LOOP('',(#15704,#15710,#15711,#15712));
#15704 = ORIENTED_EDGE('',*,*,#15705,.T.);
#15705 = EDGE_CURVE('',#10934,#11043,#15706,.T.);
#15706 = LINE('',#15707,#15708);
#15707 = CARTESIAN_POINT('',(2.780857221624,-0.845,0.15));
#15708 = VECTOR('',#15709,1.);
#15709 = DIRECTION('',(1.110223024625E-16,-1.,0.));
#15710 = ORIENTED_EDGE('',*,*,#11050,.T.);
#15711 = ORIENTED_EDGE('',*,*,#15688,.F.);
#15712 = ORIENTED_EDGE('',*,*,#10941,.F.);
#15713 = CYLINDRICAL_SURFACE('',#15714,0.1);
#15714 = AXIS2_PLACEMENT_3D('',#15715,#15716,#15717);
#15715 = CARTESIAN_POINT('',(2.780857221624,-0.845,0.25));
#15716 = DIRECTION('',(-1.110223024625E-16,1.,0.));
#15717 = DIRECTION('',(0.,0.,-1.));
#15718 = ADVANCED_FACE('',(#15719),#15730,.F.);
#15719 = FACE_BOUND('',#15720,.F.);
#15720 = EDGE_LOOP('',(#15721,#15727,#15728,#15729));
#15721 = ORIENTED_EDGE('',*,*,#15722,.T.);
#15722 = EDGE_CURVE('',#10926,#11035,#15723,.T.);
#15723 = LINE('',#15724,#15725);
#15724 = CARTESIAN_POINT('',(3.2,-0.845,0.15));
#15725 = VECTOR('',#15726,1.);
#15726 = DIRECTION('',(1.110223024625E-16,-1.,0.));
#15727 = ORIENTED_EDGE('',*,*,#11042,.T.);
#15728 = ORIENTED_EDGE('',*,*,#15705,.F.);
#15729 = ORIENTED_EDGE('',*,*,#10933,.F.);
#15730 = PLANE('',#15731);
#15731 = AXIS2_PLACEMENT_3D('',#15732,#15733,#15734);
#15732 = CARTESIAN_POINT('',(3.2,-0.845,0.15));
#15733 = DIRECTION('',(0.,0.,-1.));
#15734 = DIRECTION('',(-1.,-1.110223024625E-16,-0.));
#15735 = ADVANCED_FACE('',(#15736),#15747,.F.);
#15736 = FACE_BOUND('',#15737,.F.);
#15737 = EDGE_LOOP('',(#15738,#15744,#15745,#15746));
#15738 = ORIENTED_EDGE('',*,*,#15739,.T.);
#15739 = EDGE_CURVE('',#10918,#11027,#15740,.T.);
#15740 = LINE('',#15741,#15742);
#15741 = CARTESIAN_POINT('',(3.2,-0.845,-1.665334536938E-16));
#15742 = VECTOR('',#15743,1.);
#15743 = DIRECTION('',(1.110223024625E-16,-1.,0.));
#15744 = ORIENTED_EDGE('',*,*,#11034,.T.);
#15745 = ORIENTED_EDGE('',*,*,#15722,.F.);
#15746 = ORIENTED_EDGE('',*,*,#10925,.F.);
#15747 = PLANE('',#15748);
#15748 = AXIS2_PLACEMENT_3D('',#15749,#15750,#15751);
#15749 = CARTESIAN_POINT('',(3.2,-0.845,-1.665334536938E-16));
#15750 = DIRECTION('',(-1.,-1.110223024625E-16,0.));
#15751 = DIRECTION('',(0.,0.,1.));
#15752 = ADVANCED_FACE('',(#15753),#15764,.F.);
#15753 = FACE_BOUND('',#15754,.F.);
#15754 = EDGE_LOOP('',(#15755,#15761,#15762,#15763));
#15755 = ORIENTED_EDGE('',*,*,#15756,.T.);
#15756 = EDGE_CURVE('',#10909,#11018,#15757,.T.);
#15757 = LINE('',#15758,#15759);
#15758 = CARTESIAN_POINT('',(2.780857221624,-0.845,-1.665334536938E-16)
  );
#15759 = VECTOR('',#15760,1.);
#15760 = DIRECTION('',(1.110223024625E-16,-1.,0.));
#15761 = ORIENTED_EDGE('',*,*,#11026,.T.);
#15762 = ORIENTED_EDGE('',*,*,#15739,.F.);
#15763 = ORIENTED_EDGE('',*,*,#10917,.F.);
#15764 = PLANE('',#15765);
#15765 = AXIS2_PLACEMENT_3D('',#15766,#15767,#15768);
#15766 = CARTESIAN_POINT('',(2.780857221624,-0.845,-1.665334536938E-16)
  );
#15767 = DIRECTION('',(0.,0.,1.));
#15768 = DIRECTION('',(1.,1.110223024625E-16,-0.));
#15769 = ADVANCED_FACE('',(#15770),#15781,.T.);
#15770 = FACE_BOUND('',#15771,.T.);
#15771 = EDGE_LOOP('',(#15772,#15773,#15774,#15775));
#15772 = ORIENTED_EDGE('',*,*,#10908,.T.);
#15773 = ORIENTED_EDGE('',*,*,#15756,.T.);
#15774 = ORIENTED_EDGE('',*,*,#11017,.F.);
#15775 = ORIENTED_EDGE('',*,*,#15776,.F.);
#15776 = EDGE_CURVE('',#10901,#11010,#15777,.T.);
#15777 = LINE('',#15778,#15779);
#15778 = CARTESIAN_POINT('',(2.534655283371,-0.845,0.206587955583));
#15779 = VECTOR('',#15780,1.);
#15780 = DIRECTION('',(1.110223024625E-16,-1.,0.));
#15781 = CYLINDRICAL_SURFACE('',#15782,0.25);
#15782 = AXIS2_PLACEMENT_3D('',#15783,#15784,#15785);
#15783 = CARTESIAN_POINT('',(2.780857221624,-0.845,0.25));
#15784 = DIRECTION('',(-1.110223024625E-16,1.,0.));
#15785 = DIRECTION('',(-0.984807753012,-1.093356242223E-16,
    -0.173648177667));
#15786 = ADVANCED_FACE('',(#15787),#15793,.F.);
#15787 = FACE_BOUND('',#15788,.F.);
#15788 = EDGE_LOOP('',(#15789,#15790,#15791,#15792));
#15789 = ORIENTED_EDGE('',*,*,#10991,.T.);
#15790 = ORIENTED_EDGE('',*,*,#11009,.T.);
#15791 = ORIENTED_EDGE('',*,*,#15776,.F.);
#15792 = ORIENTED_EDGE('',*,*,#10900,.F.);
#15793 = PLANE('',#15794);
#15794 = AXIS2_PLACEMENT_3D('',#15795,#15796,#15797);
#15795 = CARTESIAN_POINT('',(2.498480775301,-0.845,0.442364817767));
#15796 = DIRECTION('',(0.988433898356,1.097382072275E-16,0.151652327974)
  );
#15797 = DIRECTION('',(0.151652327974,1.683679062546E-17,-0.988433898356
    ));
#15798 = ADVANCED_FACE('',(#15799),#15810,.T.);
#15799 = FACE_BOUND('',#15800,.T.);
#15800 = EDGE_LOOP('',(#15801,#15802,#15803,#15804));
#15801 = ORIENTED_EDGE('',*,*,#11181,.T.);
#15802 = ORIENTED_EDGE('',*,*,#12684,.T.);
#15803 = ORIENTED_EDGE('',*,*,#11290,.F.);
#15804 = ORIENTED_EDGE('',*,*,#15805,.F.);
#15805 = EDGE_CURVE('',#11174,#11283,#15806,.T.);
#15806 = LINE('',#15807,#15808);
#15807 = CARTESIAN_POINT('',(2.646201938253,-1.495,0.468412044417));
#15808 = VECTOR('',#15809,1.);
#15809 = DIRECTION('',(1.110223024625E-16,-1.,0.));
#15810 = CYLINDRICAL_SURFACE('',#15811,0.25);
#15811 = AXIS2_PLACEMENT_3D('',#15812,#15813,#15814);
#15812 = CARTESIAN_POINT('',(2.4,-1.495,0.425));
#15813 = DIRECTION('',(-1.110223024625E-16,1.,0.));
#15814 = DIRECTION('',(0.984807753012,1.093356242223E-16,0.173648177667)
  );
#15815 = ADVANCED_FACE('',(#15816),#15827,.F.);
#15816 = FACE_BOUND('',#15817,.F.);
#15817 = EDGE_LOOP('',(#15818,#15824,#15825,#15826));
#15818 = ORIENTED_EDGE('',*,*,#15819,.T.);
#15819 = EDGE_CURVE('',#11165,#11274,#15820,.T.);
#15820 = LINE('',#15821,#15822);
#15821 = CARTESIAN_POINT('',(2.682376446323,-1.495,0.232635182233));
#15822 = VECTOR('',#15823,1.);
#15823 = DIRECTION('',(1.110223024625E-16,-1.,0.));
#15824 = ORIENTED_EDGE('',*,*,#11282,.T.);
#15825 = ORIENTED_EDGE('',*,*,#15805,.F.);
#15826 = ORIENTED_EDGE('',*,*,#11173,.F.);
#15827 = PLANE('',#15828);
#15828 = AXIS2_PLACEMENT_3D('',#15829,#15830,#15831);
#15829 = CARTESIAN_POINT('',(2.682376446323,-1.495,0.232635182233));
#15830 = DIRECTION('',(-0.988433898356,-1.097382072275E-16,
    -0.151652327974));
#15831 = DIRECTION('',(-0.151652327974,-1.683679062546E-17,
    0.988433898356));
#15832 = ADVANCED_FACE('',(#15833),#15844,.F.);
#15833 = FACE_BOUND('',#15834,.F.);
#15834 = EDGE_LOOP('',(#15835,#15841,#15842,#15843));
#15835 = ORIENTED_EDGE('',*,*,#15836,.T.);
#15836 = EDGE_CURVE('',#11157,#11266,#15837,.T.);
#15837 = LINE('',#15838,#15839);
#15838 = CARTESIAN_POINT('',(2.780857221624,-1.495,0.15));
#15839 = VECTOR('',#15840,1.);
#15840 = DIRECTION('',(1.110223024625E-16,-1.,0.));
#15841 = ORIENTED_EDGE('',*,*,#11273,.T.);
#15842 = ORIENTED_EDGE('',*,*,#15819,.F.);
#15843 = ORIENTED_EDGE('',*,*,#11164,.F.);
#15844 = CYLINDRICAL_SURFACE('',#15845,0.1);
#15845 = AXIS2_PLACEMENT_3D('',#15846,#15847,#15848);
#15846 = CARTESIAN_POINT('',(2.780857221624,-1.495,0.25));
#15847 = DIRECTION('',(-1.110223024625E-16,1.,0.));
#15848 = DIRECTION('',(0.,0.,-1.));
#15849 = ADVANCED_FACE('',(#15850),#15861,.F.);
#15850 = FACE_BOUND('',#15851,.F.);
#15851 = EDGE_LOOP('',(#15852,#15858,#15859,#15860));
#15852 = ORIENTED_EDGE('',*,*,#15853,.T.);
#15853 = EDGE_CURVE('',#11149,#11258,#15854,.T.);
#15854 = LINE('',#15855,#15856);
#15855 = CARTESIAN_POINT('',(3.2,-1.495,0.15));
#15856 = VECTOR('',#15857,1.);
#15857 = DIRECTION('',(1.110223024625E-16,-1.,0.));
#15858 = ORIENTED_EDGE('',*,*,#11265,.T.);
#15859 = ORIENTED_EDGE('',*,*,#15836,.F.);
#15860 = ORIENTED_EDGE('',*,*,#11156,.F.);
#15861 = PLANE('',#15862);
#15862 = AXIS2_PLACEMENT_3D('',#15863,#15864,#15865);
#15863 = CARTESIAN_POINT('',(3.2,-1.495,0.15));
#15864 = DIRECTION('',(0.,0.,-1.));
#15865 = DIRECTION('',(-1.,-1.110223024625E-16,-0.));
#15866 = ADVANCED_FACE('',(#15867),#15878,.F.);
#15867 = FACE_BOUND('',#15868,.F.);
#15868 = EDGE_LOOP('',(#15869,#15875,#15876,#15877));
#15869 = ORIENTED_EDGE('',*,*,#15870,.T.);
#15870 = EDGE_CURVE('',#11141,#11250,#15871,.T.);
#15871 = LINE('',#15872,#15873);
#15872 = CARTESIAN_POINT('',(3.2,-1.495,-1.665334536938E-16));
#15873 = VECTOR('',#15874,1.);
#15874 = DIRECTION('',(1.110223024625E-16,-1.,0.));
#15875 = ORIENTED_EDGE('',*,*,#11257,.T.);
#15876 = ORIENTED_EDGE('',*,*,#15853,.F.);
#15877 = ORIENTED_EDGE('',*,*,#11148,.F.);
#15878 = PLANE('',#15879);
#15879 = AXIS2_PLACEMENT_3D('',#15880,#15881,#15882);
#15880 = CARTESIAN_POINT('',(3.2,-1.495,-1.665334536938E-16));
#15881 = DIRECTION('',(-1.,-1.110223024625E-16,0.));
#15882 = DIRECTION('',(0.,0.,1.));
#15883 = ADVANCED_FACE('',(#15884),#15895,.F.);
#15884 = FACE_BOUND('',#15885,.F.);
#15885 = EDGE_LOOP('',(#15886,#15892,#15893,#15894));
#15886 = ORIENTED_EDGE('',*,*,#15887,.T.);
#15887 = EDGE_CURVE('',#11132,#11241,#15888,.T.);
#15888 = LINE('',#15889,#15890);
#15889 = CARTESIAN_POINT('',(2.780857221624,-1.495,-1.665334536938E-16)
  );
#15890 = VECTOR('',#15891,1.);
#15891 = DIRECTION('',(1.110223024625E-16,-1.,0.));
#15892 = ORIENTED_EDGE('',*,*,#11249,.T.);
#15893 = ORIENTED_EDGE('',*,*,#15870,.F.);
#15894 = ORIENTED_EDGE('',*,*,#11140,.F.);
#15895 = PLANE('',#15896);
#15896 = AXIS2_PLACEMENT_3D('',#15897,#15898,#15899);
#15897 = CARTESIAN_POINT('',(2.780857221624,-1.495,-1.665334536938E-16)
  );
#15898 = DIRECTION('',(0.,0.,1.));
#15899 = DIRECTION('',(1.,1.110223024625E-16,-0.));
#15900 = ADVANCED_FACE('',(#15901),#15912,.T.);
#15901 = FACE_BOUND('',#15902,.T.);
#15902 = EDGE_LOOP('',(#15903,#15904,#15905,#15906));
#15903 = ORIENTED_EDGE('',*,*,#11131,.T.);
#15904 = ORIENTED_EDGE('',*,*,#15887,.T.);
#15905 = ORIENTED_EDGE('',*,*,#11240,.F.);
#15906 = ORIENTED_EDGE('',*,*,#15907,.F.);
#15907 = EDGE_CURVE('',#11124,#11233,#15908,.T.);
#15908 = LINE('',#15909,#15910);
#15909 = CARTESIAN_POINT('',(2.534655283371,-1.495,0.206587955583));
#15910 = VECTOR('',#15911,1.);
#15911 = DIRECTION('',(1.110223024625E-16,-1.,0.));
#15912 = CYLINDRICAL_SURFACE('',#15913,0.25);
#15913 = AXIS2_PLACEMENT_3D('',#15914,#15915,#15916);
#15914 = CARTESIAN_POINT('',(2.780857221624,-1.495,0.25));
#15915 = DIRECTION('',(-1.110223024625E-16,1.,0.));
#15916 = DIRECTION('',(-0.984807753012,-1.093356242223E-16,
    -0.173648177667));
#15917 = ADVANCED_FACE('',(#15918),#15924,.F.);
#15918 = FACE_BOUND('',#15919,.F.);
#15919 = EDGE_LOOP('',(#15920,#15921,#15922,#15923));
#15920 = ORIENTED_EDGE('',*,*,#11214,.T.);
#15921 = ORIENTED_EDGE('',*,*,#11232,.T.);
#15922 = ORIENTED_EDGE('',*,*,#15907,.F.);
#15923 = ORIENTED_EDGE('',*,*,#11123,.F.);
#15924 = PLANE('',#15925);
#15925 = AXIS2_PLACEMENT_3D('',#15926,#15927,#15928);
#15926 = CARTESIAN_POINT('',(2.498480775301,-1.495,0.442364817767));
#15927 = DIRECTION('',(0.988433898356,1.097382072275E-16,0.151652327974)
  );
#15928 = DIRECTION('',(0.151652327974,1.683679062546E-17,-0.988433898356
    ));
#15929 = ADVANCED_FACE('',(#15930),#15941,.T.);
#15930 = FACE_BOUND('',#15931,.T.);
#15931 = EDGE_LOOP('',(#15932,#15933,#15934,#15935));
#15932 = ORIENTED_EDGE('',*,*,#11404,.T.);
#15933 = ORIENTED_EDGE('',*,*,#12703,.T.);
#15934 = ORIENTED_EDGE('',*,*,#11513,.F.);
#15935 = ORIENTED_EDGE('',*,*,#15936,.F.);
#15936 = EDGE_CURVE('',#11397,#11506,#15937,.T.);
#15937 = LINE('',#15938,#15939);
#15938 = CARTESIAN_POINT('',(2.646201938253,-2.145,0.468412044417));
#15939 = VECTOR('',#15940,1.);
#15940 = DIRECTION('',(1.110223024625E-16,-1.,0.));
#15941 = CYLINDRICAL_SURFACE('',#15942,0.25);
#15942 = AXIS2_PLACEMENT_3D('',#15943,#15944,#15945);
#15943 = CARTESIAN_POINT('',(2.4,-2.145,0.425));
#15944 = DIRECTION('',(-1.110223024625E-16,1.,0.));
#15945 = DIRECTION('',(0.984807753012,1.093356242223E-16,0.173648177667)
  );
#15946 = ADVANCED_FACE('',(#15947),#15958,.F.);
#15947 = FACE_BOUND('',#15948,.F.);
#15948 = EDGE_LOOP('',(#15949,#15955,#15956,#15957));
#15949 = ORIENTED_EDGE('',*,*,#15950,.T.);
#15950 = EDGE_CURVE('',#11388,#11497,#15951,.T.);
#15951 = LINE('',#15952,#15953);
#15952 = CARTESIAN_POINT('',(2.682376446323,-2.145,0.232635182233));
#15953 = VECTOR('',#15954,1.);
#15954 = DIRECTION('',(1.110223024625E-16,-1.,0.));
#15955 = ORIENTED_EDGE('',*,*,#11505,.T.);
#15956 = ORIENTED_EDGE('',*,*,#15936,.F.);
#15957 = ORIENTED_EDGE('',*,*,#11396,.F.);
#15958 = PLANE('',#15959);
#15959 = AXIS2_PLACEMENT_3D('',#15960,#15961,#15962);
#15960 = CARTESIAN_POINT('',(2.682376446323,-2.145,0.232635182233));
#15961 = DIRECTION('',(-0.988433898356,-1.097382072275E-16,
    -0.151652327974));
#15962 = DIRECTION('',(-0.151652327974,-1.683679062546E-17,
    0.988433898356));
#15963 = ADVANCED_FACE('',(#15964),#15975,.F.);
#15964 = FACE_BOUND('',#15965,.F.);
#15965 = EDGE_LOOP('',(#15966,#15972,#15973,#15974));
#15966 = ORIENTED_EDGE('',*,*,#15967,.T.);
#15967 = EDGE_CURVE('',#11380,#11489,#15968,.T.);
#15968 = LINE('',#15969,#15970);
#15969 = CARTESIAN_POINT('',(2.780857221624,-2.145,0.15));
#15970 = VECTOR('',#15971,1.);
#15971 = DIRECTION('',(1.110223024625E-16,-1.,0.));
#15972 = ORIENTED_EDGE('',*,*,#11496,.T.);
#15973 = ORIENTED_EDGE('',*,*,#15950,.F.);
#15974 = ORIENTED_EDGE('',*,*,#11387,.F.);
#15975 = CYLINDRICAL_SURFACE('',#15976,0.1);
#15976 = AXIS2_PLACEMENT_3D('',#15977,#15978,#15979);
#15977 = CARTESIAN_POINT('',(2.780857221624,-2.145,0.25));
#15978 = DIRECTION('',(-1.110223024625E-16,1.,0.));
#15979 = DIRECTION('',(0.,0.,-1.));
#15980 = ADVANCED_FACE('',(#15981),#15992,.F.);
#15981 = FACE_BOUND('',#15982,.F.);
#15982 = EDGE_LOOP('',(#15983,#15989,#15990,#15991));
#15983 = ORIENTED_EDGE('',*,*,#15984,.T.);
#15984 = EDGE_CURVE('',#11372,#11481,#15985,.T.);
#15985 = LINE('',#15986,#15987);
#15986 = CARTESIAN_POINT('',(3.2,-2.145,0.15));
#15987 = VECTOR('',#15988,1.);
#15988 = DIRECTION('',(1.110223024625E-16,-1.,0.));
#15989 = ORIENTED_EDGE('',*,*,#11488,.T.);
#15990 = ORIENTED_EDGE('',*,*,#15967,.F.);
#15991 = ORIENTED_EDGE('',*,*,#11379,.F.);
#15992 = PLANE('',#15993);
#15993 = AXIS2_PLACEMENT_3D('',#15994,#15995,#15996);
#15994 = CARTESIAN_POINT('',(3.2,-2.145,0.15));
#15995 = DIRECTION('',(0.,0.,-1.));
#15996 = DIRECTION('',(-1.,-1.110223024625E-16,-0.));
#15997 = ADVANCED_FACE('',(#15998),#16009,.F.);
#15998 = FACE_BOUND('',#15999,.F.);
#15999 = EDGE_LOOP('',(#16000,#16006,#16007,#16008));
#16000 = ORIENTED_EDGE('',*,*,#16001,.T.);
#16001 = EDGE_CURVE('',#11364,#11473,#16002,.T.);
#16002 = LINE('',#16003,#16004);
#16003 = CARTESIAN_POINT('',(3.2,-2.145,-1.665334536938E-16));
#16004 = VECTOR('',#16005,1.);
#16005 = DIRECTION('',(1.110223024625E-16,-1.,0.));
#16006 = ORIENTED_EDGE('',*,*,#11480,.T.);
#16007 = ORIENTED_EDGE('',*,*,#15984,.F.);
#16008 = ORIENTED_EDGE('',*,*,#11371,.F.);
#16009 = PLANE('',#16010);
#16010 = AXIS2_PLACEMENT_3D('',#16011,#16012,#16013);
#16011 = CARTESIAN_POINT('',(3.2,-2.145,-1.665334536938E-16));
#16012 = DIRECTION('',(-1.,-1.110223024625E-16,0.));
#16013 = DIRECTION('',(0.,0.,1.));
#16014 = ADVANCED_FACE('',(#16015),#16026,.F.);
#16015 = FACE_BOUND('',#16016,.F.);
#16016 = EDGE_LOOP('',(#16017,#16023,#16024,#16025));
#16017 = ORIENTED_EDGE('',*,*,#16018,.T.);
#16018 = EDGE_CURVE('',#11355,#11464,#16019,.T.);
#16019 = LINE('',#16020,#16021);
#16020 = CARTESIAN_POINT('',(2.780857221624,-2.145,-1.665334536938E-16)
  );
#16021 = VECTOR('',#16022,1.);
#16022 = DIRECTION('',(1.110223024625E-16,-1.,0.));
#16023 = ORIENTED_EDGE('',*,*,#11472,.T.);
#16024 = ORIENTED_EDGE('',*,*,#16001,.F.);
#16025 = ORIENTED_EDGE('',*,*,#11363,.F.);
#16026 = PLANE('',#16027);
#16027 = AXIS2_PLACEMENT_3D('',#16028,#16029,#16030);
#16028 = CARTESIAN_POINT('',(2.780857221624,-2.145,-1.665334536938E-16)
  );
#16029 = DIRECTION('',(0.,0.,1.));
#16030 = DIRECTION('',(1.,1.110223024625E-16,-0.));
#16031 = ADVANCED_FACE('',(#16032),#16043,.T.);
#16032 = FACE_BOUND('',#16033,.T.);
#16033 = EDGE_LOOP('',(#16034,#16035,#16036,#16037));
#16034 = ORIENTED_EDGE('',*,*,#11354,.T.);
#16035 = ORIENTED_EDGE('',*,*,#16018,.T.);
#16036 = ORIENTED_EDGE('',*,*,#11463,.F.);
#16037 = ORIENTED_EDGE('',*,*,#16038,.F.);
#16038 = EDGE_CURVE('',#11347,#11456,#16039,.T.);
#16039 = LINE('',#16040,#16041);
#16040 = CARTESIAN_POINT('',(2.534655283371,-2.145,0.206587955583));
#16041 = VECTOR('',#16042,1.);
#16042 = DIRECTION('',(1.110223024625E-16,-1.,0.));
#16043 = CYLINDRICAL_SURFACE('',#16044,0.25);
#16044 = AXIS2_PLACEMENT_3D('',#16045,#16046,#16047);
#16045 = CARTESIAN_POINT('',(2.780857221624,-2.145,0.25));
#16046 = DIRECTION('',(-1.110223024625E-16,1.,0.));
#16047 = DIRECTION('',(-0.984807753012,-1.093356242223E-16,
    -0.173648177667));
#16048 = ADVANCED_FACE('',(#16049),#16055,.F.);
#16049 = FACE_BOUND('',#16050,.F.);
#16050 = EDGE_LOOP('',(#16051,#16052,#16053,#16054));
#16051 = ORIENTED_EDGE('',*,*,#11437,.T.);
#16052 = ORIENTED_EDGE('',*,*,#11455,.T.);
#16053 = ORIENTED_EDGE('',*,*,#16038,.F.);
#16054 = ORIENTED_EDGE('',*,*,#11346,.F.);
#16055 = PLANE('',#16056);
#16056 = AXIS2_PLACEMENT_3D('',#16057,#16058,#16059);
#16057 = CARTESIAN_POINT('',(2.498480775301,-2.145,0.442364817767));
#16058 = DIRECTION('',(0.988433898356,1.097382072275E-16,0.151652327974)
  );
#16059 = DIRECTION('',(0.151652327974,1.683679062546E-17,-0.988433898356
    ));
#16060 = ADVANCED_FACE('',(#16061),#16072,.T.);
#16061 = FACE_BOUND('',#16062,.T.);
#16062 = EDGE_LOOP('',(#16063,#16064,#16065,#16066));
#16063 = ORIENTED_EDGE('',*,*,#11627,.T.);
#16064 = ORIENTED_EDGE('',*,*,#12722,.T.);
#16065 = ORIENTED_EDGE('',*,*,#11736,.F.);
#16066 = ORIENTED_EDGE('',*,*,#16067,.F.);
#16067 = EDGE_CURVE('',#11620,#11729,#16068,.T.);
#16068 = LINE('',#16069,#16070);
#16069 = CARTESIAN_POINT('',(2.646201938253,-2.795,0.468412044417));
#16070 = VECTOR('',#16071,1.);
#16071 = DIRECTION('',(1.110223024625E-16,-1.,0.));
#16072 = CYLINDRICAL_SURFACE('',#16073,0.25);
#16073 = AXIS2_PLACEMENT_3D('',#16074,#16075,#16076);
#16074 = CARTESIAN_POINT('',(2.4,-2.795,0.425));
#16075 = DIRECTION('',(-1.110223024625E-16,1.,0.));
#16076 = DIRECTION('',(0.984807753012,1.093356242223E-16,0.173648177667)
  );
#16077 = ADVANCED_FACE('',(#16078),#16089,.F.);
#16078 = FACE_BOUND('',#16079,.F.);
#16079 = EDGE_LOOP('',(#16080,#16086,#16087,#16088));
#16080 = ORIENTED_EDGE('',*,*,#16081,.T.);
#16081 = EDGE_CURVE('',#11611,#11720,#16082,.T.);
#16082 = LINE('',#16083,#16084);
#16083 = CARTESIAN_POINT('',(2.682376446323,-2.795,0.232635182233));
#16084 = VECTOR('',#16085,1.);
#16085 = DIRECTION('',(1.110223024625E-16,-1.,0.));
#16086 = ORIENTED_EDGE('',*,*,#11728,.T.);
#16087 = ORIENTED_EDGE('',*,*,#16067,.F.);
#16088 = ORIENTED_EDGE('',*,*,#11619,.F.);
#16089 = PLANE('',#16090);
#16090 = AXIS2_PLACEMENT_3D('',#16091,#16092,#16093);
#16091 = CARTESIAN_POINT('',(2.682376446323,-2.795,0.232635182233));
#16092 = DIRECTION('',(-0.988433898356,-1.097382072275E-16,
    -0.151652327974));
#16093 = DIRECTION('',(-0.151652327974,-1.683679062546E-17,
    0.988433898356));
#16094 = ADVANCED_FACE('',(#16095),#16106,.F.);
#16095 = FACE_BOUND('',#16096,.F.);
#16096 = EDGE_LOOP('',(#16097,#16103,#16104,#16105));
#16097 = ORIENTED_EDGE('',*,*,#16098,.T.);
#16098 = EDGE_CURVE('',#11603,#11712,#16099,.T.);
#16099 = LINE('',#16100,#16101);
#16100 = CARTESIAN_POINT('',(2.780857221624,-2.795,0.15));
#16101 = VECTOR('',#16102,1.);
#16102 = DIRECTION('',(1.110223024625E-16,-1.,0.));
#16103 = ORIENTED_EDGE('',*,*,#11719,.T.);
#16104 = ORIENTED_EDGE('',*,*,#16081,.F.);
#16105 = ORIENTED_EDGE('',*,*,#11610,.F.);
#16106 = CYLINDRICAL_SURFACE('',#16107,0.1);
#16107 = AXIS2_PLACEMENT_3D('',#16108,#16109,#16110);
#16108 = CARTESIAN_POINT('',(2.780857221624,-2.795,0.25));
#16109 = DIRECTION('',(-1.110223024625E-16,1.,0.));
#16110 = DIRECTION('',(0.,0.,-1.));
#16111 = ADVANCED_FACE('',(#16112),#16123,.F.);
#16112 = FACE_BOUND('',#16113,.F.);
#16113 = EDGE_LOOP('',(#16114,#16120,#16121,#16122));
#16114 = ORIENTED_EDGE('',*,*,#16115,.T.);
#16115 = EDGE_CURVE('',#11595,#11704,#16116,.T.);
#16116 = LINE('',#16117,#16118);
#16117 = CARTESIAN_POINT('',(3.2,-2.795,0.15));
#16118 = VECTOR('',#16119,1.);
#16119 = DIRECTION('',(1.110223024625E-16,-1.,0.));
#16120 = ORIENTED_EDGE('',*,*,#11711,.T.);
#16121 = ORIENTED_EDGE('',*,*,#16098,.F.);
#16122 = ORIENTED_EDGE('',*,*,#11602,.F.);
#16123 = PLANE('',#16124);
#16124 = AXIS2_PLACEMENT_3D('',#16125,#16126,#16127);
#16125 = CARTESIAN_POINT('',(3.2,-2.795,0.15));
#16126 = DIRECTION('',(0.,0.,-1.));
#16127 = DIRECTION('',(-1.,-1.110223024625E-16,-0.));
#16128 = ADVANCED_FACE('',(#16129),#16140,.F.);
#16129 = FACE_BOUND('',#16130,.F.);
#16130 = EDGE_LOOP('',(#16131,#16137,#16138,#16139));
#16131 = ORIENTED_EDGE('',*,*,#16132,.T.);
#16132 = EDGE_CURVE('',#11587,#11696,#16133,.T.);
#16133 = LINE('',#16134,#16135);
#16134 = CARTESIAN_POINT('',(3.2,-2.795,-1.665334536938E-16));
#16135 = VECTOR('',#16136,1.);
#16136 = DIRECTION('',(1.110223024625E-16,-1.,0.));
#16137 = ORIENTED_EDGE('',*,*,#11703,.T.);
#16138 = ORIENTED_EDGE('',*,*,#16115,.F.);
#16139 = ORIENTED_EDGE('',*,*,#11594,.F.);
#16140 = PLANE('',#16141);
#16141 = AXIS2_PLACEMENT_3D('',#16142,#16143,#16144);
#16142 = CARTESIAN_POINT('',(3.2,-2.795,-1.665334536938E-16));
#16143 = DIRECTION('',(-1.,-1.110223024625E-16,0.));
#16144 = DIRECTION('',(0.,0.,1.));
#16145 = ADVANCED_FACE('',(#16146),#16157,.F.);
#16146 = FACE_BOUND('',#16147,.F.);
#16147 = EDGE_LOOP('',(#16148,#16154,#16155,#16156));
#16148 = ORIENTED_EDGE('',*,*,#16149,.T.);
#16149 = EDGE_CURVE('',#11578,#11687,#16150,.T.);
#16150 = LINE('',#16151,#16152);
#16151 = CARTESIAN_POINT('',(2.780857221624,-2.795,-1.665334536938E-16)
  );
#16152 = VECTOR('',#16153,1.);
#16153 = DIRECTION('',(1.110223024625E-16,-1.,0.));
#16154 = ORIENTED_EDGE('',*,*,#11695,.T.);
#16155 = ORIENTED_EDGE('',*,*,#16132,.F.);
#16156 = ORIENTED_EDGE('',*,*,#11586,.F.);
#16157 = PLANE('',#16158);
#16158 = AXIS2_PLACEMENT_3D('',#16159,#16160,#16161);
#16159 = CARTESIAN_POINT('',(2.780857221624,-2.795,-1.665334536938E-16)
  );
#16160 = DIRECTION('',(0.,0.,1.));
#16161 = DIRECTION('',(1.,1.110223024625E-16,-0.));
#16162 = ADVANCED_FACE('',(#16163),#16174,.T.);
#16163 = FACE_BOUND('',#16164,.T.);
#16164 = EDGE_LOOP('',(#16165,#16166,#16167,#16168));
#16165 = ORIENTED_EDGE('',*,*,#11577,.T.);
#16166 = ORIENTED_EDGE('',*,*,#16149,.T.);
#16167 = ORIENTED_EDGE('',*,*,#11686,.F.);
#16168 = ORIENTED_EDGE('',*,*,#16169,.F.);
#16169 = EDGE_CURVE('',#11570,#11679,#16170,.T.);
#16170 = LINE('',#16171,#16172);
#16171 = CARTESIAN_POINT('',(2.534655283371,-2.795,0.206587955583));
#16172 = VECTOR('',#16173,1.);
#16173 = DIRECTION('',(1.110223024625E-16,-1.,0.));
#16174 = CYLINDRICAL_SURFACE('',#16175,0.25);
#16175 = AXIS2_PLACEMENT_3D('',#16176,#16177,#16178);
#16176 = CARTESIAN_POINT('',(2.780857221624,-2.795,0.25));
#16177 = DIRECTION('',(-1.110223024625E-16,1.,0.));
#16178 = DIRECTION('',(-0.984807753012,-1.093356242223E-16,
    -0.173648177667));
#16179 = ADVANCED_FACE('',(#16180),#16186,.F.);
#16180 = FACE_BOUND('',#16181,.F.);
#16181 = EDGE_LOOP('',(#16182,#16183,#16184,#16185));
#16182 = ORIENTED_EDGE('',*,*,#11660,.T.);
#16183 = ORIENTED_EDGE('',*,*,#11678,.T.);
#16184 = ORIENTED_EDGE('',*,*,#16169,.F.);
#16185 = ORIENTED_EDGE('',*,*,#11569,.F.);
#16186 = PLANE('',#16187);
#16187 = AXIS2_PLACEMENT_3D('',#16188,#16189,#16190);
#16188 = CARTESIAN_POINT('',(2.498480775301,-2.795,0.442364817767));
#16189 = DIRECTION('',(0.988433898356,1.097382072275E-16,0.151652327974)
  );
#16190 = DIRECTION('',(0.151652327974,1.683679062546E-17,-0.988433898356
    ));
#16191 = ADVANCED_FACE('',(#16192),#16203,.T.);
#16192 = FACE_BOUND('',#16193,.T.);
#16193 = EDGE_LOOP('',(#16194,#16195,#16196,#16197));
#16194 = ORIENTED_EDGE('',*,*,#11850,.T.);
#16195 = ORIENTED_EDGE('',*,*,#12741,.T.);
#16196 = ORIENTED_EDGE('',*,*,#11959,.F.);
#16197 = ORIENTED_EDGE('',*,*,#16198,.F.);
#16198 = EDGE_CURVE('',#11843,#11952,#16199,.T.);
#16199 = LINE('',#16200,#16201);
#16200 = CARTESIAN_POINT('',(2.646201938253,-3.445,0.468412044417));
#16201 = VECTOR('',#16202,1.);
#16202 = DIRECTION('',(1.110223024625E-16,-1.,0.));
#16203 = CYLINDRICAL_SURFACE('',#16204,0.25);
#16204 = AXIS2_PLACEMENT_3D('',#16205,#16206,#16207);
#16205 = CARTESIAN_POINT('',(2.4,-3.445,0.425));
#16206 = DIRECTION('',(-1.110223024625E-16,1.,0.));
#16207 = DIRECTION('',(0.984807753012,1.093356242223E-16,0.173648177667)
  );
#16208 = ADVANCED_FACE('',(#16209),#16220,.F.);
#16209 = FACE_BOUND('',#16210,.F.);
#16210 = EDGE_LOOP('',(#16211,#16217,#16218,#16219));
#16211 = ORIENTED_EDGE('',*,*,#16212,.T.);
#16212 = EDGE_CURVE('',#11834,#11943,#16213,.T.);
#16213 = LINE('',#16214,#16215);
#16214 = CARTESIAN_POINT('',(2.682376446323,-3.445,0.232635182233));
#16215 = VECTOR('',#16216,1.);
#16216 = DIRECTION('',(1.110223024625E-16,-1.,0.));
#16217 = ORIENTED_EDGE('',*,*,#11951,.T.);
#16218 = ORIENTED_EDGE('',*,*,#16198,.F.);
#16219 = ORIENTED_EDGE('',*,*,#11842,.F.);
#16220 = PLANE('',#16221);
#16221 = AXIS2_PLACEMENT_3D('',#16222,#16223,#16224);
#16222 = CARTESIAN_POINT('',(2.682376446323,-3.445,0.232635182233));
#16223 = DIRECTION('',(-0.988433898356,-1.097382072275E-16,
    -0.151652327974));
#16224 = DIRECTION('',(-0.151652327974,-1.683679062546E-17,
    0.988433898356));
#16225 = ADVANCED_FACE('',(#16226),#16237,.F.);
#16226 = FACE_BOUND('',#16227,.F.);
#16227 = EDGE_LOOP('',(#16228,#16234,#16235,#16236));
#16228 = ORIENTED_EDGE('',*,*,#16229,.T.);
#16229 = EDGE_CURVE('',#11826,#11935,#16230,.T.);
#16230 = LINE('',#16231,#16232);
#16231 = CARTESIAN_POINT('',(2.780857221624,-3.445,0.15));
#16232 = VECTOR('',#16233,1.);
#16233 = DIRECTION('',(1.110223024625E-16,-1.,0.));
#16234 = ORIENTED_EDGE('',*,*,#11942,.T.);
#16235 = ORIENTED_EDGE('',*,*,#16212,.F.);
#16236 = ORIENTED_EDGE('',*,*,#11833,.F.);
#16237 = CYLINDRICAL_SURFACE('',#16238,0.1);
#16238 = AXIS2_PLACEMENT_3D('',#16239,#16240,#16241);
#16239 = CARTESIAN_POINT('',(2.780857221624,-3.445,0.25));
#16240 = DIRECTION('',(-1.110223024625E-16,1.,0.));
#16241 = DIRECTION('',(0.,0.,-1.));
#16242 = ADVANCED_FACE('',(#16243),#16254,.F.);
#16243 = FACE_BOUND('',#16244,.F.);
#16244 = EDGE_LOOP('',(#16245,#16251,#16252,#16253));
#16245 = ORIENTED_EDGE('',*,*,#16246,.T.);
#16246 = EDGE_CURVE('',#11818,#11927,#16247,.T.);
#16247 = LINE('',#16248,#16249);
#16248 = CARTESIAN_POINT('',(3.2,-3.445,0.15));
#16249 = VECTOR('',#16250,1.);
#16250 = DIRECTION('',(1.110223024625E-16,-1.,0.));
#16251 = ORIENTED_EDGE('',*,*,#11934,.T.);
#16252 = ORIENTED_EDGE('',*,*,#16229,.F.);
#16253 = ORIENTED_EDGE('',*,*,#11825,.F.);
#16254 = PLANE('',#16255);
#16255 = AXIS2_PLACEMENT_3D('',#16256,#16257,#16258);
#16256 = CARTESIAN_POINT('',(3.2,-3.445,0.15));
#16257 = DIRECTION('',(0.,0.,-1.));
#16258 = DIRECTION('',(-1.,-1.110223024625E-16,-0.));
#16259 = ADVANCED_FACE('',(#16260),#16271,.F.);
#16260 = FACE_BOUND('',#16261,.F.);
#16261 = EDGE_LOOP('',(#16262,#16268,#16269,#16270));
#16262 = ORIENTED_EDGE('',*,*,#16263,.T.);
#16263 = EDGE_CURVE('',#11810,#11919,#16264,.T.);
#16264 = LINE('',#16265,#16266);
#16265 = CARTESIAN_POINT('',(3.2,-3.445,-1.665334536938E-16));
#16266 = VECTOR('',#16267,1.);
#16267 = DIRECTION('',(1.110223024625E-16,-1.,0.));
#16268 = ORIENTED_EDGE('',*,*,#11926,.T.);
#16269 = ORIENTED_EDGE('',*,*,#16246,.F.);
#16270 = ORIENTED_EDGE('',*,*,#11817,.F.);
#16271 = PLANE('',#16272);
#16272 = AXIS2_PLACEMENT_3D('',#16273,#16274,#16275);
#16273 = CARTESIAN_POINT('',(3.2,-3.445,-1.665334536938E-16));
#16274 = DIRECTION('',(-1.,-1.110223024625E-16,0.));
#16275 = DIRECTION('',(0.,0.,1.));
#16276 = ADVANCED_FACE('',(#16277),#16288,.F.);
#16277 = FACE_BOUND('',#16278,.F.);
#16278 = EDGE_LOOP('',(#16279,#16285,#16286,#16287));
#16279 = ORIENTED_EDGE('',*,*,#16280,.T.);
#16280 = EDGE_CURVE('',#11801,#11910,#16281,.T.);
#16281 = LINE('',#16282,#16283);
#16282 = CARTESIAN_POINT('',(2.780857221624,-3.445,-1.665334536938E-16)
  );
#16283 = VECTOR('',#16284,1.);
#16284 = DIRECTION('',(1.110223024625E-16,-1.,0.));
#16285 = ORIENTED_EDGE('',*,*,#11918,.T.);
#16286 = ORIENTED_EDGE('',*,*,#16263,.F.);
#16287 = ORIENTED_EDGE('',*,*,#11809,.F.);
#16288 = PLANE('',#16289);
#16289 = AXIS2_PLACEMENT_3D('',#16290,#16291,#16292);
#16290 = CARTESIAN_POINT('',(2.780857221624,-3.445,-1.665334536938E-16)
  );
#16291 = DIRECTION('',(0.,0.,1.));
#16292 = DIRECTION('',(1.,1.110223024625E-16,-0.));
#16293 = ADVANCED_FACE('',(#16294),#16305,.T.);
#16294 = FACE_BOUND('',#16295,.T.);
#16295 = EDGE_LOOP('',(#16296,#16297,#16298,#16299));
#16296 = ORIENTED_EDGE('',*,*,#11800,.T.);
#16297 = ORIENTED_EDGE('',*,*,#16280,.T.);
#16298 = ORIENTED_EDGE('',*,*,#11909,.F.);
#16299 = ORIENTED_EDGE('',*,*,#16300,.F.);
#16300 = EDGE_CURVE('',#11793,#11902,#16301,.T.);
#16301 = LINE('',#16302,#16303);
#16302 = CARTESIAN_POINT('',(2.534655283371,-3.445,0.206587955583));
#16303 = VECTOR('',#16304,1.);
#16304 = DIRECTION('',(1.110223024625E-16,-1.,0.));
#16305 = CYLINDRICAL_SURFACE('',#16306,0.25);
#16306 = AXIS2_PLACEMENT_3D('',#16307,#16308,#16309);
#16307 = CARTESIAN_POINT('',(2.780857221624,-3.445,0.25));
#16308 = DIRECTION('',(-1.110223024625E-16,1.,0.));
#16309 = DIRECTION('',(-0.984807753012,-1.093356242223E-16,
    -0.173648177667));
#16310 = ADVANCED_FACE('',(#16311),#16317,.F.);
#16311 = FACE_BOUND('',#16312,.F.);
#16312 = EDGE_LOOP('',(#16313,#16314,#16315,#16316));
#16313 = ORIENTED_EDGE('',*,*,#11883,.T.);
#16314 = ORIENTED_EDGE('',*,*,#11901,.T.);
#16315 = ORIENTED_EDGE('',*,*,#16300,.F.);
#16316 = ORIENTED_EDGE('',*,*,#11792,.F.);
#16317 = PLANE('',#16318);
#16318 = AXIS2_PLACEMENT_3D('',#16319,#16320,#16321);
#16319 = CARTESIAN_POINT('',(2.498480775301,-3.445,0.442364817767));
#16320 = DIRECTION('',(0.988433898356,1.097382072275E-16,0.151652327974)
  );
#16321 = DIRECTION('',(0.151652327974,1.683679062546E-17,-0.988433898356
    ));
#16322 = ADVANCED_FACE('',(#16323),#16334,.T.);
#16323 = FACE_BOUND('',#16324,.T.);
#16324 = EDGE_LOOP('',(#16325,#16326,#16327,#16328));
#16325 = ORIENTED_EDGE('',*,*,#12073,.T.);
#16326 = ORIENTED_EDGE('',*,*,#12760,.T.);
#16327 = ORIENTED_EDGE('',*,*,#12182,.F.);
#16328 = ORIENTED_EDGE('',*,*,#16329,.F.);
#16329 = EDGE_CURVE('',#12066,#12175,#16330,.T.);
#16330 = LINE('',#16331,#16332);
#16331 = CARTESIAN_POINT('',(2.646201938253,-4.095,0.468412044417));
#16332 = VECTOR('',#16333,1.);
#16333 = DIRECTION('',(1.110223024625E-16,-1.,0.));
#16334 = CYLINDRICAL_SURFACE('',#16335,0.25);
#16335 = AXIS2_PLACEMENT_3D('',#16336,#16337,#16338);
#16336 = CARTESIAN_POINT('',(2.4,-4.095,0.425));
#16337 = DIRECTION('',(-1.110223024625E-16,1.,0.));
#16338 = DIRECTION('',(0.984807753012,1.093356242223E-16,0.173648177667)
  );
#16339 = ADVANCED_FACE('',(#16340),#16351,.F.);
#16340 = FACE_BOUND('',#16341,.F.);
#16341 = EDGE_LOOP('',(#16342,#16348,#16349,#16350));
#16342 = ORIENTED_EDGE('',*,*,#16343,.T.);
#16343 = EDGE_CURVE('',#12057,#12166,#16344,.T.);
#16344 = LINE('',#16345,#16346);
#16345 = CARTESIAN_POINT('',(2.682376446323,-4.095,0.232635182233));
#16346 = VECTOR('',#16347,1.);
#16347 = DIRECTION('',(1.110223024625E-16,-1.,0.));
#16348 = ORIENTED_EDGE('',*,*,#12174,.T.);
#16349 = ORIENTED_EDGE('',*,*,#16329,.F.);
#16350 = ORIENTED_EDGE('',*,*,#12065,.F.);
#16351 = PLANE('',#16352);
#16352 = AXIS2_PLACEMENT_3D('',#16353,#16354,#16355);
#16353 = CARTESIAN_POINT('',(2.682376446323,-4.095,0.232635182233));
#16354 = DIRECTION('',(-0.988433898356,-1.097382072275E-16,
    -0.151652327974));
#16355 = DIRECTION('',(-0.151652327974,-1.683679062546E-17,
    0.988433898356));
#16356 = ADVANCED_FACE('',(#16357),#16368,.F.);
#16357 = FACE_BOUND('',#16358,.F.);
#16358 = EDGE_LOOP('',(#16359,#16365,#16366,#16367));
#16359 = ORIENTED_EDGE('',*,*,#16360,.T.);
#16360 = EDGE_CURVE('',#12049,#12158,#16361,.T.);
#16361 = LINE('',#16362,#16363);
#16362 = CARTESIAN_POINT('',(2.780857221624,-4.095,0.15));
#16363 = VECTOR('',#16364,1.);
#16364 = DIRECTION('',(1.110223024625E-16,-1.,0.));
#16365 = ORIENTED_EDGE('',*,*,#12165,.T.);
#16366 = ORIENTED_EDGE('',*,*,#16343,.F.);
#16367 = ORIENTED_EDGE('',*,*,#12056,.F.);
#16368 = CYLINDRICAL_SURFACE('',#16369,0.1);
#16369 = AXIS2_PLACEMENT_3D('',#16370,#16371,#16372);
#16370 = CARTESIAN_POINT('',(2.780857221624,-4.095,0.25));
#16371 = DIRECTION('',(-1.110223024625E-16,1.,0.));
#16372 = DIRECTION('',(0.,0.,-1.));
#16373 = ADVANCED_FACE('',(#16374),#16385,.F.);
#16374 = FACE_BOUND('',#16375,.F.);
#16375 = EDGE_LOOP('',(#16376,#16382,#16383,#16384));
#16376 = ORIENTED_EDGE('',*,*,#16377,.T.);
#16377 = EDGE_CURVE('',#12041,#12150,#16378,.T.);
#16378 = LINE('',#16379,#16380);
#16379 = CARTESIAN_POINT('',(3.2,-4.095,0.15));
#16380 = VECTOR('',#16381,1.);
#16381 = DIRECTION('',(1.110223024625E-16,-1.,0.));
#16382 = ORIENTED_EDGE('',*,*,#12157,.T.);
#16383 = ORIENTED_EDGE('',*,*,#16360,.F.);
#16384 = ORIENTED_EDGE('',*,*,#12048,.F.);
#16385 = PLANE('',#16386);
#16386 = AXIS2_PLACEMENT_3D('',#16387,#16388,#16389);
#16387 = CARTESIAN_POINT('',(3.2,-4.095,0.15));
#16388 = DIRECTION('',(0.,0.,-1.));
#16389 = DIRECTION('',(-1.,-1.110223024625E-16,-0.));
#16390 = ADVANCED_FACE('',(#16391),#16402,.F.);
#16391 = FACE_BOUND('',#16392,.F.);
#16392 = EDGE_LOOP('',(#16393,#16399,#16400,#16401));
#16393 = ORIENTED_EDGE('',*,*,#16394,.T.);
#16394 = EDGE_CURVE('',#12033,#12142,#16395,.T.);
#16395 = LINE('',#16396,#16397);
#16396 = CARTESIAN_POINT('',(3.2,-4.095,-1.665334536938E-16));
#16397 = VECTOR('',#16398,1.);
#16398 = DIRECTION('',(1.110223024625E-16,-1.,0.));
#16399 = ORIENTED_EDGE('',*,*,#12149,.T.);
#16400 = ORIENTED_EDGE('',*,*,#16377,.F.);
#16401 = ORIENTED_EDGE('',*,*,#12040,.F.);
#16402 = PLANE('',#16403);
#16403 = AXIS2_PLACEMENT_3D('',#16404,#16405,#16406);
#16404 = CARTESIAN_POINT('',(3.2,-4.095,-1.665334536938E-16));
#16405 = DIRECTION('',(-1.,-1.110223024625E-16,0.));
#16406 = DIRECTION('',(0.,0.,1.));
#16407 = ADVANCED_FACE('',(#16408),#16419,.F.);
#16408 = FACE_BOUND('',#16409,.F.);
#16409 = EDGE_LOOP('',(#16410,#16416,#16417,#16418));
#16410 = ORIENTED_EDGE('',*,*,#16411,.T.);
#16411 = EDGE_CURVE('',#12024,#12133,#16412,.T.);
#16412 = LINE('',#16413,#16414);
#16413 = CARTESIAN_POINT('',(2.780857221624,-4.095,-1.665334536938E-16)
  );
#16414 = VECTOR('',#16415,1.);
#16415 = DIRECTION('',(1.110223024625E-16,-1.,0.));
#16416 = ORIENTED_EDGE('',*,*,#12141,.T.);
#16417 = ORIENTED_EDGE('',*,*,#16394,.F.);
#16418 = ORIENTED_EDGE('',*,*,#12032,.F.);
#16419 = PLANE('',#16420);
#16420 = AXIS2_PLACEMENT_3D('',#16421,#16422,#16423);
#16421 = CARTESIAN_POINT('',(2.780857221624,-4.095,-1.665334536938E-16)
  );
#16422 = DIRECTION('',(0.,0.,1.));
#16423 = DIRECTION('',(1.,1.110223024625E-16,-0.));
#16424 = ADVANCED_FACE('',(#16425),#16436,.T.);
#16425 = FACE_BOUND('',#16426,.T.);
#16426 = EDGE_LOOP('',(#16427,#16428,#16429,#16430));
#16427 = ORIENTED_EDGE('',*,*,#12023,.T.);
#16428 = ORIENTED_EDGE('',*,*,#16411,.T.);
#16429 = ORIENTED_EDGE('',*,*,#12132,.F.);
#16430 = ORIENTED_EDGE('',*,*,#16431,.F.);
#16431 = EDGE_CURVE('',#12016,#12125,#16432,.T.);
#16432 = LINE('',#16433,#16434);
#16433 = CARTESIAN_POINT('',(2.534655283371,-4.095,0.206587955583));
#16434 = VECTOR('',#16435,1.);
#16435 = DIRECTION('',(1.110223024625E-16,-1.,0.));
#16436 = CYLINDRICAL_SURFACE('',#16437,0.25);
#16437 = AXIS2_PLACEMENT_3D('',#16438,#16439,#16440);
#16438 = CARTESIAN_POINT('',(2.780857221624,-4.095,0.25));
#16439 = DIRECTION('',(-1.110223024625E-16,1.,0.));
#16440 = DIRECTION('',(-0.984807753012,-1.093356242223E-16,
    -0.173648177667));
#16441 = ADVANCED_FACE('',(#16442),#16448,.F.);
#16442 = FACE_BOUND('',#16443,.F.);
#16443 = EDGE_LOOP('',(#16444,#16445,#16446,#16447));
#16444 = ORIENTED_EDGE('',*,*,#12106,.T.);
#16445 = ORIENTED_EDGE('',*,*,#12124,.T.);
#16446 = ORIENTED_EDGE('',*,*,#16431,.F.);
#16447 = ORIENTED_EDGE('',*,*,#12015,.F.);
#16448 = PLANE('',#16449);
#16449 = AXIS2_PLACEMENT_3D('',#16450,#16451,#16452);
#16450 = CARTESIAN_POINT('',(2.498480775301,-4.095,0.442364817767));
#16451 = DIRECTION('',(0.988433898356,1.097382072275E-16,0.151652327974)
  );
#16452 = DIRECTION('',(0.151652327974,1.683679062546E-17,-0.988433898356
    ));
#16453 = ADVANCED_FACE('',(#16454),#16455,.F.);
#16454 = FACE_BOUND('',#12496,.T.);
#16455 = PLANE('',#16456);
#16456 = AXIS2_PLACEMENT_3D('',#16457,#16458,#16459);
#16457 = CARTESIAN_POINT('',(-1.35966346129,4.00966346129,1.1));
#16458 = DIRECTION('',(0.,0.,-1.));
#16459 = DIRECTION('',(1.110223024625E-16,-1.,0.));
#16460 = ( GEOMETRIC_REPRESENTATION_CONTEXT(3) 
GLOBAL_UNCERTAINTY_ASSIGNED_CONTEXT((#16464)) 
GLOBAL_UNIT_ASSIGNED_CONTEXT((#16461,#16462,#16463)) 
REPRESENTATION_CONTEXT('Context #1',
  '3D Context with UNIT and UNCERTAINTY') );
#16461 = ( LENGTH_UNIT() NAMED_UNIT(*) SI_UNIT(.MILLI.,.METRE.) );
#16462 = ( NAMED_UNIT(*) PLANE_ANGLE_UNIT() SI_UNIT($,.RADIAN.) );
#16463 = ( NAMED_UNIT(*) SI_UNIT($,.STERADIAN.) SOLID_ANGLE_UNIT() );
#16464 = UNCERTAINTY_MEASURE_WITH_UNIT(LENGTH_MEASURE(1.E-07),#16461,
  'distance_accuracy_value','confusion accuracy');
#16465 = CONTEXT_DEPENDENT_SHAPE_REPRESENTATION(#16466,#16468);
#16466 = ( REPRESENTATION_RELATIONSHIP('','',#2651,#10) 
REPRESENTATION_RELATIONSHIP_WITH_TRANSFORMATION(#16467) 
SHAPE_REPRESENTATION_RELATIONSHIP() );
#16467 = ITEM_DEFINED_TRANSFORMATION('','',#11,#43);
#16468 = PRODUCT_DEFINITION_SHAPE('Placement','Placement of an item',
  #16469);
#16469 = NEXT_ASSEMBLY_USAGE_OCCURRENCE('8','U1','',#5,#2646,$);
#16470 = PRODUCT_RELATED_PRODUCT_CATEGORY('part',$,(#2648));
#16471 = SHAPE_DEFINITION_REPRESENTATION(#16472,#16478);
#16472 = PRODUCT_DEFINITION_SHAPE('','',#16473);
#16473 = PRODUCT_DEFINITION('design','',#16474,#16477);
#16474 = PRODUCT_DEFINITION_FORMATION('','',#16475);
#16475 = PRODUCT('Crystal_SMD_3225-4Pin_3.2x2.5mm',
  'Crystal_SMD_3225-4Pin_3.2x2.5mm','',(#16476));
#16476 = PRODUCT_CONTEXT('',#2,'mechanical');
#16477 = PRODUCT_DEFINITION_CONTEXT('part definition',#2,'design');
#16478 = ADVANCED_BREP_SHAPE_REPRESENTATION('',(#11,#16479),#17333);
#16479 = MANIFOLD_SOLID_BREP('',#16480);
#16480 = CLOSED_SHELL('',(#16481,#16557,#16588,#16613,#16637,#16662,
    #16686,#16711,#16735,#16753,#16839,#16870,#16895,#16920,#16944,
    #16968,#16993,#17018,#17035,#17121,#17152,#17177,#17202,#17226,
    #17250,#17275,#17300,#17317));
#16481 = ADVANCED_FACE('',(#16482),#16552,.T.);
#16482 = FACE_BOUND('',#16483,.T.);
#16483 = EDGE_LOOP('',(#16484,#16494,#16503,#16511,#16520,#16528,#16537,
    #16545));
#16484 = ORIENTED_EDGE('',*,*,#16485,.T.);
#16485 = EDGE_CURVE('',#16486,#16488,#16490,.T.);
#16486 = VERTEX_POINT('',#16487);
#16487 = CARTESIAN_POINT('',(-1.240692780974,-1.1,0.64));
#16488 = VERTEX_POINT('',#16489);
#16489 = CARTESIAN_POINT('',(1.240692780974,-1.1,0.64));
#16490 = LINE('',#16491,#16492);
#16491 = CARTESIAN_POINT('',(-1.240692780974,-1.1,0.64));
#16492 = VECTOR('',#16493,1.);
#16493 = DIRECTION('',(1.,0.,0.));
#16494 = ORIENTED_EDGE('',*,*,#16495,.T.);
#16495 = EDGE_CURVE('',#16488,#16496,#16498,.T.);
#16496 = VERTEX_POINT('',#16497);
#16497 = CARTESIAN_POINT('',(1.45,-0.890692780974,0.64));
#16498 = CIRCLE('',#16499,0.209307219026);
#16499 = AXIS2_PLACEMENT_3D('',#16500,#16501,#16502);
#16500 = CARTESIAN_POINT('',(1.240692780974,-0.890692780974,0.64));
#16501 = DIRECTION('',(0.,0.,1.));
#16502 = DIRECTION('',(1.,0.,-0.));
#16503 = ORIENTED_EDGE('',*,*,#16504,.T.);
#16504 = EDGE_CURVE('',#16496,#16505,#16507,.T.);
#16505 = VERTEX_POINT('',#16506);
#16506 = CARTESIAN_POINT('',(1.45,0.890692780974,0.64));
#16507 = LINE('',#16508,#16509);
#16508 = CARTESIAN_POINT('',(1.45,-0.890692780974,0.64));
#16509 = VECTOR('',#16510,1.);
#16510 = DIRECTION('',(0.,1.,0.));
#16511 = ORIENTED_EDGE('',*,*,#16512,.T.);
#16512 = EDGE_CURVE('',#16505,#16513,#16515,.T.);
#16513 = VERTEX_POINT('',#16514);
#16514 = CARTESIAN_POINT('',(1.240692780974,1.1,0.64));
#16515 = CIRCLE('',#16516,0.209307219026);
#16516 = AXIS2_PLACEMENT_3D('',#16517,#16518,#16519);
#16517 = CARTESIAN_POINT('',(1.240692780974,0.890692780974,0.64));
#16518 = DIRECTION('',(0.,0.,1.));
#16519 = DIRECTION('',(1.,0.,-0.));
#16520 = ORIENTED_EDGE('',*,*,#16521,.T.);
#16521 = EDGE_CURVE('',#16513,#16522,#16524,.T.);
#16522 = VERTEX_POINT('',#16523);
#16523 = CARTESIAN_POINT('',(-1.240692780974,1.1,0.64));
#16524 = LINE('',#16525,#16526);
#16525 = CARTESIAN_POINT('',(1.240692780974,1.1,0.64));
#16526 = VECTOR('',#16527,1.);
#16527 = DIRECTION('',(-1.,0.,0.));
#16528 = ORIENTED_EDGE('',*,*,#16529,.T.);
#16529 = EDGE_CURVE('',#16522,#16530,#16532,.T.);
#16530 = VERTEX_POINT('',#16531);
#16531 = CARTESIAN_POINT('',(-1.45,0.890692780974,0.64));
#16532 = CIRCLE('',#16533,0.209307219026);
#16533 = AXIS2_PLACEMENT_3D('',#16534,#16535,#16536);
#16534 = CARTESIAN_POINT('',(-1.240692780974,0.890692780974,0.64));
#16535 = DIRECTION('',(0.,0.,1.));
#16536 = DIRECTION('',(1.,0.,-0.));
#16537 = ORIENTED_EDGE('',*,*,#16538,.T.);
#16538 = EDGE_CURVE('',#16530,#16539,#16541,.T.);
#16539 = VERTEX_POINT('',#16540);
#16540 = CARTESIAN_POINT('',(-1.45,-0.890692780974,0.64));
#16541 = LINE('',#16542,#16543);
#16542 = CARTESIAN_POINT('',(-1.45,0.890692780974,0.64));
#16543 = VECTOR('',#16544,1.);
#16544 = DIRECTION('',(0.,-1.,0.));
#16545 = ORIENTED_EDGE('',*,*,#16546,.T.);
#16546 = EDGE_CURVE('',#16539,#16486,#16547,.T.);
#16547 = CIRCLE('',#16548,0.209307219026);
#16548 = AXIS2_PLACEMENT_3D('',#16549,#16550,#16551);
#16549 = CARTESIAN_POINT('',(-1.240692780974,-0.890692780974,0.64));
#16550 = DIRECTION('',(0.,0.,1.));
#16551 = DIRECTION('',(1.,0.,-0.));
#16552 = PLANE('',#16553);
#16553 = AXIS2_PLACEMENT_3D('',#16554,#16555,#16556);
#16554 = CARTESIAN_POINT('',(-2.542317729478E-17,5.649594954397E-18,0.64
    ));
#16555 = DIRECTION('',(-5.763092094539E-33,2.400534346474E-32,1.));
#16556 = DIRECTION('',(0.,1.,-2.400534346474E-32));
#16557 = ADVANCED_FACE('',(#16558),#16583,.F.);
#16558 = FACE_BOUND('',#16559,.F.);
#16559 = EDGE_LOOP('',(#16560,#16568,#16569,#16577));
#16560 = ORIENTED_EDGE('',*,*,#16561,.T.);
#16561 = EDGE_CURVE('',#16562,#16486,#16564,.T.);
#16562 = VERTEX_POINT('',#16563);
#16563 = CARTESIAN_POINT('',(-1.240692780974,-1.1,0.54));
#16564 = LINE('',#16565,#16566);
#16565 = CARTESIAN_POINT('',(-1.240692780974,-1.1,0.54));
#16566 = VECTOR('',#16567,1.);
#16567 = DIRECTION('',(0.,0.,1.));
#16568 = ORIENTED_EDGE('',*,*,#16485,.T.);
#16569 = ORIENTED_EDGE('',*,*,#16570,.F.);
#16570 = EDGE_CURVE('',#16571,#16488,#16573,.T.);
#16571 = VERTEX_POINT('',#16572);
#16572 = CARTESIAN_POINT('',(1.240692780974,-1.1,0.54));
#16573 = LINE('',#16574,#16575);
#16574 = CARTESIAN_POINT('',(1.240692780974,-1.1,0.54));
#16575 = VECTOR('',#16576,1.);
#16576 = DIRECTION('',(0.,0.,1.));
#16577 = ORIENTED_EDGE('',*,*,#16578,.F.);
#16578 = EDGE_CURVE('',#16562,#16571,#16579,.T.);
#16579 = LINE('',#16580,#16581);
#16580 = CARTESIAN_POINT('',(-1.240692780974,-1.1,0.54));
#16581 = VECTOR('',#16582,1.);
#16582 = DIRECTION('',(1.,0.,0.));
#16583 = PLANE('',#16584);
#16584 = AXIS2_PLACEMENT_3D('',#16585,#16586,#16587);
#16585 = CARTESIAN_POINT('',(-1.240692780974,-1.1,0.54));
#16586 = DIRECTION('',(0.,1.,0.));
#16587 = DIRECTION('',(1.,0.,0.));
#16588 = ADVANCED_FACE('',(#16589),#16608,.T.);
#16589 = FACE_BOUND('',#16590,.T.);
#16590 = EDGE_LOOP('',(#16591,#16600,#16606,#16607));
#16591 = ORIENTED_EDGE('',*,*,#16592,.T.);
#16592 = EDGE_CURVE('',#16571,#16593,#16595,.T.);
#16593 = VERTEX_POINT('',#16594);
#16594 = CARTESIAN_POINT('',(1.45,-0.890692780974,0.54));
#16595 = CIRCLE('',#16596,0.209307219026);
#16596 = AXIS2_PLACEMENT_3D('',#16597,#16598,#16599);
#16597 = CARTESIAN_POINT('',(1.240692780974,-0.890692780974,0.54));
#16598 = DIRECTION('',(0.,0.,1.));
#16599 = DIRECTION('',(1.,0.,-0.));
#16600 = ORIENTED_EDGE('',*,*,#16601,.T.);
#16601 = EDGE_CURVE('',#16593,#16496,#16602,.T.);
#16602 = LINE('',#16603,#16604);
#16603 = CARTESIAN_POINT('',(1.45,-0.890692780974,0.54));
#16604 = VECTOR('',#16605,1.);
#16605 = DIRECTION('',(0.,0.,1.));
#16606 = ORIENTED_EDGE('',*,*,#16495,.F.);
#16607 = ORIENTED_EDGE('',*,*,#16570,.F.);
#16608 = CYLINDRICAL_SURFACE('',#16609,0.209307219026);
#16609 = AXIS2_PLACEMENT_3D('',#16610,#16611,#16612);
#16610 = CARTESIAN_POINT('',(1.240692780974,-0.890692780974,0.54));
#16611 = DIRECTION('',(-0.,-0.,-1.));
#16612 = DIRECTION('',(1.,0.,0.));
#16613 = ADVANCED_FACE('',(#16614),#16632,.F.);
#16614 = FACE_BOUND('',#16615,.F.);
#16615 = EDGE_LOOP('',(#16616,#16617,#16618,#16626));
#16616 = ORIENTED_EDGE('',*,*,#16601,.T.);
#16617 = ORIENTED_EDGE('',*,*,#16504,.T.);
#16618 = ORIENTED_EDGE('',*,*,#16619,.F.);
#16619 = EDGE_CURVE('',#16620,#16505,#16622,.T.);
#16620 = VERTEX_POINT('',#16621);
#16621 = CARTESIAN_POINT('',(1.45,0.890692780974,0.54));
#16622 = LINE('',#16623,#16624);
#16623 = CARTESIAN_POINT('',(1.45,0.890692780974,0.54));
#16624 = VECTOR('',#16625,1.);
#16625 = DIRECTION('',(0.,0.,1.));
#16626 = ORIENTED_EDGE('',*,*,#16627,.F.);
#16627 = EDGE_CURVE('',#16593,#16620,#16628,.T.);
#16628 = LINE('',#16629,#16630);
#16629 = CARTESIAN_POINT('',(1.45,-0.890692780974,0.54));
#16630 = VECTOR('',#16631,1.);
#16631 = DIRECTION('',(0.,1.,0.));
#16632 = PLANE('',#16633);
#16633 = AXIS2_PLACEMENT_3D('',#16634,#16635,#16636);
#16634 = CARTESIAN_POINT('',(1.45,-0.890692780974,0.54));
#16635 = DIRECTION('',(-1.,0.,0.));
#16636 = DIRECTION('',(0.,1.,0.));
#16637 = ADVANCED_FACE('',(#16638),#16657,.T.);
#16638 = FACE_BOUND('',#16639,.T.);
#16639 = EDGE_LOOP('',(#16640,#16649,#16655,#16656));
#16640 = ORIENTED_EDGE('',*,*,#16641,.T.);
#16641 = EDGE_CURVE('',#16620,#16642,#16644,.T.);
#16642 = VERTEX_POINT('',#16643);
#16643 = CARTESIAN_POINT('',(1.240692780974,1.1,0.54));
#16644 = CIRCLE('',#16645,0.209307219026);
#16645 = AXIS2_PLACEMENT_3D('',#16646,#16647,#16648);
#16646 = CARTESIAN_POINT('',(1.240692780974,0.890692780974,0.54));
#16647 = DIRECTION('',(0.,0.,1.));
#16648 = DIRECTION('',(1.,0.,-0.));
#16649 = ORIENTED_EDGE('',*,*,#16650,.T.);
#16650 = EDGE_CURVE('',#16642,#16513,#16651,.T.);
#16651 = LINE('',#16652,#16653);
#16652 = CARTESIAN_POINT('',(1.240692780974,1.1,0.54));
#16653 = VECTOR('',#16654,1.);
#16654 = DIRECTION('',(0.,0.,1.));
#16655 = ORIENTED_EDGE('',*,*,#16512,.F.);
#16656 = ORIENTED_EDGE('',*,*,#16619,.F.);
#16657 = CYLINDRICAL_SURFACE('',#16658,0.209307219026);
#16658 = AXIS2_PLACEMENT_3D('',#16659,#16660,#16661);
#16659 = CARTESIAN_POINT('',(1.240692780974,0.890692780974,0.54));
#16660 = DIRECTION('',(-0.,-0.,-1.));
#16661 = DIRECTION('',(1.,0.,0.));
#16662 = ADVANCED_FACE('',(#16663),#16681,.F.);
#16663 = FACE_BOUND('',#16664,.F.);
#16664 = EDGE_LOOP('',(#16665,#16666,#16667,#16675));
#16665 = ORIENTED_EDGE('',*,*,#16650,.T.);
#16666 = ORIENTED_EDGE('',*,*,#16521,.T.);
#16667 = ORIENTED_EDGE('',*,*,#16668,.F.);
#16668 = EDGE_CURVE('',#16669,#16522,#16671,.T.);
#16669 = VERTEX_POINT('',#16670);
#16670 = CARTESIAN_POINT('',(-1.240692780974,1.1,0.54));
#16671 = LINE('',#16672,#16673);
#16672 = CARTESIAN_POINT('',(-1.240692780974,1.1,0.54));
#16673 = VECTOR('',#16674,1.);
#16674 = DIRECTION('',(0.,0.,1.));
#16675 = ORIENTED_EDGE('',*,*,#16676,.F.);
#16676 = EDGE_CURVE('',#16642,#16669,#16677,.T.);
#16677 = LINE('',#16678,#16679);
#16678 = CARTESIAN_POINT('',(1.240692780974,1.1,0.54));
#16679 = VECTOR('',#16680,1.);
#16680 = DIRECTION('',(-1.,0.,0.));
#16681 = PLANE('',#16682);
#16682 = AXIS2_PLACEMENT_3D('',#16683,#16684,#16685);
#16683 = CARTESIAN_POINT('',(1.240692780974,1.1,0.54));
#16684 = DIRECTION('',(0.,-1.,0.));
#16685 = DIRECTION('',(-1.,0.,0.));
#16686 = ADVANCED_FACE('',(#16687),#16706,.T.);
#16687 = FACE_BOUND('',#16688,.T.);
#16688 = EDGE_LOOP('',(#16689,#16698,#16704,#16705));
#16689 = ORIENTED_EDGE('',*,*,#16690,.T.);
#16690 = EDGE_CURVE('',#16669,#16691,#16693,.T.);
#16691 = VERTEX_POINT('',#16692);
#16692 = CARTESIAN_POINT('',(-1.45,0.890692780974,0.54));
#16693 = CIRCLE('',#16694,0.209307219026);
#16694 = AXIS2_PLACEMENT_3D('',#16695,#16696,#16697);
#16695 = CARTESIAN_POINT('',(-1.240692780974,0.890692780974,0.54));
#16696 = DIRECTION('',(0.,0.,1.));
#16697 = DIRECTION('',(1.,0.,-0.));
#16698 = ORIENTED_EDGE('',*,*,#16699,.T.);
#16699 = EDGE_CURVE('',#16691,#16530,#16700,.T.);
#16700 = LINE('',#16701,#16702);
#16701 = CARTESIAN_POINT('',(-1.45,0.890692780974,0.54));
#16702 = VECTOR('',#16703,1.);
#16703 = DIRECTION('',(0.,0.,1.));
#16704 = ORIENTED_EDGE('',*,*,#16529,.F.);
#16705 = ORIENTED_EDGE('',*,*,#16668,.F.);
#16706 = CYLINDRICAL_SURFACE('',#16707,0.209307219026);
#16707 = AXIS2_PLACEMENT_3D('',#16708,#16709,#16710);
#16708 = CARTESIAN_POINT('',(-1.240692780974,0.890692780974,0.54));
#16709 = DIRECTION('',(-0.,-0.,-1.));
#16710 = DIRECTION('',(1.,0.,0.));
#16711 = ADVANCED_FACE('',(#16712),#16730,.F.);
#16712 = FACE_BOUND('',#16713,.F.);
#16713 = EDGE_LOOP('',(#16714,#16715,#16716,#16724));
#16714 = ORIENTED_EDGE('',*,*,#16699,.T.);
#16715 = ORIENTED_EDGE('',*,*,#16538,.T.);
#16716 = ORIENTED_EDGE('',*,*,#16717,.F.);
#16717 = EDGE_CURVE('',#16718,#16539,#16720,.T.);
#16718 = VERTEX_POINT('',#16719);
#16719 = CARTESIAN_POINT('',(-1.45,-0.890692780974,0.54));
#16720 = LINE('',#16721,#16722);
#16721 = CARTESIAN_POINT('',(-1.45,-0.890692780974,0.54));
#16722 = VECTOR('',#16723,1.);
#16723 = DIRECTION('',(0.,0.,1.));
#16724 = ORIENTED_EDGE('',*,*,#16725,.F.);
#16725 = EDGE_CURVE('',#16691,#16718,#16726,.T.);
#16726 = LINE('',#16727,#16728);
#16727 = CARTESIAN_POINT('',(-1.45,0.890692780974,0.54));
#16728 = VECTOR('',#16729,1.);
#16729 = DIRECTION('',(0.,-1.,0.));
#16730 = PLANE('',#16731);
#16731 = AXIS2_PLACEMENT_3D('',#16732,#16733,#16734);
#16732 = CARTESIAN_POINT('',(-1.45,0.890692780974,0.54));
#16733 = DIRECTION('',(1.,0.,0.));
#16734 = DIRECTION('',(0.,-1.,0.));
#16735 = ADVANCED_FACE('',(#16736),#16748,.T.);
#16736 = FACE_BOUND('',#16737,.T.);
#16737 = EDGE_LOOP('',(#16738,#16745,#16746,#16747));
#16738 = ORIENTED_EDGE('',*,*,#16739,.T.);
#16739 = EDGE_CURVE('',#16718,#16562,#16740,.T.);
#16740 = CIRCLE('',#16741,0.209307219026);
#16741 = AXIS2_PLACEMENT_3D('',#16742,#16743,#16744);
#16742 = CARTESIAN_POINT('',(-1.240692780974,-0.890692780974,0.54));
#16743 = DIRECTION('',(0.,0.,1.));
#16744 = DIRECTION('',(1.,0.,-0.));
#16745 = ORIENTED_EDGE('',*,*,#16561,.T.);
#16746 = ORIENTED_EDGE('',*,*,#16546,.F.);
#16747 = ORIENTED_EDGE('',*,*,#16717,.F.);
#16748 = CYLINDRICAL_SURFACE('',#16749,0.209307219026);
#16749 = AXIS2_PLACEMENT_3D('',#16750,#16751,#16752);
#16750 = CARTESIAN_POINT('',(-1.240692780974,-0.890692780974,0.54));
#16751 = DIRECTION('',(-0.,-0.,-1.));
#16752 = DIRECTION('',(1.,0.,0.));
#16753 = ADVANCED_FACE('',(#16754,#16824),#16834,.T.);
#16754 = FACE_BOUND('',#16755,.T.);
#16755 = EDGE_LOOP('',(#16756,#16766,#16775,#16783,#16792,#16800,#16809,
    #16817));
#16756 = ORIENTED_EDGE('',*,*,#16757,.T.);
#16757 = EDGE_CURVE('',#16758,#16760,#16762,.T.);
#16758 = VERTEX_POINT('',#16759);
#16759 = CARTESIAN_POINT('',(-1.328205850256,-1.2,0.54));
#16760 = VERTEX_POINT('',#16761);
#16761 = CARTESIAN_POINT('',(1.328205850256,-1.2,0.54));
#16762 = LINE('',#16763,#16764);
#16763 = CARTESIAN_POINT('',(-1.328205850256,-1.2,0.54));
#16764 = VECTOR('',#16765,1.);
#16765 = DIRECTION('',(1.,0.,0.));
#16766 = ORIENTED_EDGE('',*,*,#16767,.T.);
#16767 = EDGE_CURVE('',#16760,#16768,#16770,.T.);
#16768 = VERTEX_POINT('',#16769);
#16769 = CARTESIAN_POINT('',(1.55,-0.978205850256,0.54));
#16770 = CIRCLE('',#16771,0.221794149744);
#16771 = AXIS2_PLACEMENT_3D('',#16772,#16773,#16774);
#16772 = CARTESIAN_POINT('',(1.328205850256,-0.978205850256,0.54));
#16773 = DIRECTION('',(0.,0.,1.));
#16774 = DIRECTION('',(1.,0.,-0.));
#16775 = ORIENTED_EDGE('',*,*,#16776,.T.);
#16776 = EDGE_CURVE('',#16768,#16777,#16779,.T.);
#16777 = VERTEX_POINT('',#16778);
#16778 = CARTESIAN_POINT('',(1.55,0.978205850256,0.54));
#16779 = LINE('',#16780,#16781);
#16780 = CARTESIAN_POINT('',(1.55,-0.978205850256,0.54));
#16781 = VECTOR('',#16782,1.);
#16782 = DIRECTION('',(0.,1.,0.));
#16783 = ORIENTED_EDGE('',*,*,#16784,.T.);
#16784 = EDGE_CURVE('',#16777,#16785,#16787,.T.);
#16785 = VERTEX_POINT('',#16786);
#16786 = CARTESIAN_POINT('',(1.328205850256,1.2,0.54));
#16787 = CIRCLE('',#16788,0.221794149744);
#16788 = AXIS2_PLACEMENT_3D('',#16789,#16790,#16791);
#16789 = CARTESIAN_POINT('',(1.328205850256,0.978205850256,0.54));
#16790 = DIRECTION('',(0.,0.,1.));
#16791 = DIRECTION('',(1.,0.,-0.));
#16792 = ORIENTED_EDGE('',*,*,#16793,.T.);
#16793 = EDGE_CURVE('',#16785,#16794,#16796,.T.);
#16794 = VERTEX_POINT('',#16795);
#16795 = CARTESIAN_POINT('',(-1.328205850256,1.2,0.54));
#16796 = LINE('',#16797,#16798);
#16797 = CARTESIAN_POINT('',(1.328205850256,1.2,0.54));
#16798 = VECTOR('',#16799,1.);
#16799 = DIRECTION('',(-1.,0.,0.));
#16800 = ORIENTED_EDGE('',*,*,#16801,.T.);
#16801 = EDGE_CURVE('',#16794,#16802,#16804,.T.);
#16802 = VERTEX_POINT('',#16803);
#16803 = CARTESIAN_POINT('',(-1.55,0.978205850256,0.54));
#16804 = CIRCLE('',#16805,0.221794149744);
#16805 = AXIS2_PLACEMENT_3D('',#16806,#16807,#16808);
#16806 = CARTESIAN_POINT('',(-1.328205850256,0.978205850256,0.54));
#16807 = DIRECTION('',(0.,0.,1.));
#16808 = DIRECTION('',(1.,0.,-0.));
#16809 = ORIENTED_EDGE('',*,*,#16810,.T.);
#16810 = EDGE_CURVE('',#16802,#16811,#16813,.T.);
#16811 = VERTEX_POINT('',#16812);
#16812 = CARTESIAN_POINT('',(-1.55,-0.978205850256,0.54));
#16813 = LINE('',#16814,#16815);
#16814 = CARTESIAN_POINT('',(-1.55,0.978205850256,0.54));
#16815 = VECTOR('',#16816,1.);
#16816 = DIRECTION('',(0.,-1.,0.));
#16817 = ORIENTED_EDGE('',*,*,#16818,.T.);
#16818 = EDGE_CURVE('',#16811,#16758,#16819,.T.);
#16819 = CIRCLE('',#16820,0.221794149744);
#16820 = AXIS2_PLACEMENT_3D('',#16821,#16822,#16823);
#16821 = CARTESIAN_POINT('',(-1.328205850256,-0.978205850256,0.54));
#16822 = DIRECTION('',(0.,0.,1.));
#16823 = DIRECTION('',(1.,0.,-0.));
#16824 = FACE_BOUND('',#16825,.T.);
#16825 = EDGE_LOOP('',(#16826,#16827,#16828,#16829,#16830,#16831,#16832,
    #16833));
#16826 = ORIENTED_EDGE('',*,*,#16578,.F.);
#16827 = ORIENTED_EDGE('',*,*,#16739,.F.);
#16828 = ORIENTED_EDGE('',*,*,#16725,.F.);
#16829 = ORIENTED_EDGE('',*,*,#16690,.F.);
#16830 = ORIENTED_EDGE('',*,*,#16676,.F.);
#16831 = ORIENTED_EDGE('',*,*,#16641,.F.);
#16832 = ORIENTED_EDGE('',*,*,#16627,.F.);
#16833 = ORIENTED_EDGE('',*,*,#16592,.F.);
#16834 = PLANE('',#16835);
#16835 = AXIS2_PLACEMENT_3D('',#16836,#16837,#16838);
#16836 = CARTESIAN_POINT('',(4.842600293119E-17,-6.544054450161E-18,0.54
    ));
#16837 = DIRECTION('',(0.,0.,1.));
#16838 = DIRECTION('',(1.,0.,-0.));
#16839 = ADVANCED_FACE('',(#16840),#16865,.F.);
#16840 = FACE_BOUND('',#16841,.F.);
#16841 = EDGE_LOOP('',(#16842,#16852,#16858,#16859));
#16842 = ORIENTED_EDGE('',*,*,#16843,.T.);
#16843 = EDGE_CURVE('',#16844,#16846,#16848,.T.);
#16844 = VERTEX_POINT('',#16845);
#16845 = CARTESIAN_POINT('',(1.328205850256,-1.2,0.4));
#16846 = VERTEX_POINT('',#16847);
#16847 = CARTESIAN_POINT('',(-1.328205850256,-1.2,0.4));
#16848 = LINE('',#16849,#16850);
#16849 = CARTESIAN_POINT('',(-0.663662816971,-1.2,0.4));
#16850 = VECTOR('',#16851,1.);
#16851 = DIRECTION('',(-1.,0.,0.));
#16852 = ORIENTED_EDGE('',*,*,#16853,.T.);
#16853 = EDGE_CURVE('',#16846,#16758,#16854,.T.);
#16854 = LINE('',#16855,#16856);
#16855 = CARTESIAN_POINT('',(-1.328205850256,-1.2,0.39));
#16856 = VECTOR('',#16857,1.);
#16857 = DIRECTION('',(0.,0.,1.));
#16858 = ORIENTED_EDGE('',*,*,#16757,.T.);
#16859 = ORIENTED_EDGE('',*,*,#16860,.F.);
#16860 = EDGE_CURVE('',#16844,#16760,#16861,.T.);
#16861 = LINE('',#16862,#16863);
#16862 = CARTESIAN_POINT('',(1.328205850256,-1.2,0.39));
#16863 = VECTOR('',#16864,1.);
#16864 = DIRECTION('',(0.,0.,1.));
#16865 = PLANE('',#16866);
#16866 = AXIS2_PLACEMENT_3D('',#16867,#16868,#16869);
#16867 = CARTESIAN_POINT('',(-1.328205850256,-1.2,0.39));
#16868 = DIRECTION('',(0.,1.,0.));
#16869 = DIRECTION('',(1.,0.,0.));
#16870 = ADVANCED_FACE('',(#16871),#16890,.T.);
#16871 = FACE_BOUND('',#16872,.T.);
#16872 = EDGE_LOOP('',(#16873,#16874,#16875,#16883));
#16873 = ORIENTED_EDGE('',*,*,#16853,.T.);
#16874 = ORIENTED_EDGE('',*,*,#16818,.F.);
#16875 = ORIENTED_EDGE('',*,*,#16876,.F.);
#16876 = EDGE_CURVE('',#16877,#16811,#16879,.T.);
#16877 = VERTEX_POINT('',#16878);
#16878 = CARTESIAN_POINT('',(-1.55,-0.978205850256,0.4));
#16879 = LINE('',#16880,#16881);
#16880 = CARTESIAN_POINT('',(-1.55,-0.978205850256,0.39));
#16881 = VECTOR('',#16882,1.);
#16882 = DIRECTION('',(0.,0.,1.));
#16883 = ORIENTED_EDGE('',*,*,#16884,.F.);
#16884 = EDGE_CURVE('',#16846,#16877,#16885,.T.);
#16885 = CIRCLE('',#16886,0.221794149744);
#16886 = AXIS2_PLACEMENT_3D('',#16887,#16888,#16889);
#16887 = CARTESIAN_POINT('',(-1.328205850256,-0.978205850256,0.4));
#16888 = DIRECTION('',(0.,0.,-1.));
#16889 = DIRECTION('',(1.,0.,0.));
#16890 = CYLINDRICAL_SURFACE('',#16891,0.221794149744);
#16891 = AXIS2_PLACEMENT_3D('',#16892,#16893,#16894);
#16892 = CARTESIAN_POINT('',(-1.328205850256,-0.978205850256,0.39));
#16893 = DIRECTION('',(-0.,-0.,-1.));
#16894 = DIRECTION('',(1.,0.,0.));
#16895 = ADVANCED_FACE('',(#16896),#16915,.T.);
#16896 = FACE_BOUND('',#16897,.T.);
#16897 = EDGE_LOOP('',(#16898,#16906,#16907,#16908));
#16898 = ORIENTED_EDGE('',*,*,#16899,.T.);
#16899 = EDGE_CURVE('',#16900,#16768,#16902,.T.);
#16900 = VERTEX_POINT('',#16901);
#16901 = CARTESIAN_POINT('',(1.55,-0.978205850256,0.4));
#16902 = LINE('',#16903,#16904);
#16903 = CARTESIAN_POINT('',(1.55,-0.978205850256,0.39));
#16904 = VECTOR('',#16905,1.);
#16905 = DIRECTION('',(0.,0.,1.));
#16906 = ORIENTED_EDGE('',*,*,#16767,.F.);
#16907 = ORIENTED_EDGE('',*,*,#16860,.F.);
#16908 = ORIENTED_EDGE('',*,*,#16909,.F.);
#16909 = EDGE_CURVE('',#16900,#16844,#16910,.T.);
#16910 = CIRCLE('',#16911,0.221794149744);
#16911 = AXIS2_PLACEMENT_3D('',#16912,#16913,#16914);
#16912 = CARTESIAN_POINT('',(1.328205850256,-0.978205850256,0.4));
#16913 = DIRECTION('',(0.,0.,-1.));
#16914 = DIRECTION('',(1.,0.,0.));
#16915 = CYLINDRICAL_SURFACE('',#16916,0.221794149744);
#16916 = AXIS2_PLACEMENT_3D('',#16917,#16918,#16919);
#16917 = CARTESIAN_POINT('',(1.328205850256,-0.978205850256,0.39));
#16918 = DIRECTION('',(-0.,-0.,-1.));
#16919 = DIRECTION('',(1.,0.,0.));
#16920 = ADVANCED_FACE('',(#16921),#16939,.F.);
#16921 = FACE_BOUND('',#16922,.F.);
#16922 = EDGE_LOOP('',(#16923,#16931,#16937,#16938));
#16923 = ORIENTED_EDGE('',*,*,#16924,.T.);
#16924 = EDGE_CURVE('',#16877,#16925,#16927,.T.);
#16925 = VERTEX_POINT('',#16926);
#16926 = CARTESIAN_POINT('',(-1.55,0.978205850256,0.4));
#16927 = LINE('',#16928,#16929);
#16928 = CARTESIAN_POINT('',(-1.55,0.488660386396,0.4));
#16929 = VECTOR('',#16930,1.);
#16930 = DIRECTION('',(0.,1.,0.));
#16931 = ORIENTED_EDGE('',*,*,#16932,.T.);
#16932 = EDGE_CURVE('',#16925,#16802,#16933,.T.);
#16933 = LINE('',#16934,#16935);
#16934 = CARTESIAN_POINT('',(-1.55,0.978205850256,0.39));
#16935 = VECTOR('',#16936,1.);
#16936 = DIRECTION('',(0.,0.,1.));
#16937 = ORIENTED_EDGE('',*,*,#16810,.T.);
#16938 = ORIENTED_EDGE('',*,*,#16876,.F.);
#16939 = PLANE('',#16940);
#16940 = AXIS2_PLACEMENT_3D('',#16941,#16942,#16943);
#16941 = CARTESIAN_POINT('',(-1.55,0.978205850256,0.39));
#16942 = DIRECTION('',(1.,0.,0.));
#16943 = DIRECTION('',(0.,-1.,0.));
#16944 = ADVANCED_FACE('',(#16945),#16963,.F.);
#16945 = FACE_BOUND('',#16946,.F.);
#16946 = EDGE_LOOP('',(#16947,#16955,#16956,#16957));
#16947 = ORIENTED_EDGE('',*,*,#16948,.T.);
#16948 = EDGE_CURVE('',#16949,#16900,#16951,.T.);
#16949 = VERTEX_POINT('',#16950);
#16950 = CARTESIAN_POINT('',(1.55,0.978205850256,0.4));
#16951 = LINE('',#16952,#16953);
#16952 = CARTESIAN_POINT('',(1.55,-0.48954546386,0.4));
#16953 = VECTOR('',#16954,1.);
#16954 = DIRECTION('',(0.,-1.,0.));
#16955 = ORIENTED_EDGE('',*,*,#16899,.T.);
#16956 = ORIENTED_EDGE('',*,*,#16776,.T.);
#16957 = ORIENTED_EDGE('',*,*,#16958,.F.);
#16958 = EDGE_CURVE('',#16949,#16777,#16959,.T.);
#16959 = LINE('',#16960,#16961);
#16960 = CARTESIAN_POINT('',(1.55,0.978205850256,0.39));
#16961 = VECTOR('',#16962,1.);
#16962 = DIRECTION('',(0.,0.,1.));
#16963 = PLANE('',#16964);
#16964 = AXIS2_PLACEMENT_3D('',#16965,#16966,#16967);
#16965 = CARTESIAN_POINT('',(1.55,-0.978205850256,0.39));
#16966 = DIRECTION('',(-1.,0.,0.));
#16967 = DIRECTION('',(0.,1.,0.));
#16968 = ADVANCED_FACE('',(#16969),#16988,.T.);
#16969 = FACE_BOUND('',#16970,.T.);
#16970 = EDGE_LOOP('',(#16971,#16972,#16973,#16981));
#16971 = ORIENTED_EDGE('',*,*,#16932,.T.);
#16972 = ORIENTED_EDGE('',*,*,#16801,.F.);
#16973 = ORIENTED_EDGE('',*,*,#16974,.F.);
#16974 = EDGE_CURVE('',#16975,#16794,#16977,.T.);
#16975 = VERTEX_POINT('',#16976);
#16976 = CARTESIAN_POINT('',(-1.328205850256,1.2,0.4));
#16977 = LINE('',#16978,#16979);
#16978 = CARTESIAN_POINT('',(-1.328205850256,1.2,0.39));
#16979 = VECTOR('',#16980,1.);
#16980 = DIRECTION('',(0.,0.,1.));
#16981 = ORIENTED_EDGE('',*,*,#16982,.F.);
#16982 = EDGE_CURVE('',#16925,#16975,#16983,.T.);
#16983 = CIRCLE('',#16984,0.221794149744);
#16984 = AXIS2_PLACEMENT_3D('',#16985,#16986,#16987);
#16985 = CARTESIAN_POINT('',(-1.328205850256,0.978205850256,0.4));
#16986 = DIRECTION('',(0.,0.,-1.));
#16987 = DIRECTION('',(1.,0.,0.));
#16988 = CYLINDRICAL_SURFACE('',#16989,0.221794149744);
#16989 = AXIS2_PLACEMENT_3D('',#16990,#16991,#16992);
#16990 = CARTESIAN_POINT('',(-1.328205850256,0.978205850256,0.39));
#16991 = DIRECTION('',(-0.,-0.,-1.));
#16992 = DIRECTION('',(1.,0.,0.));
#16993 = ADVANCED_FACE('',(#16994),#17013,.T.);
#16994 = FACE_BOUND('',#16995,.T.);
#16995 = EDGE_LOOP('',(#16996,#17004,#17005,#17006));
#16996 = ORIENTED_EDGE('',*,*,#16997,.T.);
#16997 = EDGE_CURVE('',#16998,#16785,#17000,.T.);
#16998 = VERTEX_POINT('',#16999);
#16999 = CARTESIAN_POINT('',(1.328205850256,1.2,0.4));
#17000 = LINE('',#17001,#17002);
#17001 = CARTESIAN_POINT('',(1.328205850256,1.2,0.39));
#17002 = VECTOR('',#17003,1.);
#17003 = DIRECTION('',(0.,0.,1.));
#17004 = ORIENTED_EDGE('',*,*,#16784,.F.);
#17005 = ORIENTED_EDGE('',*,*,#16958,.F.);
#17006 = ORIENTED_EDGE('',*,*,#17007,.F.);
#17007 = EDGE_CURVE('',#16998,#16949,#17008,.T.);
#17008 = CIRCLE('',#17009,0.221794149744);
#17009 = AXIS2_PLACEMENT_3D('',#17010,#17011,#17012);
#17010 = CARTESIAN_POINT('',(1.328205850256,0.978205850256,0.4));
#17011 = DIRECTION('',(0.,0.,-1.));
#17012 = DIRECTION('',(1.,0.,0.));
#17013 = CYLINDRICAL_SURFACE('',#17014,0.221794149744);
#17014 = AXIS2_PLACEMENT_3D('',#17015,#17016,#17017);
#17015 = CARTESIAN_POINT('',(1.328205850256,0.978205850256,0.39));
#17016 = DIRECTION('',(-0.,-0.,-1.));
#17017 = DIRECTION('',(1.,0.,0.));
#17018 = ADVANCED_FACE('',(#17019),#17030,.F.);
#17019 = FACE_BOUND('',#17020,.F.);
#17020 = EDGE_LOOP('',(#17021,#17027,#17028,#17029));
#17021 = ORIENTED_EDGE('',*,*,#17022,.T.);
#17022 = EDGE_CURVE('',#16975,#16998,#17023,.T.);
#17023 = LINE('',#17024,#17025);
#17024 = CARTESIAN_POINT('',(0.664543033285,1.2,0.4));
#17025 = VECTOR('',#17026,1.);
#17026 = DIRECTION('',(1.,0.,0.));
#17027 = ORIENTED_EDGE('',*,*,#16997,.T.);
#17028 = ORIENTED_EDGE('',*,*,#16793,.T.);
#17029 = ORIENTED_EDGE('',*,*,#16974,.F.);
#17030 = PLANE('',#17031);
#17031 = AXIS2_PLACEMENT_3D('',#17032,#17033,#17034);
#17032 = CARTESIAN_POINT('',(1.328205850256,1.2,0.39));
#17033 = DIRECTION('',(0.,-1.,0.));
#17034 = DIRECTION('',(-1.,0.,0.));
#17035 = ADVANCED_FACE('',(#17036,#17106),#17116,.T.);
#17036 = FACE_BOUND('',#17037,.T.);
#17037 = EDGE_LOOP('',(#17038,#17048,#17057,#17065,#17074,#17082,#17091,
    #17099));
#17038 = ORIENTED_EDGE('',*,*,#17039,.F.);
#17039 = EDGE_CURVE('',#17040,#17042,#17044,.T.);
#17040 = VERTEX_POINT('',#17041);
#17041 = CARTESIAN_POINT('',(-1.499580396422,1.249506131818,0.4));
#17042 = VERTEX_POINT('',#17043);
#17043 = CARTESIAN_POINT('',(1.500419603578,1.249506131818,0.4));
#17044 = LINE('',#17045,#17046);
#17045 = CARTESIAN_POINT('',(-1.499580396422,1.249506131818,0.4));
#17046 = VECTOR('',#17047,1.);
#17047 = DIRECTION('',(1.,0.,0.));
#17048 = ORIENTED_EDGE('',*,*,#17049,.F.);
#17049 = EDGE_CURVE('',#17050,#17040,#17052,.T.);
#17050 = VERTEX_POINT('',#17051);
#17051 = CARTESIAN_POINT('',(-1.599300724757,1.149785803483,0.4));
#17052 = CIRCLE('',#17053,0.10000039108);
#17053 = AXIS2_PLACEMENT_3D('',#17054,#17055,#17056);
#17054 = CARTESIAN_POINT('',(-1.599580396422,1.249785803483,0.4));
#17055 = DIRECTION('',(0.,0.,1.));
#17056 = DIRECTION('',(1.,0.,-0.));
#17057 = ORIENTED_EDGE('',*,*,#17058,.F.);
#17058 = EDGE_CURVE('',#17059,#17050,#17061,.T.);
#17059 = VERTEX_POINT('',#17060);
#17060 = CARTESIAN_POINT('',(-1.599300724757,-1.150214196517,0.4));
#17061 = LINE('',#17062,#17063);
#17062 = CARTESIAN_POINT('',(-1.599300724757,-1.150214196517,0.4));
#17063 = VECTOR('',#17064,1.);
#17064 = DIRECTION('',(0.,1.,0.));
#17065 = ORIENTED_EDGE('',*,*,#17066,.F.);
#17066 = EDGE_CURVE('',#17067,#17059,#17069,.T.);
#17067 = VERTEX_POINT('',#17068);
#17068 = CARTESIAN_POINT('',(-1.500419603578,-1.251333075338,0.4));
#17069 = CIRCLE('',#17070,0.100006259253);
#17070 = AXIS2_PLACEMENT_3D('',#17071,#17072,#17073);
#17071 = CARTESIAN_POINT('',(-1.600419603578,-1.250214196517,0.4));
#17072 = DIRECTION('',(0.,0.,1.));
#17073 = DIRECTION('',(1.,0.,-0.));
#17074 = ORIENTED_EDGE('',*,*,#17075,.F.);
#17075 = EDGE_CURVE('',#17076,#17067,#17078,.T.);
#17076 = VERTEX_POINT('',#17077);
#17077 = CARTESIAN_POINT('',(1.499580396422,-1.251333075338,0.4));
#17078 = LINE('',#17079,#17080);
#17079 = CARTESIAN_POINT('',(1.499580396422,-1.251333075338,0.4));
#17080 = VECTOR('',#17081,1.);
#17081 = DIRECTION('',(-1.,0.,0.));
#17082 = ORIENTED_EDGE('',*,*,#17083,.F.);
#17083 = EDGE_CURVE('',#17084,#17076,#17086,.T.);
#17084 = VERTEX_POINT('',#17085);
#17085 = CARTESIAN_POINT('',(1.601127668277,-1.149785803483,0.4));
#17086 = CIRCLE('',#17087,0.100011969535);
#17087 = AXIS2_PLACEMENT_3D('',#17088,#17089,#17090);
#17088 = CARTESIAN_POINT('',(1.599580396422,-1.249785803483,0.4));
#17089 = DIRECTION('',(0.,0.,1.));
#17090 = DIRECTION('',(1.,0.,-0.));
#17091 = ORIENTED_EDGE('',*,*,#17092,.F.);
#17092 = EDGE_CURVE('',#17093,#17084,#17095,.T.);
#17093 = VERTEX_POINT('',#17094);
#17094 = CARTESIAN_POINT('',(1.601127668277,1.150214196517,0.4));
#17095 = LINE('',#17096,#17097);
#17096 = CARTESIAN_POINT('',(1.601127668277,1.150214196517,0.4));
#17097 = VECTOR('',#17098,1.);
#17098 = DIRECTION('',(0.,-1.,0.));
#17099 = ORIENTED_EDGE('',*,*,#17100,.F.);
#17100 = EDGE_CURVE('',#17042,#17093,#17101,.T.);
#17101 = CIRCLE('',#17102,0.100002506747);
#17102 = AXIS2_PLACEMENT_3D('',#17103,#17104,#17105);
#17103 = CARTESIAN_POINT('',(1.600419603578,1.250214196517,0.4));
#17104 = DIRECTION('',(0.,0.,1.));
#17105 = DIRECTION('',(1.,0.,-0.));
#17106 = FACE_BOUND('',#17107,.T.);
#17107 = EDGE_LOOP('',(#17108,#17109,#17110,#17111,#17112,#17113,#17114,
    #17115));
#17108 = ORIENTED_EDGE('',*,*,#16909,.T.);
#17109 = ORIENTED_EDGE('',*,*,#16843,.T.);
#17110 = ORIENTED_EDGE('',*,*,#16884,.T.);
#17111 = ORIENTED_EDGE('',*,*,#16924,.T.);
#17112 = ORIENTED_EDGE('',*,*,#16982,.T.);
#17113 = ORIENTED_EDGE('',*,*,#17022,.T.);
#17114 = ORIENTED_EDGE('',*,*,#17007,.T.);
#17115 = ORIENTED_EDGE('',*,*,#16948,.T.);
#17116 = PLANE('',#17117);
#17117 = AXIS2_PLACEMENT_3D('',#17118,#17119,#17120);
#17118 = CARTESIAN_POINT('',(8.802163144183E-04,-8.850774637298E-04,0.4)
  );
#17119 = DIRECTION('',(0.,0.,1.));
#17120 = DIRECTION('',(1.,0.,-0.));
#17121 = ADVANCED_FACE('',(#17122),#17147,.T.);
#17122 = FACE_BOUND('',#17123,.T.);
#17123 = EDGE_LOOP('',(#17124,#17132,#17133,#17141));
#17124 = ORIENTED_EDGE('',*,*,#17125,.T.);
#17125 = EDGE_CURVE('',#17126,#17040,#17128,.T.);
#17126 = VERTEX_POINT('',#17127);
#17127 = CARTESIAN_POINT('',(-1.499580396422,1.249506131818,0.));
#17128 = LINE('',#17129,#17130);
#17129 = CARTESIAN_POINT('',(-1.499580396422,1.249506131818,0.));
#17130 = VECTOR('',#17131,1.);
#17131 = DIRECTION('',(0.,0.,1.));
#17132 = ORIENTED_EDGE('',*,*,#17039,.T.);
#17133 = ORIENTED_EDGE('',*,*,#17134,.F.);
#17134 = EDGE_CURVE('',#17135,#17042,#17137,.T.);
#17135 = VERTEX_POINT('',#17136);
#17136 = CARTESIAN_POINT('',(1.500419603578,1.249506131818,0.));
#17137 = LINE('',#17138,#17139);
#17138 = CARTESIAN_POINT('',(1.500419603578,1.249506131818,0.));
#17139 = VECTOR('',#17140,1.);
#17140 = DIRECTION('',(0.,0.,1.));
#17141 = ORIENTED_EDGE('',*,*,#17142,.F.);
#17142 = EDGE_CURVE('',#17126,#17135,#17143,.T.);
#17143 = LINE('',#17144,#17145);
#17144 = CARTESIAN_POINT('',(-1.499580396422,1.249506131818,0.));
#17145 = VECTOR('',#17146,1.);
#17146 = DIRECTION('',(1.,0.,0.));
#17147 = PLANE('',#17148);
#17148 = AXIS2_PLACEMENT_3D('',#17149,#17150,#17151);
#17149 = CARTESIAN_POINT('',(-1.499580396422,1.249506131818,0.));
#17150 = DIRECTION('',(0.,1.,0.));
#17151 = DIRECTION('',(1.,0.,0.));
#17152 = ADVANCED_FACE('',(#17153),#17172,.F.);
#17153 = FACE_BOUND('',#17154,.F.);
#17154 = EDGE_LOOP('',(#17155,#17164,#17165,#17166));
#17155 = ORIENTED_EDGE('',*,*,#17156,.T.);
#17156 = EDGE_CURVE('',#17157,#17126,#17159,.T.);
#17157 = VERTEX_POINT('',#17158);
#17158 = CARTESIAN_POINT('',(-1.599300724757,1.149785803483,0.));
#17159 = CIRCLE('',#17160,0.10000039108);
#17160 = AXIS2_PLACEMENT_3D('',#17161,#17162,#17163);
#17161 = CARTESIAN_POINT('',(-1.599580396422,1.249785803483,0.));
#17162 = DIRECTION('',(0.,0.,1.));
#17163 = DIRECTION('',(1.,0.,-0.));
#17164 = ORIENTED_EDGE('',*,*,#17125,.T.);
#17165 = ORIENTED_EDGE('',*,*,#17049,.F.);
#17166 = ORIENTED_EDGE('',*,*,#17167,.F.);
#17167 = EDGE_CURVE('',#17157,#17050,#17168,.T.);
#17168 = LINE('',#17169,#17170);
#17169 = CARTESIAN_POINT('',(-1.599300724757,1.149785803483,0.));
#17170 = VECTOR('',#17171,1.);
#17171 = DIRECTION('',(0.,0.,1.));
#17172 = CYLINDRICAL_SURFACE('',#17173,0.10000039108);
#17173 = AXIS2_PLACEMENT_3D('',#17174,#17175,#17176);
#17174 = CARTESIAN_POINT('',(-1.599580396422,1.249785803483,0.));
#17175 = DIRECTION('',(-0.,-0.,-1.));
#17176 = DIRECTION('',(1.,0.,0.));
#17177 = ADVANCED_FACE('',(#17178),#17197,.F.);
#17178 = FACE_BOUND('',#17179,.F.);
#17179 = EDGE_LOOP('',(#17180,#17189,#17195,#17196));
#17180 = ORIENTED_EDGE('',*,*,#17181,.T.);
#17181 = EDGE_CURVE('',#17135,#17182,#17184,.T.);
#17182 = VERTEX_POINT('',#17183);
#17183 = CARTESIAN_POINT('',(1.601127668277,1.150214196517,0.));
#17184 = CIRCLE('',#17185,0.100002506747);
#17185 = AXIS2_PLACEMENT_3D('',#17186,#17187,#17188);
#17186 = CARTESIAN_POINT('',(1.600419603578,1.250214196517,0.));
#17187 = DIRECTION('',(0.,0.,1.));
#17188 = DIRECTION('',(1.,0.,-0.));
#17189 = ORIENTED_EDGE('',*,*,#17190,.T.);
#17190 = EDGE_CURVE('',#17182,#17093,#17191,.T.);
#17191 = LINE('',#17192,#17193);
#17192 = CARTESIAN_POINT('',(1.601127668277,1.150214196517,0.));
#17193 = VECTOR('',#17194,1.);
#17194 = DIRECTION('',(0.,0.,1.));
#17195 = ORIENTED_EDGE('',*,*,#17100,.F.);
#17196 = ORIENTED_EDGE('',*,*,#17134,.F.);
#17197 = CYLINDRICAL_SURFACE('',#17198,0.100002506747);
#17198 = AXIS2_PLACEMENT_3D('',#17199,#17200,#17201);
#17199 = CARTESIAN_POINT('',(1.600419603578,1.250214196517,0.));
#17200 = DIRECTION('',(-0.,-0.,-1.));
#17201 = DIRECTION('',(1.,0.,0.));
#17202 = ADVANCED_FACE('',(#17203),#17221,.T.);
#17203 = FACE_BOUND('',#17204,.T.);
#17204 = EDGE_LOOP('',(#17205,#17213,#17214,#17215));
#17205 = ORIENTED_EDGE('',*,*,#17206,.T.);
#17206 = EDGE_CURVE('',#17207,#17059,#17209,.T.);
#17207 = VERTEX_POINT('',#17208);
#17208 = CARTESIAN_POINT('',(-1.599300724757,-1.150214196517,0.));
#17209 = LINE('',#17210,#17211);
#17210 = CARTESIAN_POINT('',(-1.599300724757,-1.150214196517,0.));
#17211 = VECTOR('',#17212,1.);
#17212 = DIRECTION('',(0.,0.,1.));
#17213 = ORIENTED_EDGE('',*,*,#17058,.T.);
#17214 = ORIENTED_EDGE('',*,*,#17167,.F.);
#17215 = ORIENTED_EDGE('',*,*,#17216,.F.);
#17216 = EDGE_CURVE('',#17207,#17157,#17217,.T.);
#17217 = LINE('',#17218,#17219);
#17218 = CARTESIAN_POINT('',(-1.599300724757,-1.150214196517,0.));
#17219 = VECTOR('',#17220,1.);
#17220 = DIRECTION('',(0.,1.,0.));
#17221 = PLANE('',#17222);
#17222 = AXIS2_PLACEMENT_3D('',#17223,#17224,#17225);
#17223 = CARTESIAN_POINT('',(-1.599300724757,-1.150214196517,0.));
#17224 = DIRECTION('',(-1.,0.,0.));
#17225 = DIRECTION('',(0.,1.,0.));
#17226 = ADVANCED_FACE('',(#17227),#17245,.T.);
#17227 = FACE_BOUND('',#17228,.T.);
#17228 = EDGE_LOOP('',(#17229,#17230,#17231,#17239));
#17229 = ORIENTED_EDGE('',*,*,#17190,.T.);
#17230 = ORIENTED_EDGE('',*,*,#17092,.T.);
#17231 = ORIENTED_EDGE('',*,*,#17232,.F.);
#17232 = EDGE_CURVE('',#17233,#17084,#17235,.T.);
#17233 = VERTEX_POINT('',#17234);
#17234 = CARTESIAN_POINT('',(1.601127668277,-1.149785803483,0.));
#17235 = LINE('',#17236,#17237);
#17236 = CARTESIAN_POINT('',(1.601127668277,-1.149785803483,0.));
#17237 = VECTOR('',#17238,1.);
#17238 = DIRECTION('',(0.,0.,1.));
#17239 = ORIENTED_EDGE('',*,*,#17240,.F.);
#17240 = EDGE_CURVE('',#17182,#17233,#17241,.T.);
#17241 = LINE('',#17242,#17243);
#17242 = CARTESIAN_POINT('',(1.601127668277,1.150214196517,0.));
#17243 = VECTOR('',#17244,1.);
#17244 = DIRECTION('',(0.,-1.,0.));
#17245 = PLANE('',#17246);
#17246 = AXIS2_PLACEMENT_3D('',#17247,#17248,#17249);
#17247 = CARTESIAN_POINT('',(1.601127668277,1.150214196517,0.));
#17248 = DIRECTION('',(1.,0.,0.));
#17249 = DIRECTION('',(0.,-1.,0.));
#17250 = ADVANCED_FACE('',(#17251),#17270,.F.);
#17251 = FACE_BOUND('',#17252,.F.);
#17252 = EDGE_LOOP('',(#17253,#17262,#17263,#17264));
#17253 = ORIENTED_EDGE('',*,*,#17254,.T.);
#17254 = EDGE_CURVE('',#17255,#17207,#17257,.T.);
#17255 = VERTEX_POINT('',#17256);
#17256 = CARTESIAN_POINT('',(-1.500419603578,-1.251333075338,0.));
#17257 = CIRCLE('',#17258,0.100006259253);
#17258 = AXIS2_PLACEMENT_3D('',#17259,#17260,#17261);
#17259 = CARTESIAN_POINT('',(-1.600419603578,-1.250214196517,0.));
#17260 = DIRECTION('',(0.,0.,1.));
#17261 = DIRECTION('',(1.,0.,-0.));
#17262 = ORIENTED_EDGE('',*,*,#17206,.T.);
#17263 = ORIENTED_EDGE('',*,*,#17066,.F.);
#17264 = ORIENTED_EDGE('',*,*,#17265,.F.);
#17265 = EDGE_CURVE('',#17255,#17067,#17266,.T.);
#17266 = LINE('',#17267,#17268);
#17267 = CARTESIAN_POINT('',(-1.500419603578,-1.251333075338,0.));
#17268 = VECTOR('',#17269,1.);
#17269 = DIRECTION('',(0.,0.,1.));
#17270 = CYLINDRICAL_SURFACE('',#17271,0.100006259253);
#17271 = AXIS2_PLACEMENT_3D('',#17272,#17273,#17274);
#17272 = CARTESIAN_POINT('',(-1.600419603578,-1.250214196517,0.));
#17273 = DIRECTION('',(-0.,-0.,-1.));
#17274 = DIRECTION('',(1.,0.,0.));
#17275 = ADVANCED_FACE('',(#17276),#17295,.F.);
#17276 = FACE_BOUND('',#17277,.F.);
#17277 = EDGE_LOOP('',(#17278,#17287,#17293,#17294));
#17278 = ORIENTED_EDGE('',*,*,#17279,.T.);
#17279 = EDGE_CURVE('',#17233,#17280,#17282,.T.);
#17280 = VERTEX_POINT('',#17281);
#17281 = CARTESIAN_POINT('',(1.499580396422,-1.251333075338,0.));
#17282 = CIRCLE('',#17283,0.100011969535);
#17283 = AXIS2_PLACEMENT_3D('',#17284,#17285,#17286);
#17284 = CARTESIAN_POINT('',(1.599580396422,-1.249785803483,0.));
#17285 = DIRECTION('',(0.,0.,1.));
#17286 = DIRECTION('',(1.,0.,-0.));
#17287 = ORIENTED_EDGE('',*,*,#17288,.T.);
#17288 = EDGE_CURVE('',#17280,#17076,#17289,.T.);
#17289 = LINE('',#17290,#17291);
#17290 = CARTESIAN_POINT('',(1.499580396422,-1.251333075338,0.));
#17291 = VECTOR('',#17292,1.);
#17292 = DIRECTION('',(0.,0.,1.));
#17293 = ORIENTED_EDGE('',*,*,#17083,.F.);
#17294 = ORIENTED_EDGE('',*,*,#17232,.F.);
#17295 = CYLINDRICAL_SURFACE('',#17296,0.100011969535);
#17296 = AXIS2_PLACEMENT_3D('',#17297,#17298,#17299);
#17297 = CARTESIAN_POINT('',(1.599580396422,-1.249785803483,0.));
#17298 = DIRECTION('',(-0.,-0.,-1.));
#17299 = DIRECTION('',(1.,0.,0.));
#17300 = ADVANCED_FACE('',(#17301),#17312,.T.);
#17301 = FACE_BOUND('',#17302,.T.);
#17302 = EDGE_LOOP('',(#17303,#17304,#17305,#17306));
#17303 = ORIENTED_EDGE('',*,*,#17288,.T.);
#17304 = ORIENTED_EDGE('',*,*,#17075,.T.);
#17305 = ORIENTED_EDGE('',*,*,#17265,.F.);
#17306 = ORIENTED_EDGE('',*,*,#17307,.F.);
#17307 = EDGE_CURVE('',#17280,#17255,#17308,.T.);
#17308 = LINE('',#17309,#17310);
#17309 = CARTESIAN_POINT('',(1.499580396422,-1.251333075338,0.));
#17310 = VECTOR('',#17311,1.);
#17311 = DIRECTION('',(-1.,0.,0.));
#17312 = PLANE('',#17313);
#17313 = AXIS2_PLACEMENT_3D('',#17314,#17315,#17316);
#17314 = CARTESIAN_POINT('',(1.499580396422,-1.251333075338,0.));
#17315 = DIRECTION('',(0.,-1.,0.));
#17316 = DIRECTION('',(-1.,0.,0.));
#17317 = ADVANCED_FACE('',(#17318),#17328,.F.);
#17318 = FACE_BOUND('',#17319,.T.);
#17319 = EDGE_LOOP('',(#17320,#17321,#17322,#17323,#17324,#17325,#17326,
    #17327));
#17320 = ORIENTED_EDGE('',*,*,#17142,.T.);
#17321 = ORIENTED_EDGE('',*,*,#17181,.T.);
#17322 = ORIENTED_EDGE('',*,*,#17240,.T.);
#17323 = ORIENTED_EDGE('',*,*,#17279,.T.);
#17324 = ORIENTED_EDGE('',*,*,#17307,.T.);
#17325 = ORIENTED_EDGE('',*,*,#17254,.T.);
#17326 = ORIENTED_EDGE('',*,*,#17216,.T.);
#17327 = ORIENTED_EDGE('',*,*,#17156,.T.);
#17328 = PLANE('',#17329);
#17329 = AXIS2_PLACEMENT_3D('',#17330,#17331,#17332);
#17330 = CARTESIAN_POINT('',(8.802163144183E-04,-8.850774637298E-04,0.)
  );
#17331 = DIRECTION('',(0.,0.,1.));
#17332 = DIRECTION('',(1.,0.,-0.));
#17333 = ( GEOMETRIC_REPRESENTATION_CONTEXT(3) 
GLOBAL_UNCERTAINTY_ASSIGNED_CONTEXT((#17337)) 
GLOBAL_UNIT_ASSIGNED_CONTEXT((#17334,#17335,#17336)) 
REPRESENTATION_CONTEXT('Context #1',
  '3D Context with UNIT and UNCERTAINTY') );
#17334 = ( LENGTH_UNIT() NAMED_UNIT(*) SI_UNIT(.MILLI.,.METRE.) );
#17335 = ( NAMED_UNIT(*) PLANE_ANGLE_UNIT() SI_UNIT($,.RADIAN.) );
#17336 = ( NAMED_UNIT(*) SI_UNIT($,.STERADIAN.) SOLID_ANGLE_UNIT() );
#17337 = UNCERTAINTY_MEASURE_WITH_UNIT(LENGTH_MEASURE(1.E-07),#17334,
  'distance_accuracy_value','confusion accuracy');
#17338 = CONTEXT_DEPENDENT_SHAPE_REPRESENTATION(#17339,#17341);
#17339 = ( REPRESENTATION_RELATIONSHIP('','',#16478,#10) 
REPRESENTATION_RELATIONSHIP_WITH_TRANSFORMATION(#17340) 
SHAPE_REPRESENTATION_RELATIONSHIP() );
#17340 = ITEM_DEFINED_TRANSFORMATION('','',#11,#47);
#17341 = PRODUCT_DEFINITION_SHAPE('Placement','Placement of an item',
  #17342);
#17342 = NEXT_ASSEMBLY_USAGE_OCCURRENCE('9','Y1','',#5,#16473,$);
#17343 = PRODUCT_RELATED_PRODUCT_CATEGORY('part',$,(#16475));
#17344 = CONTEXT_DEPENDENT_SHAPE_REPRESENTATION(#17345,#17347);
#17345 = ( REPRESENTATION_RELATIONSHIP('','',#1768,#10) 
REPRESENTATION_RELATIONSHIP_WITH_TRANSFORMATION(#17346) 
SHAPE_REPRESENTATION_RELATIONSHIP() );
#17346 = ITEM_DEFINED_TRANSFORMATION('','',#11,#51);
#17347 = PRODUCT_DEFINITION_SHAPE('Placement','Placement of an item',
  #17348);
#17348 = NEXT_ASSEMBLY_USAGE_OCCURRENCE('10','C3','',#5,#1763,$);
#17349 = CONTEXT_DEPENDENT_SHAPE_REPRESENTATION(#17350,#17352);
#17350 = ( REPRESENTATION_RELATIONSHIP('','',#890,#10) 
REPRESENTATION_RELATIONSHIP_WITH_TRANSFORMATION(#17351) 
SHAPE_REPRESENTATION_RELATIONSHIP() );
#17351 = ITEM_DEFINED_TRANSFORMATION('','',#11,#55);
#17352 = PRODUCT_DEFINITION_SHAPE('Placement','Placement of an item',
  #17353);
#17353 = NEXT_ASSEMBLY_USAGE_OCCURRENCE('11','C6','',#5,#885,$);
#17354 = SHAPE_DEFINITION_REPRESENTATION(#17355,#17361);
#17355 = PRODUCT_DEFINITION_SHAPE('','',#17356);
#17356 = PRODUCT_DEFINITION('design','',#17357,#17360);
#17357 = PRODUCT_DEFINITION_FORMATION('','',#17358);
#17358 = PRODUCT('videoOSD_PCB','videoOSD_PCB','',(#17359));
#17359 = PRODUCT_CONTEXT('',#2,'mechanical');
#17360 = PRODUCT_DEFINITION_CONTEXT('part definition',#2,'design');
#17361 = ADVANCED_BREP_SHAPE_REPRESENTATION('',(#11,#17362),#17941);
#17362 = MANIFOLD_SOLID_BREP('',#17363);
#17363 = CLOSED_SHELL('',(#17364,#17404,#17435,#17466,#17604,#17742,
    #17754,#17771,#17788,#17805,#17822,#17839,#17856,#17873,#17890,
    #17907,#17924));
#17364 = ADVANCED_FACE('',(#17365),#17399,.T.);
#17365 = FACE_BOUND('',#17366,.T.);
#17366 = EDGE_LOOP('',(#17367,#17377,#17385,#17393));
#17367 = ORIENTED_EDGE('',*,*,#17368,.T.);
#17368 = EDGE_CURVE('',#17369,#17371,#17373,.T.);
#17369 = VERTEX_POINT('',#17370);
#17370 = CARTESIAN_POINT('',(6.,-14.5,0.));
#17371 = VERTEX_POINT('',#17372);
#17372 = CARTESIAN_POINT('',(6.,-14.5,1.51));
#17373 = LINE('',#17374,#17375);
#17374 = CARTESIAN_POINT('',(6.,-14.5,0.));
#17375 = VECTOR('',#17376,1.);
#17376 = DIRECTION('',(0.,0.,1.));
#17377 = ORIENTED_EDGE('',*,*,#17378,.T.);
#17378 = EDGE_CURVE('',#17371,#17379,#17381,.T.);
#17379 = VERTEX_POINT('',#17380);
#17380 = CARTESIAN_POINT('',(-6.,-14.5,1.51));
#17381 = LINE('',#17382,#17383);
#17382 = CARTESIAN_POINT('',(6.,-14.5,1.51));
#17383 = VECTOR('',#17384,1.);
#17384 = DIRECTION('',(-1.,0.,0.));
#17385 = ORIENTED_EDGE('',*,*,#17386,.F.);
#17386 = EDGE_CURVE('',#17387,#17379,#17389,.T.);
#17387 = VERTEX_POINT('',#17388);
#17388 = CARTESIAN_POINT('',(-6.,-14.5,0.));
#17389 = LINE('',#17390,#17391);
#17390 = CARTESIAN_POINT('',(-6.,-14.5,0.));
#17391 = VECTOR('',#17392,1.);
#17392 = DIRECTION('',(0.,0.,1.));
#17393 = ORIENTED_EDGE('',*,*,#17394,.F.);
#17394 = EDGE_CURVE('',#17369,#17387,#17395,.T.);
#17395 = LINE('',#17396,#17397);
#17396 = CARTESIAN_POINT('',(6.,-14.5,0.));
#17397 = VECTOR('',#17398,1.);
#17398 = DIRECTION('',(-1.,0.,0.));
#17399 = PLANE('',#17400);
#17400 = AXIS2_PLACEMENT_3D('',#17401,#17402,#17403);
#17401 = CARTESIAN_POINT('',(6.,-14.5,0.));
#17402 = DIRECTION('',(0.,-1.,0.));
#17403 = DIRECTION('',(-1.,0.,0.));
#17404 = ADVANCED_FACE('',(#17405),#17430,.T.);
#17405 = FACE_BOUND('',#17406,.T.);
#17406 = EDGE_LOOP('',(#17407,#17417,#17423,#17424));
#17407 = ORIENTED_EDGE('',*,*,#17408,.T.);
#17408 = EDGE_CURVE('',#17409,#17411,#17413,.T.);
#17409 = VERTEX_POINT('',#17410);
#17410 = CARTESIAN_POINT('',(6.,14.5,0.));
#17411 = VERTEX_POINT('',#17412);
#17412 = CARTESIAN_POINT('',(6.,14.5,1.51));
#17413 = LINE('',#17414,#17415);
#17414 = CARTESIAN_POINT('',(6.,14.5,0.));
#17415 = VECTOR('',#17416,1.);
#17416 = DIRECTION('',(0.,0.,1.));
#17417 = ORIENTED_EDGE('',*,*,#17418,.T.);
#17418 = EDGE_CURVE('',#17411,#17371,#17419,.T.);
#17419 = LINE('',#17420,#17421);
#17420 = CARTESIAN_POINT('',(6.,14.5,1.51));
#17421 = VECTOR('',#17422,1.);
#17422 = DIRECTION('',(0.,-1.,0.));
#17423 = ORIENTED_EDGE('',*,*,#17368,.F.);
#17424 = ORIENTED_EDGE('',*,*,#17425,.F.);
#17425 = EDGE_CURVE('',#17409,#17369,#17426,.T.);
#17426 = LINE('',#17427,#17428);
#17427 = CARTESIAN_POINT('',(6.,14.5,0.));
#17428 = VECTOR('',#17429,1.);
#17429 = DIRECTION('',(0.,-1.,0.));
#17430 = PLANE('',#17431);
#17431 = AXIS2_PLACEMENT_3D('',#17432,#17433,#17434);
#17432 = CARTESIAN_POINT('',(6.,14.5,0.));
#17433 = DIRECTION('',(1.,0.,-0.));
#17434 = DIRECTION('',(0.,-1.,0.));
#17435 = ADVANCED_FACE('',(#17436),#17461,.T.);
#17436 = FACE_BOUND('',#17437,.T.);
#17437 = EDGE_LOOP('',(#17438,#17439,#17447,#17455));
#17438 = ORIENTED_EDGE('',*,*,#17386,.T.);
#17439 = ORIENTED_EDGE('',*,*,#17440,.T.);
#17440 = EDGE_CURVE('',#17379,#17441,#17443,.T.);
#17441 = VERTEX_POINT('',#17442);
#17442 = CARTESIAN_POINT('',(-6.,14.5,1.51));
#17443 = LINE('',#17444,#17445);
#17444 = CARTESIAN_POINT('',(-6.,-14.5,1.51));
#17445 = VECTOR('',#17446,1.);
#17446 = DIRECTION('',(0.,1.,0.));
#17447 = ORIENTED_EDGE('',*,*,#17448,.F.);
#17448 = EDGE_CURVE('',#17449,#17441,#17451,.T.);
#17449 = VERTEX_POINT('',#17450);
#17450 = CARTESIAN_POINT('',(-6.,14.5,0.));
#17451 = LINE('',#17452,#17453);
#17452 = CARTESIAN_POINT('',(-6.,14.5,0.));
#17453 = VECTOR('',#17454,1.);
#17454 = DIRECTION('',(0.,0.,1.));
#17455 = ORIENTED_EDGE('',*,*,#17456,.F.);
#17456 = EDGE_CURVE('',#17387,#17449,#17457,.T.);
#17457 = LINE('',#17458,#17459);
#17458 = CARTESIAN_POINT('',(-6.,-14.5,0.));
#17459 = VECTOR('',#17460,1.);
#17460 = DIRECTION('',(0.,1.,0.));
#17461 = PLANE('',#17462);
#17462 = AXIS2_PLACEMENT_3D('',#17463,#17464,#17465);
#17463 = CARTESIAN_POINT('',(-6.,-14.5,0.));
#17464 = DIRECTION('',(-1.,0.,0.));
#17465 = DIRECTION('',(0.,1.,0.));
#17466 = ADVANCED_FACE('',(#17467,#17478,#17489,#17500,#17511,#17522,
    #17533,#17544,#17555,#17566,#17577,#17588),#17599,.F.);
#17467 = FACE_BOUND('',#17468,.F.);
#17468 = EDGE_LOOP('',(#17469,#17470,#17471,#17477));
#17469 = ORIENTED_EDGE('',*,*,#17394,.F.);
#17470 = ORIENTED_EDGE('',*,*,#17425,.F.);
#17471 = ORIENTED_EDGE('',*,*,#17472,.F.);
#17472 = EDGE_CURVE('',#17449,#17409,#17473,.T.);
#17473 = LINE('',#17474,#17475);
#17474 = CARTESIAN_POINT('',(-6.,14.5,0.));
#17475 = VECTOR('',#17476,1.);
#17476 = DIRECTION('',(1.,0.,0.));
#17477 = ORIENTED_EDGE('',*,*,#17456,.F.);
#17478 = FACE_BOUND('',#17479,.F.);
#17479 = EDGE_LOOP('',(#17480));
#17480 = ORIENTED_EDGE('',*,*,#17481,.F.);
#17481 = EDGE_CURVE('',#17482,#17482,#17484,.T.);
#17482 = VERTEX_POINT('',#17483);
#17483 = CARTESIAN_POINT('',(-3.05,-12.75,0.));
#17484 = CIRCLE('',#17485,1.2);
#17485 = AXIS2_PLACEMENT_3D('',#17486,#17487,#17488);
#17486 = CARTESIAN_POINT('',(-4.25,-12.75,0.));
#17487 = DIRECTION('',(0.,0.,1.));
#17488 = DIRECTION('',(1.,0.,-0.));
#17489 = FACE_BOUND('',#17490,.F.);
#17490 = EDGE_LOOP('',(#17491));
#17491 = ORIENTED_EDGE('',*,*,#17492,.T.);
#17492 = EDGE_CURVE('',#17493,#17493,#17495,.T.);
#17493 = VERTEX_POINT('',#17494);
#17494 = CARTESIAN_POINT('',(-4.75,-10.08,0.));
#17495 = CIRCLE('',#17496,0.25);
#17496 = AXIS2_PLACEMENT_3D('',#17497,#17498,#17499);
#17497 = CARTESIAN_POINT('',(-4.75,-9.83,0.));
#17498 = DIRECTION('',(-0.,0.,-1.));
#17499 = DIRECTION('',(-0.,-1.,0.));
#17500 = FACE_BOUND('',#17501,.F.);
#17501 = EDGE_LOOP('',(#17502));
#17502 = ORIENTED_EDGE('',*,*,#17503,.T.);
#17503 = EDGE_CURVE('',#17504,#17504,#17506,.T.);
#17504 = VERTEX_POINT('',#17505);
#17505 = CARTESIAN_POINT('',(-4.75,-7.54,0.));
#17506 = CIRCLE('',#17507,0.25);
#17507 = AXIS2_PLACEMENT_3D('',#17508,#17509,#17510);
#17508 = CARTESIAN_POINT('',(-4.75,-7.29,0.));
#17509 = DIRECTION('',(-0.,0.,-1.));
#17510 = DIRECTION('',(-0.,-1.,0.));
#17511 = FACE_BOUND('',#17512,.F.);
#17512 = EDGE_LOOP('',(#17513));
#17513 = ORIENTED_EDGE('',*,*,#17514,.T.);
#17514 = EDGE_CURVE('',#17515,#17515,#17517,.T.);
#17515 = VERTEX_POINT('',#17516);
#17516 = CARTESIAN_POINT('',(-4.75,-5.,0.));
#17517 = CIRCLE('',#17518,0.25);
#17518 = AXIS2_PLACEMENT_3D('',#17519,#17520,#17521);
#17519 = CARTESIAN_POINT('',(-4.75,-4.75,0.));
#17520 = DIRECTION('',(-0.,0.,-1.));
#17521 = DIRECTION('',(-0.,-1.,0.));
#17522 = FACE_BOUND('',#17523,.F.);
#17523 = EDGE_LOOP('',(#17524));
#17524 = ORIENTED_EDGE('',*,*,#17525,.T.);
#17525 = EDGE_CURVE('',#17526,#17526,#17528,.T.);
#17526 = VERTEX_POINT('',#17527);
#17527 = CARTESIAN_POINT('',(-4.75,0.17,0.));
#17528 = CIRCLE('',#17529,0.25);
#17529 = AXIS2_PLACEMENT_3D('',#17530,#17531,#17532);
#17530 = CARTESIAN_POINT('',(-4.75,0.42,0.));
#17531 = DIRECTION('',(-0.,0.,-1.));
#17532 = DIRECTION('',(-0.,-1.,0.));
#17533 = FACE_BOUND('',#17534,.F.);
#17534 = EDGE_LOOP('',(#17535));
#17535 = ORIENTED_EDGE('',*,*,#17536,.T.);
#17536 = EDGE_CURVE('',#17537,#17537,#17539,.T.);
#17537 = VERTEX_POINT('',#17538);
#17538 = CARTESIAN_POINT('',(-4.75,2.71,0.));
#17539 = CIRCLE('',#17540,0.25);
#17540 = AXIS2_PLACEMENT_3D('',#17541,#17542,#17543);
#17541 = CARTESIAN_POINT('',(-4.75,2.96,0.));
#17542 = DIRECTION('',(-0.,0.,-1.));
#17543 = DIRECTION('',(-0.,-1.,0.));
#17544 = FACE_BOUND('',#17545,.F.);
#17545 = EDGE_LOOP('',(#17546));
#17546 = ORIENTED_EDGE('',*,*,#17547,.T.);
#17547 = EDGE_CURVE('',#17548,#17548,#17550,.T.);
#17548 = VERTEX_POINT('',#17549);
#17549 = CARTESIAN_POINT('',(-4.75,5.25,0.));
#17550 = CIRCLE('',#17551,0.25);
#17551 = AXIS2_PLACEMENT_3D('',#17552,#17553,#17554);
#17552 = CARTESIAN_POINT('',(-4.75,5.5,0.));
#17553 = DIRECTION('',(-0.,0.,-1.));
#17554 = DIRECTION('',(-0.,-1.,0.));
#17555 = FACE_BOUND('',#17556,.F.);
#17556 = EDGE_LOOP('',(#17557));
#17557 = ORIENTED_EDGE('',*,*,#17558,.F.);
#17558 = EDGE_CURVE('',#17559,#17559,#17561,.T.);
#17559 = VERTEX_POINT('',#17560);
#17560 = CARTESIAN_POINT('',(-3.05,12.75,0.));
#17561 = CIRCLE('',#17562,1.2);
#17562 = AXIS2_PLACEMENT_3D('',#17563,#17564,#17565);
#17563 = CARTESIAN_POINT('',(-4.25,12.75,0.));
#17564 = DIRECTION('',(0.,0.,1.));
#17565 = DIRECTION('',(1.,0.,-0.));
#17566 = FACE_BOUND('',#17567,.F.);
#17567 = EDGE_LOOP('',(#17568));
#17568 = ORIENTED_EDGE('',*,*,#17569,.T.);
#17569 = EDGE_CURVE('',#17570,#17570,#17572,.T.);
#17570 = VERTEX_POINT('',#17571);
#17571 = CARTESIAN_POINT('',(4.75,8.,0.));
#17572 = CIRCLE('',#17573,0.25);
#17573 = AXIS2_PLACEMENT_3D('',#17574,#17575,#17576);
#17574 = CARTESIAN_POINT('',(4.75,8.25,0.));
#17575 = DIRECTION('',(-0.,0.,-1.));
#17576 = DIRECTION('',(-0.,-1.,0.));
#17577 = FACE_BOUND('',#17578,.F.);
#17578 = EDGE_LOOP('',(#17579));
#17579 = ORIENTED_EDGE('',*,*,#17580,.T.);
#17580 = EDGE_CURVE('',#17581,#17581,#17583,.T.);
#17581 = VERTEX_POINT('',#17582);
#17582 = CARTESIAN_POINT('',(4.75,10.54,0.));
#17583 = CIRCLE('',#17584,0.25);
#17584 = AXIS2_PLACEMENT_3D('',#17585,#17586,#17587);
#17585 = CARTESIAN_POINT('',(4.75,10.79,0.));
#17586 = DIRECTION('',(-0.,0.,-1.));
#17587 = DIRECTION('',(-0.,-1.,0.));
#17588 = FACE_BOUND('',#17589,.F.);
#17589 = EDGE_LOOP('',(#17590));
#17590 = ORIENTED_EDGE('',*,*,#17591,.T.);
#17591 = EDGE_CURVE('',#17592,#17592,#17594,.T.);
#17592 = VERTEX_POINT('',#17593);
#17593 = CARTESIAN_POINT('',(4.75,13.08,0.));
#17594 = CIRCLE('',#17595,0.25);
#17595 = AXIS2_PLACEMENT_3D('',#17596,#17597,#17598);
#17596 = CARTESIAN_POINT('',(4.75,13.33,0.));
#17597 = DIRECTION('',(-0.,0.,-1.));
#17598 = DIRECTION('',(-0.,-1.,0.));
#17599 = PLANE('',#17600);
#17600 = AXIS2_PLACEMENT_3D('',#17601,#17602,#17603);
#17601 = CARTESIAN_POINT('',(0.,0.,0.));
#17602 = DIRECTION('',(0.,0.,1.));
#17603 = DIRECTION('',(1.,0.,-0.));
#17604 = ADVANCED_FACE('',(#17605,#17616,#17627,#17638,#17649,#17660,
    #17671,#17682,#17693,#17704,#17715,#17726),#17737,.T.);
#17605 = FACE_BOUND('',#17606,.T.);
#17606 = EDGE_LOOP('',(#17607,#17608,#17609,#17615));
#17607 = ORIENTED_EDGE('',*,*,#17378,.F.);
#17608 = ORIENTED_EDGE('',*,*,#17418,.F.);
#17609 = ORIENTED_EDGE('',*,*,#17610,.F.);
#17610 = EDGE_CURVE('',#17441,#17411,#17611,.T.);
#17611 = LINE('',#17612,#17613);
#17612 = CARTESIAN_POINT('',(-6.,14.5,1.51));
#17613 = VECTOR('',#17614,1.);
#17614 = DIRECTION('',(1.,0.,0.));
#17615 = ORIENTED_EDGE('',*,*,#17440,.F.);
#17616 = FACE_BOUND('',#17617,.T.);
#17617 = EDGE_LOOP('',(#17618));
#17618 = ORIENTED_EDGE('',*,*,#17619,.F.);
#17619 = EDGE_CURVE('',#17620,#17620,#17622,.T.);
#17620 = VERTEX_POINT('',#17621);
#17621 = CARTESIAN_POINT('',(-3.05,-12.75,1.51));
#17622 = CIRCLE('',#17623,1.2);
#17623 = AXIS2_PLACEMENT_3D('',#17624,#17625,#17626);
#17624 = CARTESIAN_POINT('',(-4.25,-12.75,1.51));
#17625 = DIRECTION('',(0.,0.,1.));
#17626 = DIRECTION('',(1.,0.,-0.));
#17627 = FACE_BOUND('',#17628,.T.);
#17628 = EDGE_LOOP('',(#17629));
#17629 = ORIENTED_EDGE('',*,*,#17630,.T.);
#17630 = EDGE_CURVE('',#17631,#17631,#17633,.T.);
#17631 = VERTEX_POINT('',#17632);
#17632 = CARTESIAN_POINT('',(-4.75,-10.08,1.51));
#17633 = CIRCLE('',#17634,0.25);
#17634 = AXIS2_PLACEMENT_3D('',#17635,#17636,#17637);
#17635 = CARTESIAN_POINT('',(-4.75,-9.83,1.51));
#17636 = DIRECTION('',(-0.,0.,-1.));
#17637 = DIRECTION('',(-0.,-1.,0.));
#17638 = FACE_BOUND('',#17639,.T.);
#17639 = EDGE_LOOP('',(#17640));
#17640 = ORIENTED_EDGE('',*,*,#17641,.T.);
#17641 = EDGE_CURVE('',#17642,#17642,#17644,.T.);
#17642 = VERTEX_POINT('',#17643);
#17643 = CARTESIAN_POINT('',(-4.75,-7.54,1.51));
#17644 = CIRCLE('',#17645,0.25);
#17645 = AXIS2_PLACEMENT_3D('',#17646,#17647,#17648);
#17646 = CARTESIAN_POINT('',(-4.75,-7.29,1.51));
#17647 = DIRECTION('',(-0.,0.,-1.));
#17648 = DIRECTION('',(-0.,-1.,0.));
#17649 = FACE_BOUND('',#17650,.T.);
#17650 = EDGE_LOOP('',(#17651));
#17651 = ORIENTED_EDGE('',*,*,#17652,.T.);
#17652 = EDGE_CURVE('',#17653,#17653,#17655,.T.);
#17653 = VERTEX_POINT('',#17654);
#17654 = CARTESIAN_POINT('',(-4.75,-5.,1.51));
#17655 = CIRCLE('',#17656,0.25);
#17656 = AXIS2_PLACEMENT_3D('',#17657,#17658,#17659);
#17657 = CARTESIAN_POINT('',(-4.75,-4.75,1.51));
#17658 = DIRECTION('',(-0.,0.,-1.));
#17659 = DIRECTION('',(-0.,-1.,0.));
#17660 = FACE_BOUND('',#17661,.T.);
#17661 = EDGE_LOOP('',(#17662));
#17662 = ORIENTED_EDGE('',*,*,#17663,.T.);
#17663 = EDGE_CURVE('',#17664,#17664,#17666,.T.);
#17664 = VERTEX_POINT('',#17665);
#17665 = CARTESIAN_POINT('',(-4.75,0.17,1.51));
#17666 = CIRCLE('',#17667,0.25);
#17667 = AXIS2_PLACEMENT_3D('',#17668,#17669,#17670);
#17668 = CARTESIAN_POINT('',(-4.75,0.42,1.51));
#17669 = DIRECTION('',(-0.,0.,-1.));
#17670 = DIRECTION('',(-0.,-1.,0.));
#17671 = FACE_BOUND('',#17672,.T.);
#17672 = EDGE_LOOP('',(#17673));
#17673 = ORIENTED_EDGE('',*,*,#17674,.T.);
#17674 = EDGE_CURVE('',#17675,#17675,#17677,.T.);
#17675 = VERTEX_POINT('',#17676);
#17676 = CARTESIAN_POINT('',(-4.75,2.71,1.51));
#17677 = CIRCLE('',#17678,0.25);
#17678 = AXIS2_PLACEMENT_3D('',#17679,#17680,#17681);
#17679 = CARTESIAN_POINT('',(-4.75,2.96,1.51));
#17680 = DIRECTION('',(-0.,0.,-1.));
#17681 = DIRECTION('',(-0.,-1.,0.));
#17682 = FACE_BOUND('',#17683,.T.);
#17683 = EDGE_LOOP('',(#17684));
#17684 = ORIENTED_EDGE('',*,*,#17685,.T.);
#17685 = EDGE_CURVE('',#17686,#17686,#17688,.T.);
#17686 = VERTEX_POINT('',#17687);
#17687 = CARTESIAN_POINT('',(-4.75,5.25,1.51));
#17688 = CIRCLE('',#17689,0.25);
#17689 = AXIS2_PLACEMENT_3D('',#17690,#17691,#17692);
#17690 = CARTESIAN_POINT('',(-4.75,5.5,1.51));
#17691 = DIRECTION('',(-0.,0.,-1.));
#17692 = DIRECTION('',(-0.,-1.,0.));
#17693 = FACE_BOUND('',#17694,.T.);
#17694 = EDGE_LOOP('',(#17695));
#17695 = ORIENTED_EDGE('',*,*,#17696,.F.);
#17696 = EDGE_CURVE('',#17697,#17697,#17699,.T.);
#17697 = VERTEX_POINT('',#17698);
#17698 = CARTESIAN_POINT('',(-3.05,12.75,1.51));
#17699 = CIRCLE('',#17700,1.2);
#17700 = AXIS2_PLACEMENT_3D('',#17701,#17702,#17703);
#17701 = CARTESIAN_POINT('',(-4.25,12.75,1.51));
#17702 = DIRECTION('',(0.,0.,1.));
#17703 = DIRECTION('',(1.,0.,-0.));
#17704 = FACE_BOUND('',#17705,.T.);
#17705 = EDGE_LOOP('',(#17706));
#17706 = ORIENTED_EDGE('',*,*,#17707,.T.);
#17707 = EDGE_CURVE('',#17708,#17708,#17710,.T.);
#17708 = VERTEX_POINT('',#17709);
#17709 = CARTESIAN_POINT('',(4.75,8.,1.51));
#17710 = CIRCLE('',#17711,0.25);
#17711 = AXIS2_PLACEMENT_3D('',#17712,#17713,#17714);
#17712 = CARTESIAN_POINT('',(4.75,8.25,1.51));
#17713 = DIRECTION('',(-0.,0.,-1.));
#17714 = DIRECTION('',(-0.,-1.,0.));
#17715 = FACE_BOUND('',#17716,.T.);
#17716 = EDGE_LOOP('',(#17717));
#17717 = ORIENTED_EDGE('',*,*,#17718,.T.);
#17718 = EDGE_CURVE('',#17719,#17719,#17721,.T.);
#17719 = VERTEX_POINT('',#17720);
#17720 = CARTESIAN_POINT('',(4.75,10.54,1.51));
#17721 = CIRCLE('',#17722,0.25);
#17722 = AXIS2_PLACEMENT_3D('',#17723,#17724,#17725);
#17723 = CARTESIAN_POINT('',(4.75,10.79,1.51));
#17724 = DIRECTION('',(-0.,0.,-1.));
#17725 = DIRECTION('',(-0.,-1.,0.));
#17726 = FACE_BOUND('',#17727,.T.);
#17727 = EDGE_LOOP('',(#17728));
#17728 = ORIENTED_EDGE('',*,*,#17729,.T.);
#17729 = EDGE_CURVE('',#17730,#17730,#17732,.T.);
#17730 = VERTEX_POINT('',#17731);
#17731 = CARTESIAN_POINT('',(4.75,13.08,1.51));
#17732 = CIRCLE('',#17733,0.25);
#17733 = AXIS2_PLACEMENT_3D('',#17734,#17735,#17736);
#17734 = CARTESIAN_POINT('',(4.75,13.33,1.51));
#17735 = DIRECTION('',(-0.,0.,-1.));
#17736 = DIRECTION('',(-0.,-1.,0.));
#17737 = PLANE('',#17738);
#17738 = AXIS2_PLACEMENT_3D('',#17739,#17740,#17741);
#17739 = CARTESIAN_POINT('',(0.,0.,1.51));
#17740 = DIRECTION('',(0.,0.,1.));
#17741 = DIRECTION('',(1.,0.,-0.));
#17742 = ADVANCED_FACE('',(#17743),#17749,.T.);
#17743 = FACE_BOUND('',#17744,.T.);
#17744 = EDGE_LOOP('',(#17745,#17746,#17747,#17748));
#17745 = ORIENTED_EDGE('',*,*,#17448,.T.);
#17746 = ORIENTED_EDGE('',*,*,#17610,.T.);
#17747 = ORIENTED_EDGE('',*,*,#17408,.F.);
#17748 = ORIENTED_EDGE('',*,*,#17472,.F.);
#17749 = PLANE('',#17750);
#17750 = AXIS2_PLACEMENT_3D('',#17751,#17752,#17753);
#17751 = CARTESIAN_POINT('',(-6.,14.5,0.));
#17752 = DIRECTION('',(0.,1.,0.));
#17753 = DIRECTION('',(1.,0.,0.));
#17754 = ADVANCED_FACE('',(#17755),#17766,.F.);
#17755 = FACE_BOUND('',#17756,.T.);
#17756 = EDGE_LOOP('',(#17757,#17763,#17764,#17765));
#17757 = ORIENTED_EDGE('',*,*,#17758,.T.);
#17758 = EDGE_CURVE('',#17482,#17620,#17759,.T.);
#17759 = LINE('',#17760,#17761);
#17760 = CARTESIAN_POINT('',(-3.05,-12.75,0.));
#17761 = VECTOR('',#17762,1.);
#17762 = DIRECTION('',(0.,0.,1.));
#17763 = ORIENTED_EDGE('',*,*,#17619,.T.);
#17764 = ORIENTED_EDGE('',*,*,#17758,.F.);
#17765 = ORIENTED_EDGE('',*,*,#17481,.F.);
#17766 = CYLINDRICAL_SURFACE('',#17767,1.2);
#17767 = AXIS2_PLACEMENT_3D('',#17768,#17769,#17770);
#17768 = CARTESIAN_POINT('',(-4.25,-12.75,0.));
#17769 = DIRECTION('',(-0.,-0.,-1.));
#17770 = DIRECTION('',(1.,0.,-0.));
#17771 = ADVANCED_FACE('',(#17772),#17783,.F.);
#17772 = FACE_BOUND('',#17773,.T.);
#17773 = EDGE_LOOP('',(#17774,#17775,#17781,#17782));
#17774 = ORIENTED_EDGE('',*,*,#17492,.T.);
#17775 = ORIENTED_EDGE('',*,*,#17776,.T.);
#17776 = EDGE_CURVE('',#17493,#17631,#17777,.T.);
#17777 = LINE('',#17778,#17779);
#17778 = CARTESIAN_POINT('',(-4.75,-10.08,-4.6E-02));
#17779 = VECTOR('',#17780,1.);
#17780 = DIRECTION('',(0.,0.,1.));
#17781 = ORIENTED_EDGE('',*,*,#17630,.F.);
#17782 = ORIENTED_EDGE('',*,*,#17776,.F.);
#17783 = CYLINDRICAL_SURFACE('',#17784,0.25);
#17784 = AXIS2_PLACEMENT_3D('',#17785,#17786,#17787);
#17785 = CARTESIAN_POINT('',(-4.75,-9.83,-4.6E-02));
#17786 = DIRECTION('',(-0.,-0.,-1.));
#17787 = DIRECTION('',(-0.,-1.,0.));
#17788 = ADVANCED_FACE('',(#17789),#17800,.F.);
#17789 = FACE_BOUND('',#17790,.T.);
#17790 = EDGE_LOOP('',(#17791,#17792,#17798,#17799));
#17791 = ORIENTED_EDGE('',*,*,#17503,.T.);
#17792 = ORIENTED_EDGE('',*,*,#17793,.T.);
#17793 = EDGE_CURVE('',#17504,#17642,#17794,.T.);
#17794 = LINE('',#17795,#17796);
#17795 = CARTESIAN_POINT('',(-4.75,-7.54,-4.6E-02));
#17796 = VECTOR('',#17797,1.);
#17797 = DIRECTION('',(0.,0.,1.));
#17798 = ORIENTED_EDGE('',*,*,#17641,.F.);
#17799 = ORIENTED_EDGE('',*,*,#17793,.F.);
#17800 = CYLINDRICAL_SURFACE('',#17801,0.25);
#17801 = AXIS2_PLACEMENT_3D('',#17802,#17803,#17804);
#17802 = CARTESIAN_POINT('',(-4.75,-7.29,-4.6E-02));
#17803 = DIRECTION('',(-0.,-0.,-1.));
#17804 = DIRECTION('',(-0.,-1.,0.));
#17805 = ADVANCED_FACE('',(#17806),#17817,.F.);
#17806 = FACE_BOUND('',#17807,.T.);
#17807 = EDGE_LOOP('',(#17808,#17809,#17815,#17816));
#17808 = ORIENTED_EDGE('',*,*,#17514,.T.);
#17809 = ORIENTED_EDGE('',*,*,#17810,.T.);
#17810 = EDGE_CURVE('',#17515,#17653,#17811,.T.);
#17811 = LINE('',#17812,#17813);
#17812 = CARTESIAN_POINT('',(-4.75,-5.,-4.6E-02));
#17813 = VECTOR('',#17814,1.);
#17814 = DIRECTION('',(0.,0.,1.));
#17815 = ORIENTED_EDGE('',*,*,#17652,.F.);
#17816 = ORIENTED_EDGE('',*,*,#17810,.F.);
#17817 = CYLINDRICAL_SURFACE('',#17818,0.25);
#17818 = AXIS2_PLACEMENT_3D('',#17819,#17820,#17821);
#17819 = CARTESIAN_POINT('',(-4.75,-4.75,-4.6E-02));
#17820 = DIRECTION('',(-0.,-0.,-1.));
#17821 = DIRECTION('',(-0.,-1.,0.));
#17822 = ADVANCED_FACE('',(#17823),#17834,.F.);
#17823 = FACE_BOUND('',#17824,.T.);
#17824 = EDGE_LOOP('',(#17825,#17826,#17832,#17833));
#17825 = ORIENTED_EDGE('',*,*,#17525,.T.);
#17826 = ORIENTED_EDGE('',*,*,#17827,.T.);
#17827 = EDGE_CURVE('',#17526,#17664,#17828,.T.);
#17828 = LINE('',#17829,#17830);
#17829 = CARTESIAN_POINT('',(-4.75,0.17,-4.6E-02));
#17830 = VECTOR('',#17831,1.);
#17831 = DIRECTION('',(0.,0.,1.));
#17832 = ORIENTED_EDGE('',*,*,#17663,.F.);
#17833 = ORIENTED_EDGE('',*,*,#17827,.F.);
#17834 = CYLINDRICAL_SURFACE('',#17835,0.25);
#17835 = AXIS2_PLACEMENT_3D('',#17836,#17837,#17838);
#17836 = CARTESIAN_POINT('',(-4.75,0.42,-4.6E-02));
#17837 = DIRECTION('',(-0.,-0.,-1.));
#17838 = DIRECTION('',(-0.,-1.,0.));
#17839 = ADVANCED_FACE('',(#17840),#17851,.F.);
#17840 = FACE_BOUND('',#17841,.T.);
#17841 = EDGE_LOOP('',(#17842,#17843,#17849,#17850));
#17842 = ORIENTED_EDGE('',*,*,#17536,.T.);
#17843 = ORIENTED_EDGE('',*,*,#17844,.T.);
#17844 = EDGE_CURVE('',#17537,#17675,#17845,.T.);
#17845 = LINE('',#17846,#17847);
#17846 = CARTESIAN_POINT('',(-4.75,2.71,-4.6E-02));
#17847 = VECTOR('',#17848,1.);
#17848 = DIRECTION('',(0.,0.,1.));
#17849 = ORIENTED_EDGE('',*,*,#17674,.F.);
#17850 = ORIENTED_EDGE('',*,*,#17844,.F.);
#17851 = CYLINDRICAL_SURFACE('',#17852,0.25);
#17852 = AXIS2_PLACEMENT_3D('',#17853,#17854,#17855);
#17853 = CARTESIAN_POINT('',(-4.75,2.96,-4.6E-02));
#17854 = DIRECTION('',(-0.,-0.,-1.));
#17855 = DIRECTION('',(-0.,-1.,0.));
#17856 = ADVANCED_FACE('',(#17857),#17868,.F.);
#17857 = FACE_BOUND('',#17858,.T.);
#17858 = EDGE_LOOP('',(#17859,#17860,#17866,#17867));
#17859 = ORIENTED_EDGE('',*,*,#17547,.T.);
#17860 = ORIENTED_EDGE('',*,*,#17861,.T.);
#17861 = EDGE_CURVE('',#17548,#17686,#17862,.T.);
#17862 = LINE('',#17863,#17864);
#17863 = CARTESIAN_POINT('',(-4.75,5.25,-4.6E-02));
#17864 = VECTOR('',#17865,1.);
#17865 = DIRECTION('',(0.,0.,1.));
#17866 = ORIENTED_EDGE('',*,*,#17685,.F.);
#17867 = ORIENTED_EDGE('',*,*,#17861,.F.);
#17868 = CYLINDRICAL_SURFACE('',#17869,0.25);
#17869 = AXIS2_PLACEMENT_3D('',#17870,#17871,#17872);
#17870 = CARTESIAN_POINT('',(-4.75,5.5,-4.6E-02));
#17871 = DIRECTION('',(-0.,-0.,-1.));
#17872 = DIRECTION('',(-0.,-1.,0.));
#17873 = ADVANCED_FACE('',(#17874),#17885,.F.);
#17874 = FACE_BOUND('',#17875,.T.);
#17875 = EDGE_LOOP('',(#17876,#17882,#17883,#17884));
#17876 = ORIENTED_EDGE('',*,*,#17877,.T.);
#17877 = EDGE_CURVE('',#17559,#17697,#17878,.T.);
#17878 = LINE('',#17879,#17880);
#17879 = CARTESIAN_POINT('',(-3.05,12.75,0.));
#17880 = VECTOR('',#17881,1.);
#17881 = DIRECTION('',(0.,0.,1.));
#17882 = ORIENTED_EDGE('',*,*,#17696,.T.);
#17883 = ORIENTED_EDGE('',*,*,#17877,.F.);
#17884 = ORIENTED_EDGE('',*,*,#17558,.F.);
#17885 = CYLINDRICAL_SURFACE('',#17886,1.2);
#17886 = AXIS2_PLACEMENT_3D('',#17887,#17888,#17889);
#17887 = CARTESIAN_POINT('',(-4.25,12.75,0.));
#17888 = DIRECTION('',(-0.,-0.,-1.));
#17889 = DIRECTION('',(1.,0.,-0.));
#17890 = ADVANCED_FACE('',(#17891),#17902,.F.);
#17891 = FACE_BOUND('',#17892,.T.);
#17892 = EDGE_LOOP('',(#17893,#17894,#17900,#17901));
#17893 = ORIENTED_EDGE('',*,*,#17569,.T.);
#17894 = ORIENTED_EDGE('',*,*,#17895,.T.);
#17895 = EDGE_CURVE('',#17570,#17708,#17896,.T.);
#17896 = LINE('',#17897,#17898);
#17897 = CARTESIAN_POINT('',(4.75,8.,-4.6E-02));
#17898 = VECTOR('',#17899,1.);
#17899 = DIRECTION('',(0.,0.,1.));
#17900 = ORIENTED_EDGE('',*,*,#17707,.F.);
#17901 = ORIENTED_EDGE('',*,*,#17895,.F.);
#17902 = CYLINDRICAL_SURFACE('',#17903,0.25);
#17903 = AXIS2_PLACEMENT_3D('',#17904,#17905,#17906);
#17904 = CARTESIAN_POINT('',(4.75,8.25,-4.6E-02));
#17905 = DIRECTION('',(-0.,-0.,-1.));
#17906 = DIRECTION('',(-0.,-1.,0.));
#17907 = ADVANCED_FACE('',(#17908),#17919,.F.);
#17908 = FACE_BOUND('',#17909,.T.);
#17909 = EDGE_LOOP('',(#17910,#17911,#17917,#17918));
#17910 = ORIENTED_EDGE('',*,*,#17580,.T.);
#17911 = ORIENTED_EDGE('',*,*,#17912,.T.);
#17912 = EDGE_CURVE('',#17581,#17719,#17913,.T.);
#17913 = LINE('',#17914,#17915);
#17914 = CARTESIAN_POINT('',(4.75,10.54,-4.6E-02));
#17915 = VECTOR('',#17916,1.);
#17916 = DIRECTION('',(0.,0.,1.));
#17917 = ORIENTED_EDGE('',*,*,#17718,.F.);
#17918 = ORIENTED_EDGE('',*,*,#17912,.F.);
#17919 = CYLINDRICAL_SURFACE('',#17920,0.25);
#17920 = AXIS2_PLACEMENT_3D('',#17921,#17922,#17923);
#17921 = CARTESIAN_POINT('',(4.75,10.79,-4.6E-02));
#17922 = DIRECTION('',(-0.,-0.,-1.));
#17923 = DIRECTION('',(-0.,-1.,0.));
#17924 = ADVANCED_FACE('',(#17925),#17936,.F.);
#17925 = FACE_BOUND('',#17926,.T.);
#17926 = EDGE_LOOP('',(#17927,#17928,#17934,#17935));
#17927 = ORIENTED_EDGE('',*,*,#17591,.T.);
#17928 = ORIENTED_EDGE('',*,*,#17929,.T.);
#17929 = EDGE_CURVE('',#17592,#17730,#17930,.T.);
#17930 = LINE('',#17931,#17932);
#17931 = CARTESIAN_POINT('',(4.75,13.08,-4.6E-02));
#17932 = VECTOR('',#17933,1.);
#17933 = DIRECTION('',(0.,0.,1.));
#17934 = ORIENTED_EDGE('',*,*,#17729,.F.);
#17935 = ORIENTED_EDGE('',*,*,#17929,.F.);
#17936 = CYLINDRICAL_SURFACE('',#17937,0.25);
#17937 = AXIS2_PLACEMENT_3D('',#17938,#17939,#17940);
#17938 = CARTESIAN_POINT('',(4.75,13.33,-4.6E-02));
#17939 = DIRECTION('',(-0.,-0.,-1.));
#17940 = DIRECTION('',(-0.,-1.,0.));
#17941 = ( GEOMETRIC_REPRESENTATION_CONTEXT(3) 
GLOBAL_UNCERTAINTY_ASSIGNED_CONTEXT((#17945)) 
GLOBAL_UNIT_ASSIGNED_CONTEXT((#17942,#17943,#17944)) 
REPRESENTATION_CONTEXT('Context #1',
  '3D Context with UNIT and UNCERTAINTY') );
#17942 = ( LENGTH_UNIT() NAMED_UNIT(*) SI_UNIT(.MILLI.,.METRE.) );
#17943 = ( NAMED_UNIT(*) PLANE_ANGLE_UNIT() SI_UNIT($,.RADIAN.) );
#17944 = ( NAMED_UNIT(*) SI_UNIT($,.STERADIAN.) SOLID_ANGLE_UNIT() );
#17945 = UNCERTAINTY_MEASURE_WITH_UNIT(LENGTH_MEASURE(1.E-07),#17942,
  'distance_accuracy_value','confusion accuracy');
#17946 = CONTEXT_DEPENDENT_SHAPE_REPRESENTATION(#17947,#17949);
#17947 = ( REPRESENTATION_RELATIONSHIP('','',#17361,#10) 
REPRESENTATION_RELATIONSHIP_WITH_TRANSFORMATION(#17948) 
SHAPE_REPRESENTATION_RELATIONSHIP() );
#17948 = ITEM_DEFINED_TRANSFORMATION('','',#11,#59);
#17949 = PRODUCT_DEFINITION_SHAPE('Placement','Placement of an item',
  #17950);
#17950 = NEXT_ASSEMBLY_USAGE_OCCURRENCE('12','=>[0:1:1:7]','',#5,#17356,
  $);
#17951 = PRODUCT_RELATED_PRODUCT_CATEGORY('part',$,(#17358));
#17952 = MECHANICAL_DESIGN_GEOMETRIC_PRESENTATION_REPRESENTATION('',(
    #17953),#17941);
#17953 = STYLED_ITEM('color',(#17954),#17362);
#17954 = PRESENTATION_STYLE_ASSIGNMENT((#17955));
#17955 = SURFACE_STYLE_USAGE(.BOTH.,#17956);
#17956 = SURFACE_SIDE_STYLE('',(#17957));
#17957 = SURFACE_STYLE_FILL_AREA(#17958);
#17958 = FILL_AREA_STYLE('',(#17959));
#17959 = FILL_AREA_STYLE_COLOUR('',#17960);
#17960 = COLOUR_RGB('',0.313304153717,0.484529207832,0.410020903123);
ENDSEC;
END-ISO-10303-21;
